session_id,collection_phase,source_file,timestamp,altitude_m,angle_deg,flatness_std,obstacle_ratio,dev_p50,dev_p75,dev_p90,dev_p95,dev_p99,label
A,outdoor_phase1,session_A.csv,2025-07-31 20:45:56.165,,0.4652927070981027,0.7169161849850285,0.9126415486700568,,,,,,0
A,outdoor_phase1,session_A.csv,2025-07-31 20:45:56.306,,0.4670405162531955,0.7182557700418254,0.9006824780362731,,,,,,0
A,outdoor_phase1,session_A.csv,2025-07-31 20:45:56.369,,0.4710798696784197,0.7289159513650495,0.9131445637380916,,,,,,0
A,outdoor_phase1,session_A.csv,2025-07-31 20:45:56.448,,0.4753771772044954,0.7408684312419871,0.912763255170322,,,,,,0
A,outdoor_phase1,session_A.csv,2025-07-31 20:45:56.527,,0.4710165353110005,0.7254072358468083,0.9211034169599274,,,,,,0
A,outdoor_phase1,session_A.csv,2025-07-31 20:45:56.604,,0.4717060498341618,0.7340661516670877,0.912442396313364,,,,,,0
A,outdoor_phase1,session_A.csv,2025-07-31 20:45:56.678,,0.4755031375149795,0.7371735263662048,0.9206726685918124,,,,,,0
A,outdoor_phase1,session_A.csv,2025-07-31 20:45:56.741,,0.4741015090037394,0.7367412498321906,0.9154980291085506,,,,,,0
A,outdoor_phase1,session_A.csv,2025-07-31 20:45:56.804,,0.4684351585140506,0.7183404079612148,0.9162116040955632,,,,,,0
A,outdoor_phase1,session_A.csv,2025-07-31 20:45:56.882,,0.476517293615016,0.7377254891251772,0.9183839223315642,,,,,,0
A,outdoor_phase1,session_A.csv,2025-07-31 20:45:56.959,,0.4798766657531656,0.7455645544988797,0.9319395523235996,,,,,,0
A,outdoor_phase1,session_A.csv,2025-07-31 20:45:57.023,,0.4722525680166219,0.7180338736069644,0.9134617205400596,,,,,,0
A,outdoor_phase1,session_A.csv,2025-07-31 20:45:57.086,,0.4826238522661936,0.7427119973046264,0.9074442110044858,,,,,,0
A,outdoor_phase1,session_A.csv,2025-07-31 20:45:57.164,,0.4674934941190404,0.7166246051154272,0.9148100352981364,,,,,,0
A,outdoor_phase1,session_A.csv,2025-07-31 20:45:57.240,,0.4736431320453547,0.730876161117959,0.9182495837747844,,,,,,0
A,outdoor_phase1,session_A.csv,2025-07-31 20:45:57.319,,0.4690267655602396,0.7224767541553746,0.907738038888994,,,,,,0
A,outdoor_phase1,session_A.csv,2025-07-31 20:45:57.396,,0.4775364593231941,0.7402205035810079,0.9237952436084804,,,,,,0
A,outdoor_phase1,session_A.csv,2025-07-31 20:45:57.474,,0.4748982364095411,0.7305947121598235,0.92914387724096,,,,,,0
A,outdoor_phase1,session_A.csv,2025-07-31 20:45:57.552,,0.477281045945383,0.7391970219841557,0.9168397187982243,,,,,,0
A,outdoor_phase1,session_A.csv,2025-07-31 20:45:57.614,,0.4779055349908775,0.741780710931248,0.9153057349031524,,,,,,0
A,outdoor_phase1,session_A.csv,2025-07-31 20:45:57.678,,0.4735574096526178,0.7295534022096524,0.9198177676537586,,,,,,0
A,outdoor_phase1,session_A.csv,2025-07-31 20:45:57.741,,0.4751472175376474,0.72877818993311,0.9200691252991,,,,,,0
A,outdoor_phase1,session_A.csv,2025-07-31 20:45:57.803,,0.473186068515482,0.7262317339986305,0.9165168007572172,,,,,,0
A,outdoor_phase1,session_A.csv,2025-07-31 20:45:57.867,,0.4758973513311604,0.7368822509164324,0.9205714285714286,,,,,,0
A,outdoor_phase1,session_A.csv,2025-07-31 20:45:57.930,,0.4749209935269101,0.7348113017390367,0.9230169890920148,,,,,,0
A,outdoor_phase1,session_A.csv,2025-07-31 20:45:58.008,,0.4755919031841926,0.7288555792143762,0.9136054808001666,,,,,,0
A,outdoor_phase1,session_A.csv,2025-07-31 20:45:58.085,,0.4788889862830494,0.7363925368660458,0.9213194589761636,,,,,,0
A,outdoor_phase1,session_A.csv,2025-07-31 20:45:58.146,,0.4760073912304653,0.7332173091538553,0.9190546584792662,,,,,,0
A,outdoor_phase1,session_A.csv,2025-07-31 20:45:58.210,,0.4743555746682429,0.7393816553908965,0.9163244353182752,,,,,,0
A,outdoor_phase1,session_A.csv,2025-07-31 20:45:58.287,,0.4803207120003142,0.7435669464872569,0.9258353244586036,,,,,,0
A,outdoor_phase1,session_A.csv,2025-07-31 20:45:58.366,,0.4660358860098337,0.7145178018726771,0.9240580922328252,,,,,,0
A,outdoor_phase1,session_A.csv,2025-07-31 20:45:58.443,,0.4756635383103819,0.7343990051199244,0.9198216995447648,,,,,,0
A,outdoor_phase1,session_A.csv,2025-07-31 20:45:58.522,,0.472520692335494,0.7327409020040976,0.9221937565233892,,,,,,0
A,outdoor_phase1,session_A.csv,2025-07-31 20:45:58.599,,0.4698403886870052,0.7221613767752284,0.9204929550719684,,,,,,0
A,outdoor_phase1,session_A.csv,2025-07-31 20:45:58.661,,0.4775838596217154,0.7427754008199464,0.9190322580645162,,,,,,0
A,outdoor_phase1,session_A.csv,2025-07-31 20:45:58.736,,0.4747764412739738,0.7293218236916257,0.9168511266246664,,,,,,0
A,outdoor_phase1,session_A.csv,2025-07-31 20:45:58.799,,0.4706168825942497,0.7227438214141,0.9126781354681202,,,,,,0
A,outdoor_phase1,session_A.csv,2025-07-31 20:45:58.862,,0.4791834121169186,0.7431216141698204,0.918193010701771,,,,,,0
A,outdoor_phase1,session_A.csv,2025-07-31 20:45:58.924,,0.4729556505301332,0.7382106832344365,0.920864675936479,,,,,,0
A,outdoor_phase1,session_A.csv,2025-07-31 20:45:58.988,,0.4726209601342706,0.7248444666903074,0.920226843100189,,,,,,0
A,outdoor_phase1,session_A.csv,2025-07-31 20:45:59.052,,0.4750720549960588,0.7296717385498309,0.9113421262685772,,,,,,0
A,outdoor_phase1,session_A.csv,2025-07-31 20:45:59.128,,0.4767805704089623,0.728507617888021,0.9231206210944896,,,,,,0
A,outdoor_phase1,session_A.csv,2025-07-31 20:45:59.193,,0.4765432617493406,0.7335425171014304,0.9128400228267072,,,,,,0
A,outdoor_phase1,session_A.csv,2025-07-31 20:45:59.271,,0.4698708113643666,0.7170046323669289,0.9197348057853608,,,,,,0
A,outdoor_phase1,session_A.csv,2025-07-31 20:45:59.336,,0.4751471851682618,0.7387150781194657,0.9099896040071828,,,,,,0
A,outdoor_phase1,session_A.csv,2025-07-31 20:45:59.411,,0.4757062563426239,0.7390766007954466,0.9207883122812356,,,,,,0
A,outdoor_phase1,session_A.csv,2025-07-31 20:45:59.488,,0.4780744487072112,0.7359639185558902,0.9141381536475144,,,,,,0
A,outdoor_phase1,session_A.csv,2025-07-31 20:45:59.552,,0.4777647778239489,0.7356376872951186,0.9205875646093036,,,,,,0
A,outdoor_phase1,session_A.csv,2025-07-31 20:45:59.616,,0.467547115010565,0.7317624153172941,0.914787062505928,,,,,,0
A,outdoor_phase1,session_A.csv,2025-07-31 20:45:59.692,,0.4742852653359004,0.7376991002921981,0.9184958344428804,,,,,,0
A,outdoor_phase1,session_A.csv,2025-07-31 20:45:59.767,,0.4794997162873058,0.7477319283736866,0.9135469151059986,,,,,,0
A,outdoor_phase1,session_A.csv,2025-07-31 20:45:59.829,,0.4738673082241284,0.7380044310867754,0.914261250118923,,,,,,0
A,outdoor_phase1,session_A.csv,2025-07-31 20:45:59.894,,0.4728130846469747,0.7245857947923663,0.9166493255897544,,,,,,0
A,outdoor_phase1,session_A.csv,2025-07-31 20:45:59.957,,0.4728479040964772,0.7257124409077035,0.9211689913654046,,,,,,0
A,outdoor_phase1,session_A.csv,2025-07-31 20:46:00.021,,0.4734422246258946,0.7359267386358308,0.9120244111757414,,,,,,0
A,outdoor_phase1,session_A.csv,2025-07-31 20:46:00.096,,0.4820244842637183,0.7454638226170935,0.918111370052483,,,,,,0
A,outdoor_phase1,session_A.csv,2025-07-31 20:46:00.157,,0.4733888846691761,0.7301310454212995,0.9178356713426854,,,,,,0
A,outdoor_phase1,session_A.csv,2025-07-31 20:46:00.218,,0.4719668098160789,0.7235439025132758,0.9167203425150608,,,,,,0
A,outdoor_phase1,session_A.csv,2025-07-31 20:46:00.281,,0.4785108138350284,0.7387398968762945,0.926119628426856,,,,,,0
A,outdoor_phase1,session_A.csv,2025-07-31 20:46:00.343,,0.4682679950261011,0.7142669378447412,0.9124820116640158,,,,,,0
A,outdoor_phase1,session_A.csv,2025-07-31 20:46:00.405,,0.4711091465139287,0.7246187033349109,0.922468593915544,,,,,,0
A,outdoor_phase1,session_A.csv,2025-07-31 20:46:00.469,,0.4731733627688282,0.7316419136290969,0.9086602236119008,,,,,,0
A,outdoor_phase1,session_A.csv,2025-07-31 20:46:00.532,,0.4740458985911868,0.7262693473774847,0.910983162559897,,,,,,0
A,outdoor_phase1,session_A.csv,2025-07-31 20:46:00.596,,0.472329585394589,0.7222041981196369,0.9136758773508078,,,,,,0
A,outdoor_phase1,session_A.csv,2025-07-31 20:46:00.674,,0.4788147774043116,0.7351899331257273,0.9212851253016168,,,,,,0
A,outdoor_phase1,session_A.csv,2025-07-31 20:46:00.735,,0.4771627320520768,0.7295147190485689,0.924467459549688,,,,,,0
A,outdoor_phase1,session_A.csv,2025-07-31 20:46:00.813,,0.4749157924303064,0.7394269065013533,0.9175948668151788,,,,,,0
A,outdoor_phase1,session_A.csv,2025-07-31 20:46:00.889,,0.4683480113155999,0.7120693252991392,0.9141424691873824,,,,,,0
A,outdoor_phase1,session_A.csv,2025-07-31 20:46:00.951,,0.4796138830400392,0.7368438251731352,0.9216543439834262,,,,,,0
A,outdoor_phase1,session_A.csv,2025-07-31 20:46:01.029,,0.4772379859208497,0.7404719257003991,0.9223879464116286,,,,,,0
A,outdoor_phase1,session_A.csv,2025-07-31 20:46:01.105,,0.4742711679042687,0.7275058415843765,0.921433846503437,,,,,,0
A,outdoor_phase1,session_A.csv,2025-07-31 20:46:01.169,,0.476715878380202,0.7390388715444036,0.9183241321939044,,,,,,0
A,outdoor_phase1,session_A.csv,2025-07-31 20:46:01.232,,0.471921028847678,0.7268040354489866,0.914593114984698,,,,,,0
A,outdoor_phase1,session_A.csv,2025-07-31 20:46:01.294,,0.4800261433993738,0.7407038193613444,0.9297176479578192,,,,,,0
A,outdoor_phase1,session_A.csv,2025-07-31 20:46:01.356,,0.4771415656021213,0.7354471540902023,0.911246074090892,,,,,,0
A,outdoor_phase1,session_A.csv,2025-07-31 20:46:01.420,,0.471538117484488,0.7216105201375214,0.9170824828003328,,,,,,0
A,outdoor_phase1,session_A.csv,2025-07-31 20:46:01.497,,0.4760360200461074,0.7257244915745947,0.914294942432648,,,,,,0
A,outdoor_phase1,session_A.csv,2025-07-31 20:46:01.560,,0.468621921832192,0.7137697293018088,0.910114706776056,,,,,,0
A,outdoor_phase1,session_A.csv,2025-07-31 20:46:01.623,,0.4735368029109408,0.7249634844587529,0.9157550896384078,,,,,,0
A,outdoor_phase1,session_A.csv,2025-07-31 20:46:01.685,,0.4760197766983304,0.7316028656468937,0.9162419591899064,,,,,,0
A,outdoor_phase1,session_A.csv,2025-07-31 20:46:01.748,,0.4819221825772458,0.7477539399132435,0.9208772798233256,,,,,,0
A,outdoor_phase1,session_A.csv,2025-07-31 20:46:01.812,,0.4821625261225299,0.7385452638218316,0.9178591058127856,,,,,,0
A,outdoor_phase1,session_A.csv,2025-07-31 20:46:01.874,,0.4848740265750345,0.7583321932758543,0.923543504715546,,,,,,0
A,outdoor_phase1,session_A.csv,2025-07-31 20:46:01.937,,0.4738312367731023,0.7296371449904621,0.9174870268620268,,,,,,0
A,outdoor_phase1,session_A.csv,2025-07-31 20:46:01.999,,0.4708280090171029,0.7214585758151406,0.9220320876018238,,,,,,0
A,outdoor_phase1,session_A.csv,2025-07-31 20:46:02.063,,0.47976378785847,0.7475246906841251,0.9172309285865,,,,,,0
A,outdoor_phase1,session_A.csv,2025-07-31 20:46:02.126,,0.474636920558872,0.7295862615937037,0.9258700112259513,,,,,,0
A,outdoor_phase1,session_A.csv,2025-07-31 20:46:02.191,,0.4819818104635194,0.7414731203709986,0.925053574161947,,,,,,0
A,outdoor_phase1,session_A.csv,2025-07-31 20:46:02.267,,0.4788245476303805,0.7444692918021505,0.9165798693305558,,,,,,0
A,outdoor_phase1,session_A.csv,2025-07-31 20:46:02.332,,0.4746675176116351,0.7383850182377323,0.922426435577564,,,,,,0
A,outdoor_phase1,session_A.csv,2025-07-31 20:46:02.410,,0.483520087763282,0.7401942982938222,0.9253887787772528,,,,,,0
A,outdoor_phase1,session_A.csv,2025-07-31 20:46:02.471,,0.4768544418544898,0.7392029020923977,0.9223812683666698,,,,,,0
A,outdoor_phase1,session_A.csv,2025-07-31 20:46:02.533,,0.4751525863278429,0.7335795480437842,0.9185741942831112,,,,,,0
A,outdoor_phase1,session_A.csv,2025-07-31 20:46:02.596,,0.4755277231187061,0.7323702559958053,0.922431666444753,,,,,,0
A,outdoor_phase1,session_A.csv,2025-07-31 20:46:02.659,,0.4779064972835508,0.7315289607223349,0.9158156958944226,,,,,,0
A,outdoor_phase1,session_A.csv,2025-07-31 20:46:02.723,,0.4702161492726296,0.7242442395565573,0.9180721979290892,,,,,,0
A,outdoor_phase1,session_A.csv,2025-07-31 20:46:02.783,,0.4808575110633987,0.73751369123033,0.9262158054711246,,,,,,0
A,outdoor_phase1,session_A.csv,2025-07-31 20:46:02.844,,0.4786309876284417,0.739730172998896,0.9224188734482824,,,,,,0
A,outdoor_phase1,session_A.csv,2025-07-31 20:46:02.908,,0.4730645702523231,0.7301434246352252,0.9147845496160104,,,,,,0
A,outdoor_phase1,session_A.csv,2025-07-31 20:46:02.970,,0.4804904959974886,0.742638325748715,0.9162465779288208,,,,,,0
A,outdoor_phase1,session_A.csv,2025-07-31 20:46:03.032,,0.4736843848742618,0.7330303630096803,0.9099591759232888,,,,,,0
A,outdoor_phase1,session_A.csv,2025-07-31 20:46:03.094,,0.478813014457907,0.7407239213726259,0.91951542684081,,,,,,0
A,outdoor_phase1,session_A.csv,2025-07-31 20:46:03.156,,0.4726639351433233,0.7262854140995562,0.9232214001138304,,,,,,0
A,outdoor_phase1,session_A.csv,2025-07-31 20:46:03.218,,0.477643634025569,0.7389342800740842,0.9154362416107382,,,,,,0
A,outdoor_phase1,session_A.csv,2025-07-31 20:46:03.281,,0.4734320233333031,0.7263047535338556,0.9219433352348356,,,,,,0
A,outdoor_phase1,session_A.csv,2025-07-31 20:46:03.340,,0.4838159745812134,0.7577200505994244,0.922940421354678,,,,,,0
A,outdoor_phase1,session_A.csv,2025-07-31 20:46:03.404,,0.4768208399576886,0.7331015687697607,0.9196188383283448,,,,,,0
A,outdoor_phase1,session_A.csv,2025-07-31 20:46:03.466,,0.4777708942640769,0.7366443055677767,0.924362573986948,,,,,,0
A,outdoor_phase1,session_A.csv,2025-07-31 20:46:03.529,,0.4766587514306069,0.7338180104513112,0.9160060686516216,,,,,,0
A,outdoor_phase1,session_A.csv,2025-07-31 20:46:03.590,,0.4791723042719194,0.7399662682189454,0.9229371688115064,,,,,,0
A,outdoor_phase1,session_A.csv,2025-07-31 20:46:03.652,,0.4765908023530743,0.7309069666309737,0.916341454173455,,,,,,0
A,outdoor_phase1,session_A.csv,2025-07-31 20:46:03.714,,0.4709627363976217,0.7211042394079372,0.920326902974437,,,,,,0
A,outdoor_phase1,session_A.csv,2025-07-31 20:46:03.777,,0.4738288905385979,0.731116478066126,0.9171570587899216,,,,,,0
A,outdoor_phase1,session_A.csv,2025-07-31 20:46:03.839,,0.4735161939609273,0.7210344236422261,0.9204772127130074,,,,,,0
A,outdoor_phase1,session_A.csv,2025-07-31 20:46:03.902,,0.4719474763128357,0.7194279340353102,0.9136716599267148,,,,,,0
A,outdoor_phase1,session_A.csv,2025-07-31 20:46:03.964,,0.4729485708672414,0.7283003940336634,0.9144376899696048,,,,,,0
A,outdoor_phase1,session_A.csv,2025-07-31 20:46:04.027,,0.4779003801376761,0.7410705053402629,0.921857799035797,,,,,,0
A,outdoor_phase1,session_A.csv,2025-07-31 20:46:04.091,,0.474263452563717,0.728076411231512,0.9170956895077794,,,,,,0
A,outdoor_phase1,session_A.csv,2025-07-31 20:46:04.153,,0.4825054316181619,0.746711309003716,0.9192564456721916,,,,,,0
A,outdoor_phase1,session_A.csv,2025-07-31 20:46:04.215,,0.476910464732641,0.7321815929830734,0.9277832153069644,,,,,,0
A,outdoor_phase1,session_A.csv,2025-07-31 20:46:04.279,,0.4792032787010756,0.7318386308226915,0.91981975130243,,,,,,0
A,outdoor_phase1,session_A.csv,2025-07-31 20:46:04.342,,0.474929595892243,0.7396277579087297,0.9126932867292276,,,,,,0
A,outdoor_phase1,session_A.csv,2025-07-31 20:46:04.405,,0.483939321299853,0.7470366736959978,0.920665957931506,,,,,,0
A,outdoor_phase1,session_A.csv,2025-07-31 20:46:04.467,,0.4794125543942337,0.7471205078866429,0.9195378271032476,,,,,,0
A,outdoor_phase1,session_A.csv,2025-07-31 20:46:04.530,,0.4730083199937749,0.726878727334824,0.9156796282895988,,,,,,0
A,outdoor_phase1,session_A.csv,2025-07-31 20:46:04.591,,0.4735620610271517,0.7293350516292711,0.9101968548909112,,,,,,0
A,outdoor_phase1,session_A.csv,2025-07-31 20:46:04.656,,0.4778051938605585,0.7412992054483345,0.904637664719339,,,,,,0
A,outdoor_phase1,session_A.csv,2025-07-31 20:46:04.717,,0.4743330869191181,0.7331106583500396,0.9110631122226645,,,,,,0
A,outdoor_phase1,session_A.csv,2025-07-31 20:46:04.781,,0.4758070594543897,0.7252333688518431,0.9196135997727056,,,,,,0
A,outdoor_phase1,session_A.csv,2025-07-31 20:46:04.843,,0.4738906212003758,0.736545649251867,0.9145046835083736,,,,,,0
A,outdoor_phase1,session_A.csv,2025-07-31 20:46:04.920,,0.4741409060281998,0.7350301738157498,0.9056500584618866,,,,,,0
A,outdoor_phase1,session_A.csv,2025-07-31 20:46:04.980,,0.4762821665154151,0.7264327687900886,0.9268334280841388,,,,,,0
A,outdoor_phase1,session_A.csv,2025-07-31 20:46:05.044,,0.4738047923047824,0.7335820876892319,0.9186776107519952,,,,,,0
A,outdoor_phase1,session_A.csv,2025-07-31 20:46:05.119,,0.4704541900680888,0.7202041512828241,0.9095097258559892,,,,,,0
A,outdoor_phase1,session_A.csv,2025-07-31 20:46:05.182,,0.4755619157894499,0.7346070741282189,0.92138603345598,,,,,,0
A,outdoor_phase1,session_A.csv,2025-07-31 20:46:05.244,,0.4741819098207079,0.727984478342626,0.915736079040012,,,,,,0
A,outdoor_phase1,session_A.csv,2025-07-31 20:46:05.307,,0.4728867884616917,0.7219496401957368,0.9134575412871774,,,,,,0
A,outdoor_phase1,session_A.csv,2025-07-31 20:46:05.370,,0.4781258716612789,0.7405947379831572,0.9143726839597672,,,,,,0
A,outdoor_phase1,session_A.csv,2025-07-31 20:46:05.433,,0.4726713566851232,0.7226119061400252,0.920724071192744,,,,,,0
A,outdoor_phase1,session_A.csv,2025-07-31 20:46:05.496,,0.4711762540367757,0.7216212312723633,0.9142673740253364,,,,,,0
A,outdoor_phase1,session_A.csv,2025-07-31 20:46:05.558,,0.4728949273334745,0.7266165690100082,0.9179305376507166,,,,,,0
A,outdoor_phase1,session_A.csv,2025-07-31 20:46:05.635,,0.4719930083492616,0.7260836981964013,0.9193887405555872,,,,,,0
A,outdoor_phase1,session_A.csv,2025-07-31 20:46:05.698,,0.4681360882459723,0.7158289951662176,0.9176236498010232,,,,,,0
A,outdoor_phase1,session_A.csv,2025-07-31 20:46:05.759,,0.475036304518684,0.7350643913613968,0.9188013900229772,,,,,,0
A,outdoor_phase1,session_A.csv,2025-07-31 20:46:05.822,,0.4748798139508303,0.7341762923853528,0.9089740438966292,,,,,,0
A,outdoor_phase1,session_A.csv,2025-07-31 20:46:05.887,,0.476817204120064,0.7347470990734899,0.9141946555528316,,,,,,0
A,outdoor_phase1,session_A.csv,2025-07-31 20:46:05.966,,0.4733477473846089,0.7277041633161822,0.9151028884274116,,,,,,0
A,outdoor_phase1,session_A.csv,2025-07-31 20:46:06.053,,0.4758332729358598,0.7344543150236038,0.9268269612757988,,,,,,0
A,outdoor_phase1,session_A.csv,2025-07-31 20:46:06.122,,0.4827565825912722,0.7473295713400895,0.9238258223996958,,,,,,0
A,outdoor_phase1,session_A.csv,2025-07-31 20:46:06.200,,0.4776496881644484,0.7399108957681881,0.91740228183078,,,,,,0
A,outdoor_phase1,session_A.csv,2025-07-31 20:46:06.281,,0.4790213370776484,0.7414338156287703,0.9189004609868532,,,,,,0
A,outdoor_phase1,session_A.csv,2025-07-31 20:46:06.359,,0.475091657587658,0.7352366787159125,0.9161059195936084,,,,,,0
A,outdoor_phase1,session_A.csv,2025-07-31 20:46:06.435,,0.4727395031159403,0.7311737170903381,0.9220902612826604,,,,,,0
A,outdoor_phase1,session_A.csv,2025-07-31 20:46:06.514,,0.4726705811446146,0.7208513715139809,0.9248702200079864,,,,,,0
A,outdoor_phase1,session_A.csv,2025-07-31 20:46:06.588,,0.4770121524264833,0.733038394615231,0.9266600783002016,,,,,,0
A,outdoor_phase1,session_A.csv,2025-07-31 20:46:06.683,,0.4778662602347575,0.7363716651015881,0.9181024667931688,,,,,,0
A,outdoor_phase1,session_A.csv,2025-07-31 20:46:06.784,,0.4787276882335581,0.7380201775576549,0.9222897284981963,,,,,,0
A,outdoor_phase1,session_A.csv,2025-07-31 20:46:06.871,,0.469813765624801,0.7111767325937876,0.9200424821726596,,,,,,0
A,outdoor_phase1,session_A.csv,2025-07-31 20:46:06.950,,0.473633257313726,0.7247979481821533,0.9237453382049486,,,,,,0
A,outdoor_phase1,session_A.csv,2025-07-31 20:46:07.164,,0.4774878560004778,0.7469181919528519,0.925187648456057,,,,,,0
A,outdoor_phase1,session_A.csv,2025-07-31 20:46:07.395,,0.4754878099240714,0.7363630119173455,0.9206412294647588,,,,,,0
A,outdoor_phase1,session_A.csv,2025-07-31 20:46:07.531,,0.478852849351692,0.7417717383468377,0.92082406826691,,,,,,0
A,outdoor_phase1,session_A.csv,2025-07-31 20:46:07.622,,0.4699899885736183,0.7293415107412944,0.9191041093290312,,,,,,0
A,outdoor_phase1,session_A.csv,2025-07-31 20:46:07.719,,0.4751032265440125,0.7318344287239148,0.9267246288773302,,,,,,0
A,outdoor_phase1,session_A.csv,2025-07-31 20:46:07.812,,0.477965116893951,0.7394996599412883,0.9212501654408288,,,,,,0
A,outdoor_phase1,session_A.csv,2025-07-31 20:46:07.893,,0.4743755759839049,0.7299440713902988,0.9159000815583332,,,,,,0
A,outdoor_phase1,session_A.csv,2025-07-31 20:46:07.979,,0.4750012622869163,0.7297794298890539,0.9169978426251844,,,,,,0
A,outdoor_phase1,session_A.csv,2025-07-31 20:46:08.065,,0.4843381486146945,0.7546462743359057,0.922041684066664,,,,,,0
A,outdoor_phase1,session_A.csv,2025-07-31 20:46:08.153,,0.4833988953897047,0.7477345090406669,0.9265808809532874,,,,,,0
A,outdoor_phase1,session_A.csv,2025-07-31 20:46:08.235,,0.4747469367739749,0.7310265505715976,0.9255890077265634,,,,,,0
A,outdoor_phase1,session_A.csv,2025-07-31 20:46:08.549,,0.4803895048530096,0.7410604666924663,0.9256232818276614,,,,,,0
A,outdoor_phase1,session_A.csv,2025-07-31 20:46:08.668,,0.4778491682077051,0.7372190412760649,0.912998957049398,,,,,,0
A,outdoor_phase1,session_A.csv,2025-07-31 20:46:08.865,,0.4763544627957299,0.7357268622504236,0.9198010214737322,,,,,,0
A,outdoor_phase1,session_A.csv,2025-07-31 20:46:08.993,,0.4747918459831879,0.726210986673885,0.920836247471788,,,,,,0
A,outdoor_phase1,session_A.csv,2025-07-31 20:46:09.087,,0.4806398288631661,0.7446036657485938,0.9187864511103936,,,,,,0
A,outdoor_phase1,session_A.csv,2025-07-31 20:46:09.168,,0.4780078837580209,0.734837392687959,0.9248697299857888,,,,,,0
A,outdoor_phase1,session_A.csv,2025-07-31 20:46:09.242,,0.4775619583046668,0.7363828400155542,0.9155899273790437,,,,,,0
A,outdoor_phase1,session_A.csv,2025-07-31 20:46:09.319,,0.4720057764945348,0.7318780835631544,0.9231338609576952,,,,,,0
A,outdoor_phase1,session_A.csv,2025-07-31 20:46:09.396,,0.4723420161698721,0.7235898102706155,0.9196455734712504,,,,,,0
A,outdoor_phase1,session_A.csv,2025-07-31 20:46:09.472,,0.4769016139999609,0.7315718405119109,0.9253992395437264,,,,,,0
A,outdoor_phase1,session_A.csv,2025-07-31 20:46:09.551,,0.4778616437290973,0.7436102820357403,0.9277099265685044,,,,,,0
A,outdoor_phase1,session_A.csv,2025-07-31 20:46:09.631,,0.4720678318759523,0.7333257035236574,0.9200719560689264,,,,,,0
A,outdoor_phase1,session_A.csv,2025-07-31 20:46:09.713,,0.4676689412251668,0.7117088248349226,0.9224602993693488,,,,,,0
A,outdoor_phase1,session_A.csv,2025-07-31 20:46:09.788,,0.4732351934235423,0.7324772795944937,0.9269729985788726,,,,,,0
A,outdoor_phase1,session_A.csv,2025-07-31 20:46:09.868,,0.4758106260978492,0.7286742605571455,0.9273465361560058,,,,,,0
A,outdoor_phase1,session_A.csv,2025-07-31 20:46:09.942,,0.4737813565436677,0.7304947312297728,0.9191778998802214,,,,,,0
A,outdoor_phase1,session_A.csv,2025-07-31 20:46:10.022,,0.4776608958688301,0.7336536652217558,0.9217473884140552,,,,,,0
A,outdoor_phase1,session_A.csv,2025-07-31 20:46:10.097,,0.47635675013932,0.7367567306576812,0.9240036542194816,,,,,,0
A,outdoor_phase1,session_A.csv,2025-07-31 20:46:10.177,,0.4768252388866006,0.7265525637627922,0.915878122634368,,,,,,0
A,outdoor_phase1,session_A.csv,2025-07-31 20:46:10.253,,0.4801268303366903,0.7369868620132437,0.9262980304437662,,,,,,0
A,outdoor_phase1,session_A.csv,2025-07-31 20:46:10.332,,0.4737239093254067,0.7312118353235404,0.9245283018867924,,,,,,0
A,outdoor_phase1,session_A.csv,2025-07-31 20:46:10.404,,0.4789868316827205,0.7403026342063689,0.9223371231598392,,,,,,0
A,outdoor_phase1,session_A.csv,2025-07-31 20:46:10.480,,0.4800606792087897,0.7404896006200291,0.9255918398416686,,,,,,0
A,outdoor_phase1,session_A.csv,2025-07-31 20:46:10.546,,0.4748239735810669,0.7402952289697328,0.917112908738749,,,,,,0
A,outdoor_phase1,session_A.csv,2025-07-31 20:46:10.625,,0.482531279744393,0.751893771028235,0.9224910224910224,,,,,,0
A,outdoor_phase1,session_A.csv,2025-07-31 20:46:10.695,,0.4791494533516687,0.7421074081818049,0.9204592981255466,,,,,,0
A,outdoor_phase1,session_A.csv,2025-07-31 20:46:10.763,,0.4854521368631246,0.7539808302293931,0.9252441202173336,,,,,,0
A,outdoor_phase1,session_A.csv,2025-07-31 20:46:10.840,,0.4751363672358075,0.7337637688095875,0.9273296047018674,,,,,,0
A,outdoor_phase1,session_A.csv,2025-07-31 20:46:10.919,,0.4793658068506873,0.7380269672560177,0.9256604274525422,,,,,,0
A,outdoor_phase1,session_A.csv,2025-07-31 20:46:10.994,,0.4841263255160821,0.7507557044015076,0.9201495653494288,,,,,,0
A,outdoor_phase1,session_A.csv,2025-07-31 20:46:11.074,,0.4806840537471051,0.7419807822776353,0.9256268996960486,,,,,,0
A,outdoor_phase1,session_A.csv,2025-07-31 20:46:11.148,,0.4772889743382886,0.7366032811935656,0.9213521446832686,,,,,,0
A,outdoor_phase1,session_A.csv,2025-07-31 20:46:11.225,,0.4817845885544455,0.7459547247030306,0.9205537564153552,,,,,,0
A,outdoor_phase1,session_A.csv,2025-07-31 20:46:11.302,,0.4810014371700349,0.7469962889730443,0.9232024903196416,,,,,,0
A,outdoor_phase1,session_A.csv,2025-07-31 20:46:11.387,,0.4768214436422039,0.7380064599786812,0.9228095500389372,,,,,,0
A,outdoor_phase1,session_A.csv,2025-07-31 20:46:11.460,,0.46929962398771,0.7157875449127667,0.919140536026118,,,,,,0
A,outdoor_phase1,session_A.csv,2025-07-31 20:46:11.535,,0.4749088383239053,0.7351736687387479,0.9168455649068146,,,,,,0
A,outdoor_phase1,session_A.csv,2025-07-31 20:46:11.612,,0.4841649381868326,0.753475646675649,0.9310102411126524,,,,,,0
A,outdoor_phase1,session_A.csv,2025-07-31 20:46:11.693,,0.4794723271018442,0.7379954767564849,0.9229849726775956,,,,,,0
A,outdoor_phase1,session_A.csv,2025-07-31 20:46:11.768,,0.4823329992291319,0.7471943793661975,0.9298525006635574,,,,,,0
A,outdoor_phase1,session_A.csv,2025-07-31 20:46:11.852,,0.4773836008427538,0.730918887383236,0.9192960473858072,,,,,,0
A,outdoor_phase1,session_A.csv,2025-07-31 20:46:11.924,,0.483558560493881,0.7458324635798542,0.9312457454050376,,,,,,0
A,outdoor_phase1,session_A.csv,2025-07-31 20:46:11.999,,0.4786208584469989,0.7437551352405896,0.9201936533151784,,,,,,0
A,outdoor_phase1,session_A.csv,2025-07-31 20:46:12.065,,0.4747257229475221,0.7331026071526779,0.9173762160317068,,,,,,0
A,outdoor_phase1,session_A.csv,2025-07-31 20:46:12.139,,0.479285983174726,0.7366195196359844,0.928822779753866,,,,,,0
A,outdoor_phase1,session_A.csv,2025-07-31 20:46:12.225,,0.4770426016721242,0.7358983250589002,0.917943939451565,,,,,,0
A,outdoor_phase1,session_A.csv,2025-07-31 20:46:12.298,,0.4739039730765574,0.721912032566554,0.9157433012300944,,,,,,0
A,outdoor_phase1,session_A.csv,2025-07-31 20:46:12.380,,0.4706611530801236,0.7307498867070001,0.9316617502458212,,,,,,0
A,outdoor_phase1,session_A.csv,2025-07-31 20:46:12.456,,0.4737035910087138,0.7306314274774479,0.9178881777744412,,,,,,0
A,outdoor_phase1,session_A.csv,2025-07-31 20:46:12.537,,0.470914862254697,0.7300851945099575,0.9143336538280264,,,,,,0
A,outdoor_phase1,session_A.csv,2025-07-31 20:46:12.615,,0.4714750901357317,0.7205327808406731,0.9268869262628364,,,,,,0
A,outdoor_phase1,session_A.csv,2025-07-31 20:46:12.694,,0.4702827267680458,0.7222715121206644,0.9196946159966658,,,,,,0
A,outdoor_phase1,session_A.csv,2025-07-31 20:46:12.785,,0.4679122231912629,0.7217657024701403,0.9076304466282108,,,,,,0
A,outdoor_phase1,session_A.csv,2025-07-31 20:46:12.857,,0.4681783714781964,0.7193305059853946,0.9025034429414984,,,,,,0
A,outdoor_phase1,session_A.csv,2025-07-31 20:46:12.932,,0.4667388819271558,0.7144972107276023,0.911049796347392,,,,,,0
A,outdoor_phase1,session_A.csv,2025-07-31 20:46:13.015,,0.4695884528534323,0.7211358670084305,0.9212357833984044,,,,,,0
A,outdoor_phase1,session_A.csv,2025-07-31 20:46:13.090,,0.4720984029837295,0.734768878284862,0.9164457740078764,,,,,,0
A,outdoor_phase1,session_A.csv,2025-07-31 20:46:13.162,,0.4708969239777452,0.7280420279372062,0.914259419255475,,,,,,0
A,outdoor_phase1,session_A.csv,2025-07-31 20:46:13.228,,0.4706213117252145,0.7253233078182113,0.9081022090091446,,,,,,0
A,outdoor_phase1,session_A.csv,2025-07-31 20:46:13.308,,0.4744187661529891,0.7380443478400361,0.918401630834859,,,,,,0
A,outdoor_phase1,session_A.csv,2025-07-31 20:46:13.383,,0.4804996256140444,0.7451286872802048,0.9156959152798788,,,,,,0
A,outdoor_phase1,session_A.csv,2025-07-31 20:46:13.462,,0.478437245073115,0.7473503347091258,0.9098180439727066,,,,,,0
A,outdoor_phase1,session_A.csv,2025-07-31 20:46:13.555,,0.4757231481935843,0.7388622427451912,0.917154290460191,,,,,,0
A,outdoor_phase1,session_A.csv,2025-07-31 20:46:13.630,,0.4772249184055762,0.7298136280045443,0.9149443110262278,,,,,,0
A,outdoor_phase1,session_A.csv,2025-07-31 20:46:13.710,,0.474993140196303,0.7261100103766746,0.921424522954846,,,,,,0
A,outdoor_phase1,session_A.csv,2025-07-31 20:46:13.792,,0.482077009352478,0.7456729052497854,0.9243716464275628,,,,,,0
A,outdoor_phase1,session_A.csv,2025-07-31 20:46:13.867,,0.4741846771416425,0.7348075039589385,0.9144766737352318,,,,,,0
A,outdoor_phase1,session_A.csv,2025-07-31 20:46:13.938,,0.4744689680746903,0.7309810218195214,0.9141373275878292,,,,,,0
A,outdoor_phase1,session_A.csv,2025-07-31 20:46:14.016,,0.4767954638228939,0.7384146593812583,0.9263134040865656,,,,,,0
A,outdoor_phase1,session_A.csv,2025-07-31 20:46:14.097,,0.4817729103606038,0.7411619246076199,0.9272047296148688,,,,,,0
A,outdoor_phase1,session_A.csv,2025-07-31 20:46:14.185,,0.4809479423712806,0.7473543053299841,0.9217660728117738,,,,,,0
A,outdoor_phase1,session_A.csv,2025-07-31 20:46:14.266,,0.4757223500456132,0.7325991868130595,0.910880789817109,,,,,,0
A,outdoor_phase1,session_A.csv,2025-07-31 20:46:14.355,,0.481216853745691,0.745260453748857,0.9279732309960868,,,,,,0
A,outdoor_phase1,session_A.csv,2025-07-31 20:46:14.438,,0.4811063645262938,0.7399910234347833,0.929840866415037,,,,,,0
A,outdoor_phase1,session_A.csv,2025-07-31 20:46:14.531,,0.4780856082329949,0.7327028250078599,0.9199878769510532,,,,,,0
A,outdoor_phase1,session_A.csv,2025-07-31 20:46:14.625,,0.4719426958929884,0.7243568701893928,0.9222234844181908,,,,,,0
A,outdoor_phase1,session_A.csv,2025-07-31 20:46:14.710,,0.4825526189806454,0.7399052278810795,0.9201566965046082,,,,,,0
A,outdoor_phase1,session_A.csv,2025-07-31 20:46:14.786,,0.4772628875878964,0.7375099509867719,0.9236436831811018,,,,,,0
A,outdoor_phase1,session_A.csv,2025-07-31 20:46:14.869,,0.474129547896243,0.7340787425299059,0.9203882757441636,,,,,,0
A,outdoor_phase1,session_A.csv,2025-07-31 20:46:14.955,,0.4741612757715123,0.734717822528337,0.9166792881484286,,,,,,0
A,outdoor_phase1,session_A.csv,2025-07-31 20:46:15.034,,0.4807708780221471,0.7385483346914938,0.9208994708994708,,,,,,0
A,outdoor_phase1,session_A.csv,2025-07-31 20:46:15.126,,0.4774892551482127,0.7407302177655802,0.9123376623376624,,,,,,0
A,outdoor_phase1,session_A.csv,2025-07-31 20:46:15.242,,0.481626450752783,0.7363805392356136,0.9285809156973986,,,,,,0
A,outdoor_phase1,session_A.csv,2025-07-31 20:46:15.326,,0.469121162756643,0.7229049400173082,0.9144107295729096,,,,,,0
A,outdoor_phase1,session_A.csv,2025-07-31 20:46:15.403,,0.4782322129749188,0.7434484828985027,0.9182079111939022,,,,,,0
A,outdoor_phase1,session_A.csv,2025-07-31 20:46:15.482,,0.4712691934653601,0.7304396448251382,0.9073006633530512,,,,,,0
A,outdoor_phase1,session_A.csv,2025-07-31 20:46:15.556,,0.4774521015823334,0.7323894971151683,0.9133281460535556,,,,,,0
A,outdoor_phase1,session_A.csv,2025-07-31 20:46:15.636,,0.4835423264084884,0.7446462856510009,0.9274712860101676,,,,,,0
A,outdoor_phase1,session_A.csv,2025-07-31 20:46:15.708,,0.4781951980256862,0.742857773133873,0.9217095310136156,,,,,,0
A,outdoor_phase1,session_A.csv,2025-07-31 20:46:15.784,,0.4767562488096694,0.7311044198429584,0.9225574576752104,,,,,,0
A,outdoor_phase1,session_A.csv,2025-07-31 20:46:15.846,,0.4812192086384755,0.7435923694040703,0.9225559927360776,,,,,,0
A,outdoor_phase1,session_A.csv,2025-07-31 20:46:15.924,,0.4768151474537715,0.7337189055817673,0.9240472763088112,,,,,,0
A,outdoor_phase1,session_A.csv,2025-07-31 20:46:15.987,,0.4697140480891278,0.727614885647301,0.9124582320777644,,,,,,0
A,outdoor_phase1,session_A.csv,2025-07-31 20:46:16.064,,0.4760643958897415,0.7322809562941122,0.9195981804397272,,,,,,0
A,outdoor_phase1,session_A.csv,2025-07-31 20:46:16.141,,0.4715606068187171,0.7275488953642607,0.9179112942866866,,,,,,0
A,outdoor_phase1,session_A.csv,2025-07-31 20:46:16.203,,0.4859946980988177,0.748337759391812,0.91931910703804,,,,,,0
A,outdoor_phase1,session_A.csv,2025-07-31 20:46:16.281,,0.476362257260774,0.73401503091001,0.9229532689070864,,,,,,0
A,outdoor_phase1,session_A.csv,2025-07-31 20:46:16.341,,0.4759357237483689,0.7290219437451189,0.916200799711952,,,,,,0
A,outdoor_phase1,session_A.csv,2025-07-31 20:46:16.403,,0.4686262426325633,0.7195208953019925,0.922480180129042,,,,,,0
A,outdoor_phase1,session_A.csv,2025-07-31 20:46:16.466,,0.4805969057987911,0.7409994985045936,0.9136604547785946,,,,,,0
A,outdoor_phase1,session_A.csv,2025-07-31 20:46:16.530,,0.4729272142440675,0.7272183587299141,0.911838124054463,,,,,,0
A,outdoor_phase1,session_A.csv,2025-07-31 20:46:16.609,,0.4765370806641219,0.7316779931994767,0.922998354423197,,,,,,0
A,outdoor_phase1,session_A.csv,2025-07-31 20:46:16.687,,0.4726159677823762,0.724252689516601,0.9191382310660512,,,,,,0
A,outdoor_phase1,session_A.csv,2025-07-31 20:46:16.752,,0.4736971659462218,0.7265741958195735,0.9216911973631868,,,,,,0
A,outdoor_phase1,session_A.csv,2025-07-31 20:46:16.831,,0.4715868042442294,0.7213460356621634,0.9179422978432824,,,,,,0
A,outdoor_phase1,session_A.csv,2025-07-31 20:46:16.911,,0.4755846685963475,0.7295242473018914,0.9163548399289412,,,,,,0
A,outdoor_phase1,session_A.csv,2025-07-31 20:46:16.986,,0.479677198806922,0.7409178008327507,0.92379002445544,,,,,,0
A,outdoor_phase1,session_A.csv,2025-07-31 20:46:17.067,,0.4759667046203071,0.7295314286509859,0.9156313423493484,,,,,,0
A,outdoor_phase1,session_A.csv,2025-07-31 20:46:17.142,,0.4732746290582716,0.7247235100286015,0.916606716898262,,,,,,0
A,outdoor_phase1,session_A.csv,2025-07-31 20:46:17.215,,0.4776609183110277,0.7430796142921137,0.9215675089840852,,,,,,0
A,outdoor_phase1,session_A.csv,2025-07-31 20:46:17.280,,0.4729800879323668,0.7255565635244438,0.922203412397999,,,,,,0
A,outdoor_phase1,session_A.csv,2025-07-31 20:46:17.356,,0.4825393047850403,0.7497006272295449,0.9213641113327634,,,,,,0
A,outdoor_phase1,session_A.csv,2025-07-31 20:46:17.422,,0.4759018692000294,0.7328200526446926,0.9185022443606886,,,,,,0
A,outdoor_phase1,session_A.csv,2025-07-31 20:46:17.498,,0.4812274454772691,0.7418148590184329,0.9185295672532288,,,,,,0
A,outdoor_phase1,session_A.csv,2025-07-31 20:46:17.562,,0.4787710325625775,0.74357890835108,0.921254752851711,,,,,,0
A,outdoor_phase1,session_A.csv,2025-07-31 20:46:17.626,,0.4750574039288551,0.7320721270171748,0.9118555431343198,,,,,,0
A,outdoor_phase1,session_A.csv,2025-07-31 20:46:17.702,,0.4808117153535555,0.7444742068012293,0.9174029602779036,,,,,,0
A,outdoor_phase1,session_A.csv,2025-07-31 20:46:17.765,,0.48114129842626,0.7450173533335444,0.9236678870193676,,,,,,0
A,outdoor_phase1,session_A.csv,2025-07-31 20:46:17.842,,0.4755982134318726,0.7437394587336786,0.9201090971077902,,,,,,0
A,outdoor_phase1,session_A.csv,2025-07-31 20:46:17.920,,0.4807800153255054,0.7455764761887022,0.9188676741055346,,,,,,0
B,outdoor_phase1,session_B.csv,2025-07-31 20:50:56.822,2.720922352895008,0.7265623064042163,1.108553650135497,0.9661626604635134,,,,,,0
B,outdoor_phase1,session_B.csv,2025-07-31 20:50:56.923,2.7210837845768414,0.7319601898835006,1.1206828081881834,0.9567448050832904,,,,,,0
B,outdoor_phase1,session_B.csv,2025-07-31 20:50:56.993,2.722790550543124,0.7280479518085669,1.1051486032631894,0.9569984764929296,,,,,,0
B,outdoor_phase1,session_B.csv,2025-07-31 20:50:57.061,2.73452644001587,0.739982175380354,1.1260846561882003,0.9550750182709256,,,,,,0
B,outdoor_phase1,session_B.csv,2025-07-31 20:50:57.133,2.7265119410328187,0.7341199119114425,1.1197320700657742,0.9551354946681828,,,,,,0
B,outdoor_phase1,session_B.csv,2025-07-31 20:50:57.199,2.7366221713234737,0.7368895752125526,1.112440133787551,0.9465781300203492,,,,,,0
B,outdoor_phase1,session_B.csv,2025-07-31 20:50:57.274,2.7302881812858075,0.7331652293209099,1.1155131011253865,0.9550813789568114,,,,,,0
B,outdoor_phase1,session_B.csv,2025-07-31 20:50:57.353,2.715011645839794,0.7213290002258219,1.0950506397018094,0.9670371546522706,,,,,,0
B,outdoor_phase1,session_B.csv,2025-07-31 20:50:57.430,2.763106607253364,0.7298806607123115,1.0951875370331328,0.9456014920733604,,,,,,0
B,outdoor_phase1,session_B.csv,2025-07-31 20:50:57.506,2.736609849963422,0.7241152805376095,1.1058815230069745,0.9530797621941788,,,,,,0
B,outdoor_phase1,session_B.csv,2025-07-31 20:50:57.584,2.774620553169173,0.6384913746084857,0.9456544695026122,0.937779184038118,,,,,,0
B,outdoor_phase1,session_B.csv,2025-07-31 20:50:57.664,2.744578401473195,0.5675174715011595,0.8526685254211545,0.9451069227981151,,,,,,0
B,outdoor_phase1,session_B.csv,2025-07-31 20:50:57.739,2.739956942154716,0.5427019290761806,0.81838802507571,0.9475303057716664,,,,,,0
B,outdoor_phase1,session_B.csv,2025-07-31 20:50:57.806,2.6858032593982326,0.4642845976191107,0.7097975301841747,0.964094135495873,,,,,,0
B,outdoor_phase1,session_B.csv,2025-07-31 20:50:57.876,2.6400935647973887,0.4329423380584664,0.6602603712528972,0.9369915399462452,,,,,,0
B,outdoor_phase1,session_B.csv,2025-07-31 20:50:57.947,2.669712013552673,0.4463070746481076,0.6888839803330722,0.962514219678229,,,,,,0
B,outdoor_phase1,session_B.csv,2025-07-31 20:50:58.017,2.6471538551346163,0.4686982910939967,0.7106717707217174,0.9427218849378431,,,,,,0
B,outdoor_phase1,session_B.csv,2025-07-31 20:50:58.084,2.6621838750926634,0.4497631645156623,0.6908425958849748,0.960436980859516,,,,,,0
B,outdoor_phase1,session_B.csv,2025-07-31 20:50:58.154,2.6406711649258066,0.5028290661090435,0.7645580483138446,0.9377642298550252,,,,,,0
B,outdoor_phase1,session_B.csv,2025-07-31 20:50:58.226,2.6419635281659746,0.5039709309913405,0.7654304384173009,0.939458301564826,,,,,,0
B,outdoor_phase1,session_B.csv,2025-07-31 20:50:58.291,2.695924741673942,0.5601611983224392,0.8387296182076992,0.9683271888564008,,,,,,0
B,outdoor_phase1,session_B.csv,2025-07-31 20:50:58.367,2.7682451717962064,0.5871567506084034,0.8902016985989869,0.938599510825256,,,,,,0
B,outdoor_phase1,session_B.csv,2025-07-31 20:50:58.443,2.846075922511334,0.573615438003551,0.8605318066783543,0.952723834460688,,,,,,0
B,outdoor_phase1,session_B.csv,2025-07-31 20:50:58.508,2.858825419646316,0.5881105511615237,0.8884720363083763,0.9609749913982,,,,,,0
B,outdoor_phase1,session_B.csv,2025-07-31 20:50:58.581,2.856070442054651,0.6113270486506469,0.924622430309288,0.9717394068181404,,,,,,0
B,outdoor_phase1,session_B.csv,2025-07-31 20:50:58.650,2.849423243011399,0.6095588921047556,0.9180993221294677,0.9694392964860642,,,,,,0
B,outdoor_phase1,session_B.csv,2025-07-31 20:50:58.719,2.840044356400784,0.5822510487648549,0.8842741919275094,0.9485168954402232,,,,,,0
B,outdoor_phase1,session_B.csv,2025-07-31 20:50:58.787,2.8355574161648347,0.5751805337078412,0.870442392195864,0.9445108262727206,,,,,,0
B,outdoor_phase1,session_B.csv,2025-07-31 20:50:58.859,2.836355621191,0.5728274182054438,0.8814253141614319,0.9310282502214108,,,,,,0
B,outdoor_phase1,session_B.csv,2025-07-31 20:50:58.931,2.8102152703308043,0.5118212427394269,0.7911985923747936,0.9025240124214632,,,,,,0
B,outdoor_phase1,session_B.csv,2025-07-31 20:50:58.997,2.8167422950725767,0.5106828796475724,0.7879944209692814,0.8989897167598774,,,,,,0
B,outdoor_phase1,session_B.csv,2025-07-31 20:50:59.070,2.807345696774124,0.4955248594712179,0.779493948826666,0.8978840846366145,,,,,,0
B,outdoor_phase1,session_B.csv,2025-07-31 20:50:59.136,2.804804720773774,0.4913192614780496,0.766516671080188,0.8968611481494828,,,,,,0
B,outdoor_phase1,session_B.csv,2025-07-31 20:50:59.211,2.8108392243185425,0.4858478274428195,0.7643905024807116,0.8960592197687404,,,,,,0
B,outdoor_phase1,session_B.csv,2025-07-31 20:50:59.286,2.8083794163743394,0.4807474766352163,0.7513391402856417,0.9002380437134819,,,,,,0
B,outdoor_phase1,session_B.csv,2025-07-31 20:50:59.351,2.806475980192473,0.4881906495203987,0.763235468755674,0.891067498827519,,,,,,0
B,outdoor_phase1,session_B.csv,2025-07-31 20:50:59.426,2.8068556806677543,0.492289180556321,0.7633164263478798,0.8988705348296795,,,,,,0
B,outdoor_phase1,session_B.csv,2025-07-31 20:50:59.492,2.8057884807521574,0.4882351196374138,0.762608254800934,0.8959854343554522,,,,,,0
B,outdoor_phase1,session_B.csv,2025-07-31 20:50:59.564,2.8098396812587096,0.4923737461690939,0.7787278832516333,0.8971187479715842,,,,,,0
B,outdoor_phase1,session_B.csv,2025-07-31 20:50:59.634,2.8095762756712106,0.4938134980471333,0.7710455689134896,0.8878872020482492,,,,,,0
B,outdoor_phase1,session_B.csv,2025-07-31 20:50:59.706,2.8062539190493103,0.4894306136029738,0.7609735592751722,0.8878079595704359,,,,,,0
B,outdoor_phase1,session_B.csv,2025-07-31 20:50:59.772,2.806921617795234,0.4862340517241881,0.7622836215197453,0.8972301366898691,,,,,,0
B,outdoor_phase1,session_B.csv,2025-07-31 20:50:59.840,2.8074918390825627,0.4864072036214473,0.7667661402196592,0.897836278398846,,,,,,0
B,outdoor_phase1,session_B.csv,2025-07-31 20:50:59.916,2.8064485550720195,0.4901252499586318,0.7647953935950375,0.8986621531591552,,,,,,0
B,outdoor_phase1,session_B.csv,2025-07-31 20:50:59.993,2.807854204663176,0.4887561813794186,0.7660813592608152,0.8976498576217424,,,,,,0
B,outdoor_phase1,session_B.csv,2025-07-31 20:51:00.072,2.803919404200311,0.4913133075716063,0.7619611594704789,0.8982677733670155,,,,,,0
B,outdoor_phase1,session_B.csv,2025-07-31 20:51:00.148,2.8091539698647776,0.5049011421140014,0.7866603666562904,0.9009130936913526,,,,,,0
B,outdoor_phase1,session_B.csv,2025-07-31 20:51:00.224,2.8119299954853205,0.5175231302312334,0.8154383518347498,0.9045573504196373,,,,,,0
B,outdoor_phase1,session_B.csv,2025-07-31 20:51:00.291,2.80706643416425,0.5155910024984779,0.801177422883058,0.919745843787794,,,,,,0
B,outdoor_phase1,session_B.csv,2025-07-31 20:51:00.361,2.8138604479575515,0.5352466458760947,0.8232552843908258,0.9128793352601156,,,,,,0
B,outdoor_phase1,session_B.csv,2025-07-31 20:51:00.428,2.813707366564187,0.5437665064004625,0.8294589812857149,0.9131652155063406,,,,,,0
B,outdoor_phase1,session_B.csv,2025-07-31 20:51:00.497,2.819013868422036,0.5479595803023928,0.8424313993983994,0.9148097948856962,,,,,,0
B,outdoor_phase1,session_B.csv,2025-07-31 20:51:00.568,2.8176077374575272,0.5459871931457098,0.8396282545134065,0.9221929095442882,,,,,,0
B,outdoor_phase1,session_B.csv,2025-07-31 20:51:00.631,2.8158054759444338,0.550890984605117,0.8504290967708391,0.9284333038150832,,,,,,0
B,outdoor_phase1,session_B.csv,2025-07-31 20:51:00.699,2.82135223165622,0.561752438692308,0.8616301943072537,0.9279566003616636,,,,,,0
B,outdoor_phase1,session_B.csv,2025-07-31 20:51:00.771,2.8264795714408613,0.5727002718108158,0.8785706905673609,0.9331392194451478,,,,,,0
B,outdoor_phase1,session_B.csv,2025-07-31 20:51:00.838,2.819324300079164,0.5761519657500966,0.8679890718670501,0.9421707701505516,,,,,,0
B,outdoor_phase1,session_B.csv,2025-07-31 20:51:00.913,2.824203718942342,0.5904344183600627,0.8926401489508989,0.9483079816961782,,,,,,0
B,outdoor_phase1,session_B.csv,2025-07-31 20:51:00.992,2.816991070246252,0.5934861870875582,0.9001949241284652,0.9411050284595583,,,,,,0
B,outdoor_phase1,session_B.csv,2025-07-31 20:51:01.069,2.8184460751595903,0.5995835998366704,0.9048369132526358,0.9405472050477762,,,,,,0
B,outdoor_phase1,session_B.csv,2025-07-31 20:51:01.147,2.8157185762880066,0.5978146920285855,0.8928897355198113,0.9425485569068796,,,,,,0
B,outdoor_phase1,session_B.csv,2025-07-31 20:51:01.223,2.816254937970872,0.5930858189876178,0.8908429190288422,0.9437998549673676,,,,,,0
B,outdoor_phase1,session_B.csv,2025-07-31 20:51:01.293,2.825120313006301,0.5806668197366595,0.8743528700620319,0.9500461530108052,,,,,,0
B,outdoor_phase1,session_B.csv,2025-07-31 20:51:01.368,2.8247453278657977,0.5545750268148256,0.8481641391192175,0.9280680832610582,,,,,,0
B,outdoor_phase1,session_B.csv,2025-07-31 20:51:01.446,2.823762622152884,0.5441821618136848,0.8383553402867618,0.9241414196159196,,,,,,0
B,outdoor_phase1,session_B.csv,2025-07-31 20:51:01.525,2.8209297267275164,0.5468295404560799,0.8352334575412714,0.9124021619276586,,,,,,0
B,outdoor_phase1,session_B.csv,2025-07-31 20:51:01.603,2.822145790383976,0.5367316326475131,0.8278563766950519,0.9013593145584036,,,,,,0
B,outdoor_phase1,session_B.csv,2025-07-31 20:51:01.682,2.818587685817912,0.5180354563327877,0.803371678860235,0.9061427280939476,,,,,,0
B,outdoor_phase1,session_B.csv,2025-07-31 20:51:01.760,2.810837324754172,0.4994750764543069,0.7767866463819425,0.8954391159901777,,,,,,0
B,outdoor_phase1,session_B.csv,2025-07-31 20:51:01.837,2.8134116864316216,0.4899641439076237,0.759301812899146,0.8968821484536825,,,,,,0
B,outdoor_phase1,session_B.csv,2025-07-31 20:51:01.916,2.805659882878908,0.4570315202221009,0.7234740044488426,0.9110870935783122,,,,,,0
B,outdoor_phase1,session_B.csv,2025-07-31 20:51:01.993,2.7937595803970035,0.4287425672358227,0.6784124874534011,0.8883535291791018,,,,,,0
B,outdoor_phase1,session_B.csv,2025-07-31 20:51:02.069,2.7951847827147174,0.4294382433223997,0.6805818158413297,0.8989844522333064,,,,,,0
B,outdoor_phase1,session_B.csv,2025-07-31 20:51:02.146,2.79450653653104,0.4232153275216677,0.6784693376936681,0.8899122175852641,,,,,,0
B,outdoor_phase1,session_B.csv,2025-07-31 20:51:02.224,2.7813683470032387,0.3981224720785918,0.6280940246762451,0.8905219656814303,,,,,,0
B,outdoor_phase1,session_B.csv,2025-07-31 20:51:02.300,2.783660727172593,0.3959265645458036,0.6293368506255804,0.8819609111159015,,,,,,0
B,outdoor_phase1,session_B.csv,2025-07-31 20:51:02.376,2.7754502440451385,0.3778081645036145,0.5996389446847302,0.8883203160068229,,,,,,0
B,outdoor_phase1,session_B.csv,2025-07-31 20:51:02.452,2.7776189495877506,0.3831624083980283,0.6041068835643918,0.8944581081808879,,,,,,0
B,outdoor_phase1,session_B.csv,2025-07-31 20:51:02.525,2.7857400242811603,0.4025857579013381,0.6428108116635165,0.8872278951240959,,,,,,0
B,outdoor_phase1,session_B.csv,2025-07-31 20:51:02.605,2.785819343081644,0.4056035557209157,0.6470579715527657,0.8810403587443946,,,,,,0
B,outdoor_phase1,session_B.csv,2025-07-31 20:51:02.680,2.78566330948595,0.4072812412368854,0.6571652084489819,0.8819917042250992,,,,,,0
B,outdoor_phase1,session_B.csv,2025-07-31 20:51:02.758,2.776795803197408,0.3965663789482958,0.6261650076870448,0.8946385271665919,,,,,,0
B,outdoor_phase1,session_B.csv,2025-07-31 20:51:02.838,2.7798886918768058,0.3993946545444499,0.6390936082035245,0.8929750879460119,,,,,,0
B,outdoor_phase1,session_B.csv,2025-07-31 20:51:02.912,2.780982352477813,0.4026579681880173,0.6434995359492774,0.8880476515124331,,,,,,0
B,outdoor_phase1,session_B.csv,2025-07-31 20:51:02.990,2.781284761573988,0.4037682415963718,0.6463182716617668,0.8800983771362918,,,,,,0
B,outdoor_phase1,session_B.csv,2025-07-31 20:51:03.066,2.7727576024265908,0.3990733003553008,0.6334258698753074,0.8909022340349113,,,,,,0
B,outdoor_phase1,session_B.csv,2025-07-31 20:51:03.146,2.7792499345774595,0.4097367968449087,0.6582529264555292,0.8927417617919449,,,,,,0
B,outdoor_phase1,session_B.csv,2025-07-31 20:51:03.222,2.774502823330344,0.4013882291136776,0.6373496413055048,0.9015790418087206,,,,,,0
B,outdoor_phase1,session_B.csv,2025-07-31 20:51:03.298,2.779630603526837,0.4104635429212665,0.6584319208821606,0.8954574858046431,,,,,,0
B,outdoor_phase1,session_B.csv,2025-07-31 20:51:03.375,2.772447573360881,0.4043290038978832,0.642346874830116,0.8895673569081015,,,,,,0
B,outdoor_phase1,session_B.csv,2025-07-31 20:51:03.451,2.778536484174653,0.4068191545564303,0.6453496148619369,0.8990835579514824,,,,,,0
B,outdoor_phase1,session_B.csv,2025-07-31 20:51:03.526,2.771405373316482,0.4035767878853009,0.6423897062129612,0.886286423037515,,,,,,0
B,outdoor_phase1,session_B.csv,2025-07-31 20:51:03.605,2.7707192688457307,0.4002607708621863,0.6348328323108414,0.8855285370496749,,,,,,0
B,outdoor_phase1,session_B.csv,2025-07-31 20:51:03.683,2.7715101140447738,0.399279042654419,0.6322042985056302,0.8896369708068512,,,,,,0
B,outdoor_phase1,session_B.csv,2025-07-31 20:51:03.758,2.775379343692108,0.4064377811252599,0.6506061231590127,0.8813671959192471,,,,,,0
B,outdoor_phase1,session_B.csv,2025-07-31 20:51:03.835,2.7651308735129474,0.4004438319587189,0.6313350636788603,0.890880706287683,,,,,,0
B,outdoor_phase1,session_B.csv,2025-07-31 20:51:03.911,2.7647056925583646,0.3989669926159603,0.6386076245102535,0.8846271256442026,,,,,,0
B,outdoor_phase1,session_B.csv,2025-07-31 20:51:03.986,2.7694015334086672,0.4117165065557188,0.6613203596539171,0.8807153127246585,,,,,,0
B,outdoor_phase1,session_B.csv,2025-07-31 20:51:04.064,2.763051063741519,0.4094663768484754,0.6536706227975025,0.8786216571048324,,,,,,0
B,outdoor_phase1,session_B.csv,2025-07-31 20:51:04.135,2.7692765819228007,0.4143554420827841,0.6670052963951232,0.8894701831975981,,,,,,0
B,outdoor_phase1,session_B.csv,2025-07-31 20:51:04.210,2.770366363203644,0.4159142941775317,0.6576986929867104,0.8918850897062525,,,,,,0
B,outdoor_phase1,session_B.csv,2025-07-31 20:51:04.292,2.764411817722307,0.4140687684477807,0.6566905721988627,0.8781540564358038,,,,,,0
B,outdoor_phase1,session_B.csv,2025-07-31 20:51:04.369,2.767053191844897,0.416674834685897,0.660556834645984,0.8920085616130367,,,,,,0
B,outdoor_phase1,session_B.csv,2025-07-31 20:51:04.445,2.769442843247349,0.4379477101389092,0.6978325553301643,0.8856032808115691,,,,,,0
B,outdoor_phase1,session_B.csv,2025-07-31 20:51:04.523,2.776042575179878,0.4538706051699347,0.7240598914650218,0.8996221662468514,,,,,,0
B,outdoor_phase1,session_B.csv,2025-07-31 20:51:04.601,2.772790123423205,0.4447646718500461,0.7060102467261475,0.8912980890344405,,,,,,0
B,outdoor_phase1,session_B.csv,2025-07-31 20:51:04.679,2.770104472831034,0.4304352941267351,0.6849451212575699,0.8923317627594145,,,,,,0
B,outdoor_phase1,session_B.csv,2025-07-31 20:51:04.757,2.772771124065968,0.4527158789632972,0.7055680169584287,0.8819674492294397,,,,,,0
B,outdoor_phase1,session_B.csv,2025-07-31 20:51:04.833,2.7751134088305176,0.4945959369537778,0.7625156751726925,0.9114504367915672,,,,,,0
B,outdoor_phase1,session_B.csv,2025-07-31 20:51:04.911,2.801559016673494,0.5516841596552133,0.8410777042350477,0.9223260606279712,,,,,,0
B,outdoor_phase1,session_B.csv,2025-07-31 20:51:04.986,2.798849571344012,0.5578882864728257,0.8420762741060837,0.9292934782608696,,,,,,0
B,outdoor_phase1,session_B.csv,2025-07-31 20:51:05.061,2.811622459869476,0.6367210102868929,0.9459086434216988,0.9473072593238188,,,,,,0
B,outdoor_phase1,session_B.csv,2025-07-31 20:51:05.135,2.801415191435105,0.6895123111957348,1.0162309327720354,0.9502620919704552,,,,,,0
B,outdoor_phase1,session_B.csv,2025-07-31 20:51:05.209,2.5621768920976,0.5695370659638098,0.9205756457741896,0.8887600453049997,,,,,,0
B,outdoor_phase1,session_B.csv,2025-07-31 20:51:05.290,2.713999076740908,0.8728950940061166,1.2414188614143336,0.9748837525031396,,,,,,0
B,outdoor_phase1,session_B.csv,2025-07-31 20:51:05.366,3.1485982149454785,0.4257517202832736,1.1036962321606032,0.961798365122616,,,,,,0
B,outdoor_phase1,session_B.csv,2025-07-31 20:51:05.446,3.386283669300198,0.1878604867699685,0.8542105679395978,0.9505944452666372,,,,,,0
B,outdoor_phase1,session_B.csv,2025-07-31 20:51:05.523,2.774134492684397,0.6260884267596599,0.8357324989973045,0.9986009011145364,,,,,,0
B,outdoor_phase1,session_B.csv,2025-07-31 20:51:07.300,2.7319999462801565,0.7601521825198578,1.2325829622109534,0.9910643841397404,,,,,,0
B,outdoor_phase1,session_B.csv,2025-07-31 20:51:07.378,2.925775850207057,0.7157173150443109,1.1788006509264968,0.9807395427479232,,,,,,0
B,outdoor_phase1,session_B.csv,2025-07-31 20:51:07.454,3.064130849609808,0.6274169832606524,1.0744505131917002,0.9611440021859914,,,,,,0
B,outdoor_phase1,session_B.csv,2025-07-31 20:51:07.531,3.0115439981979364,0.4553229293760836,0.8483096194859769,0.9523043160204828,,,,,,0
B,outdoor_phase1,session_B.csv,2025-07-31 20:51:07.604,2.958546844672677,0.3520759217408532,0.6755985040643849,0.9617750679980284,,,,,,0
B,outdoor_phase1,session_B.csv,2025-07-31 20:51:07.685,2.980159010500864,0.3138346117022185,0.6223821731476559,0.9486865884156916,,,,,,0
B,outdoor_phase1,session_B.csv,2025-07-31 20:51:07.759,2.995330786403805,0.3116469142032691,0.6072049837570291,0.9447651654495456,,,,,,0
B,outdoor_phase1,session_B.csv,2025-07-31 20:51:07.836,2.9971110286433635,0.3060310715909852,0.5965891464869376,0.93561558933975,,,,,,0
B,outdoor_phase1,session_B.csv,2025-07-31 20:51:07.913,3.020273805406592,0.2779040127268234,0.552160505432258,0.9357226192212338,,,,,,0
B,outdoor_phase1,session_B.csv,2025-07-31 20:51:07.988,3.0339744618644224,0.2730930600752328,0.5367621598023982,0.940032148467468,,,,,,0
B,outdoor_phase1,session_B.csv,2025-07-31 20:51:08.066,2.9915840567118765,0.2995833888681728,0.5801426779931027,0.935163093958876,,,,,,0
B,outdoor_phase1,session_B.csv,2025-07-31 20:51:08.144,2.9373200556959675,0.3299241638816566,0.6197221818959655,0.9254190962099126,,,,,,0
B,outdoor_phase1,session_B.csv,2025-07-31 20:51:08.221,2.92626787133091,0.3376422623136345,0.63103327719761,0.9122096312111092,,,,,,0
B,outdoor_phase1,session_B.csv,2025-07-31 20:51:08.299,2.94786202290078,0.3201146613227679,0.6098811137463299,0.9042514402391892,,,,,,0
B,outdoor_phase1,session_B.csv,2025-07-31 20:51:08.374,2.973035120111468,0.3033239302193405,0.5877325749264438,0.9307516006984866,,,,,,0
B,outdoor_phase1,session_B.csv,2025-07-31 20:51:08.448,2.9854190703127057,0.3024222885486854,0.5847179229281431,0.926383048440828,,,,,,0
B,outdoor_phase1,session_B.csv,2025-07-31 20:51:08.523,2.9728215821215342,0.3039974951703097,0.5867427525663312,0.9206747829884806,,,,,,0
B,outdoor_phase1,session_B.csv,2025-07-31 20:51:08.603,2.968507023484403,0.3082074672557086,0.593473754356767,0.9283711445322458,,,,,,0
B,outdoor_phase1,session_B.csv,2025-07-31 20:51:08.683,2.970893482932674,0.30409508424308,0.5854790571743499,0.9232672366745498,,,,,,0
B,outdoor_phase1,session_B.csv,2025-07-31 20:51:08.758,3.019525712171707,0.272539431782682,0.5427136751542796,0.9281192417857078,,,,,,0
B,outdoor_phase1,session_B.csv,2025-07-31 20:51:08.834,3.0405743406723498,0.2594051567344784,0.5187619297320554,0.9414959539257856,,,,,,0
B,outdoor_phase1,session_B.csv,2025-07-31 20:51:08.910,3.0113956352105684,0.2819308773834932,0.5550228557013515,0.9188701265545788,,,,,,0
B,outdoor_phase1,session_B.csv,2025-07-31 20:51:08.985,2.966989412131554,0.3060719663031803,0.5865558385549376,0.9264649629319296,,,,,,0
B,outdoor_phase1,session_B.csv,2025-07-31 20:51:09.062,2.957688877497439,0.3096670999505772,0.5904599752103591,0.9144158921086204,,,,,,0
B,outdoor_phase1,session_B.csv,2025-07-31 20:51:09.136,2.978031594850598,0.2968341773633621,0.5727253448173675,0.927329915275808,,,,,,0
B,outdoor_phase1,session_B.csv,2025-07-31 20:51:09.211,3.0036224090659926,0.2852814156732121,0.5615105294276158,0.928848924799825,,,,,,0
B,outdoor_phase1,session_B.csv,2025-07-31 20:51:09.292,2.9810439977322085,0.2931390199319541,0.5742302915256992,0.9319793447034438,,,,,,0
B,outdoor_phase1,session_B.csv,2025-07-31 20:51:09.368,2.9940404464471424,0.2915750943597857,0.5714402668150329,0.9205196790217808,,,,,,0
B,outdoor_phase1,session_B.csv,2025-07-31 20:51:09.446,3.026266217386451,0.265104799955976,0.532867852271586,0.9327281361876232,,,,,,0
B,outdoor_phase1,session_B.csv,2025-07-31 20:51:09.523,3.045692593850361,0.2528064875535551,0.5074629953411318,0.9395352225540904,,,,,,0
B,outdoor_phase1,session_B.csv,2025-07-31 20:51:09.598,3.0253593553256906,0.2592128234171033,0.5156297198872765,0.9327297897919778,,,,,,0
B,outdoor_phase1,session_B.csv,2025-07-31 20:51:09.678,2.97019739865311,0.3018532790788288,0.5769412949324824,0.9263520659348674,,,,,,0
B,outdoor_phase1,session_B.csv,2025-07-31 20:51:09.751,2.8347203111567327,0.3981971722792973,0.6933763140121785,0.9518795891088202,,,,,,0
B,outdoor_phase1,session_B.csv,2025-07-31 20:51:09.977,2.5557699459927443,0.5262895281139759,0.8070858129751616,0.9283477043260372,,,,,,0
B,outdoor_phase1,session_B.csv,2025-07-31 20:51:10.056,2.640074693514023,0.4182311283070711,0.6916293821979166,0.9613674466068955,,,,,,0
B,outdoor_phase1,session_B.csv,2025-07-31 20:51:12.899,2.5405657449235126,0.5500048784037694,0.8230253580897667,0.9870571580901956,,,,,,0
B,outdoor_phase1,session_B.csv,2025-07-31 20:51:12.977,2.637663260758804,0.4807381594388077,0.7753897417087844,0.9894798685442562,,,,,,0
B,outdoor_phase1,session_B.csv,2025-07-31 20:51:13.056,2.804507720819321,0.3925421715274947,0.6700246657916992,0.981349394082754,,,,,,0
B,outdoor_phase1,session_B.csv,2025-07-31 20:51:13.131,2.923412264690138,0.3302036281156921,0.6048044963628381,0.9132156349898284,,,,,,0
B,outdoor_phase1,session_B.csv,2025-07-31 20:51:13.211,2.97466090583979,0.3319318129401373,0.6393599739073944,0.9147916099155544,,,,,,0
B,outdoor_phase1,session_B.csv,2025-07-31 20:51:13.285,3.008036887566512,0.3438482684206745,0.6660656192098877,0.9303211758301578,,,,,,0
B,outdoor_phase1,session_B.csv,2025-07-31 20:51:13.365,3.1377376556291603,0.4567335418125065,0.845594619847251,0.9717659044188542,,,,,,0
B,outdoor_phase1,session_B.csv,2025-07-31 20:51:13.439,3.27469539328509,0.524353204355196,0.9842963602487512,0.8123014196771291,,,,,,0
B,outdoor_phase1,session_B.csv,2025-07-31 20:51:13.516,3.2828176087293826,0.3849577584184868,0.9997365348537192,0.8486569768521097,,,,,,0
B,outdoor_phase1,session_B.csv,2025-07-31 20:51:13.591,3.3581057151592457,0.2056303140121343,0.9896632459747322,0.9053937174509118,,,,,,0
B,outdoor_phase1,session_B.csv,2025-07-31 20:51:13.665,3.4146362345817014,0.1358428167387515,0.9309226041325018,0.891830685103014,,,,,,0
B,outdoor_phase1,session_B.csv,2025-07-31 20:51:13.745,3.4410232370061373,0.1863687146231024,0.8795304736359674,0.9173788137750464,,,,,,0
B,outdoor_phase1,session_B.csv,2025-07-31 20:51:13.819,3.4022245128725976,0.2661592519431239,0.8759349586349029,0.9146376969829312,,,,,,0
B,outdoor_phase1,session_B.csv,2025-07-31 20:51:13.894,3.336022608588764,0.3761957153858172,0.944061435904485,0.9244410318287356,,,,,,0
B,outdoor_phase1,session_B.csv,2025-07-31 20:51:13.970,3.3128417657367564,0.3875414830407376,0.9508329102350492,0.9340613187736244,,,,,,0
B,outdoor_phase1,session_B.csv,2025-07-31 20:51:14.046,3.2869392952969605,0.3983286497218632,0.9614780788085312,0.9284291327789456,,,,,,0
B,outdoor_phase1,session_B.csv,2025-07-31 20:51:14.118,3.322144584967207,0.3225033510777415,0.94244220572573,0.9108347810185607,,,,,,0
B,outdoor_phase1,session_B.csv,2025-07-31 20:51:14.197,3.149687233910808,0.4528286863458756,0.982679904086041,0.9928844796195148,,,,,,0
B,outdoor_phase1,session_B.csv,2025-07-31 20:51:14.277,2.996681885740597,0.5805179438832282,1.080904744980619,0.973549472283322,,,,,,0
B,outdoor_phase1,session_B.csv,2025-07-31 20:51:14.353,2.865929308037523,0.6637423135184282,1.130678039965533,0.962780534775202,,,,,,0
B,outdoor_phase1,session_B.csv,2025-07-31 20:51:14.431,2.629592501304583,0.6983096490034044,1.104855775333237,0.949219551311937,,,,,,0
C,outdoor_phase1,session_C.csv,2025-07-31 20:52:10.976,2.503388003848941,0.1227115839558764,0.180574969526675,0.8389292842885657,,,,,,1
C,outdoor_phase1,session_C.csv,2025-07-31 20:52:11.053,2.511428010927842,0.1197812745394003,0.1830627563827249,0.8399037604705044,,,,,,1
C,outdoor_phase1,session_C.csv,2025-07-31 20:52:11.117,2.520784075633628,0.1262304797109738,0.1874835061268184,0.8440365335902101,,,,,,1
C,outdoor_phase1,session_C.csv,2025-07-31 20:52:11.193,2.512641407202564,0.1151629703079083,0.1854171371182061,0.8278096053970123,,,,,,1
C,outdoor_phase1,session_C.csv,2025-07-31 20:52:11.270,2.5179210815487303,0.1137887628028389,0.1894302723167082,0.8558854510721108,,,,,,1
C,outdoor_phase1,session_C.csv,2025-07-31 20:52:11.349,2.5207845572776626,0.1163151660017642,0.1856602490569468,0.8397730921545542,,,,,,1
C,outdoor_phase1,session_C.csv,2025-07-31 20:52:11.413,2.523605582199708,0.1167342625421578,0.1855512509010831,0.8498393430917529,,,,,,1
C,outdoor_phase1,session_C.csv,2025-07-31 20:52:11.491,2.5199231678182645,0.1160691540264062,0.1848254518304587,0.834349376114082,,,,,,1
C,outdoor_phase1,session_C.csv,2025-07-31 20:52:11.568,2.5177829276009667,0.114816161003111,0.1839087965163174,0.8601344963521877,,,,,,1
C,outdoor_phase1,session_C.csv,2025-07-31 20:52:11.632,2.5122958372297366,0.1126802286217533,0.1818251104350695,0.8389489071915,,,,,,1
C,outdoor_phase1,session_C.csv,2025-07-31 20:52:11.707,2.51069981257994,0.117446934783979,0.18124419185983,0.8419035053310987,,,,,,1
C,outdoor_phase1,session_C.csv,2025-07-31 20:52:11.786,2.505132851934366,0.1168359277388776,0.1799462546975449,0.8305840392331698,,,,,,1
C,outdoor_phase1,session_C.csv,2025-07-31 20:52:19.243,2.507342118949304,0.095241425138438,0.1388096476848897,0.8036442314569773,,,,,,1
C,outdoor_phase1,session_C.csv,2025-07-31 20:52:19.318,2.5226512988244534,0.0978082400934279,0.1415184222262323,0.8035110928365841,,,,,,1
C,outdoor_phase1,session_C.csv,2025-07-31 20:52:19.398,2.528832008359698,0.099759189799795,0.1440732343766771,0.8010062085206594,,,,,,1
C,outdoor_phase1,session_C.csv,2025-07-31 20:52:19.474,2.5316759125754587,0.0993713827312437,0.1439531281734672,0.7982129162282188,,,,,,1
C,outdoor_phase1,session_C.csv,2025-07-31 20:52:19.553,2.532066057861455,0.0986293204449385,0.1431471499864448,0.8100012488180829,,,,,,1
C,outdoor_phase1,session_C.csv,2025-07-31 20:52:19.631,2.5339640261047744,0.1002896236212319,0.1449462823111644,0.7840414137807926,,,,,,1
C,outdoor_phase1,session_C.csv,2025-07-31 20:52:19.707,2.532057550888797,0.0986389362435529,0.1431105973125405,0.803903710846816,,,,,,1
C,outdoor_phase1,session_C.csv,2025-07-31 20:52:19.786,2.53222999056653,0.1003835981797029,0.1459295499970635,0.8115399025852379,,,,,,1
C,outdoor_phase1,session_C.csv,2025-07-31 20:52:19.863,2.5354796279673995,0.1004917418457969,0.1458499574852397,0.7904362565795343,,,,,,1
C,outdoor_phase1,session_C.csv,2025-07-31 20:52:19.942,2.535457754498864,0.1010373373708465,0.1471157015077578,0.7989334950330831,,,,,,1
C,outdoor_phase1,session_C.csv,2025-07-31 20:52:20.021,2.535949776263108,0.1011546356744093,0.1463004262639859,0.8040268216998966,,,,,,1
C,outdoor_phase1,session_C.csv,2025-07-31 20:52:20.096,2.5309913493804426,0.1003067096776773,0.1446905703275192,0.8121936001426152,,,,,,1
C,outdoor_phase1,session_C.csv,2025-07-31 20:52:20.174,2.529576806062332,0.1004151647704372,0.1459340996244576,0.7904904476760765,,,,,,1
C,outdoor_phase1,session_C.csv,2025-07-31 20:52:20.253,2.531081358855056,0.1026326122357719,0.147667498607312,0.7945947873212821,,,,,,1
C,outdoor_phase1,session_C.csv,2025-07-31 20:52:20.330,2.52873983294201,0.1027498921370193,0.1475375830788822,0.7770623383572639,,,,,,1
C,outdoor_phase1,session_C.csv,2025-07-31 20:52:20.410,2.52560833776937,0.1014615535300552,0.1451842514830818,0.7945904476440258,,,,,,1
C,outdoor_phase1,session_C.csv,2025-07-31 20:52:20.486,2.5215613164068653,0.1037645373452516,0.14759270686526,0.8015056103608826,,,,,,1
C,outdoor_phase1,session_C.csv,2025-07-31 20:52:20.564,2.5207180282337265,0.1036917590283842,0.1523033564797488,0.7886942419760127,,,,,,1
C,outdoor_phase1,session_C.csv,2025-07-31 20:52:20.641,2.518708234675518,0.1012303887669067,0.1481276989928848,0.7945044370790121,,,,,,1
C,outdoor_phase1,session_C.csv,2025-07-31 20:52:20.720,2.516704856998295,0.1012787926165219,0.146893193280512,0.788667878658254,,,,,,1
C,outdoor_phase1,session_C.csv,2025-07-31 20:52:20.796,2.5141528288632613,0.1017444130635409,0.1498779326521601,0.7850623885918003,,,,,,1
C,outdoor_phase1,session_C.csv,2025-07-31 20:52:20.859,2.51522672554366,0.1035045708720234,0.1518654243366173,0.7948676824378509,,,,,,1
C,outdoor_phase1,session_C.csv,2025-07-31 20:52:20.937,2.512034289058234,0.1042482011710716,0.1535923601518922,0.8035061437768624,,,,,,1
C,outdoor_phase1,session_C.csv,2025-07-31 20:52:21.000,2.50786929883695,0.1039592537925848,0.157134872759936,0.795090448496093,,,,,,1
C,outdoor_phase1,session_C.csv,2025-07-31 20:52:21.062,2.5061783566396474,0.1031596803538611,0.1559408520876413,0.7775954334641456,,,,,,1
C,outdoor_phase1,session_C.csv,2025-07-31 20:52:21.139,2.5052546427092546,0.1064115832579496,0.1621897294751134,0.7777936400299796,,,,,,1
C,outdoor_phase1,session_C.csv,2025-07-31 20:52:21.277,2.501097368041563,0.1044695794656853,0.1604478276114157,0.7914889059459845,,,,,,1
C,outdoor_phase1,session_C.csv,2025-07-31 20:52:23.064,2.501596263053643,0.1034267059458829,0.1579207371650488,0.7830060692609783,,,,,,1
C,outdoor_phase1,session_C.csv,2025-07-31 20:52:23.140,2.5142027351986624,0.1060188573949116,0.1615421688088424,0.8109634076615209,,,,,,1
C,outdoor_phase1,session_C.csv,2025-07-31 20:52:23.217,2.53958481510246,0.1104267371839637,0.161765024563291,0.8030311144433139,,,,,,1
C,outdoor_phase1,session_C.csv,2025-07-31 20:52:23.294,2.553327249600643,0.1266026013144199,0.1931630983772485,0.7904158486525076,,,,,,1
C,outdoor_phase1,session_C.csv,2025-07-31 20:52:23.373,2.560831101521691,0.1170178811004376,0.1698517667077013,0.77654756810726,,,,,,1
C,outdoor_phase1,session_C.csv,2025-07-31 20:52:23.449,2.564320431787608,0.1183194413336752,0.1735768568300488,0.7685975500874969,,,,,,1
C,outdoor_phase1,session_C.csv,2025-07-31 20:52:23.512,2.557036434451476,0.1160773693170011,0.1717782496094259,0.7735525681538215,,,,,,1
C,outdoor_phase1,session_C.csv,2025-07-31 20:52:23.588,2.5624408759412454,0.1180883055488965,0.1747584563061649,0.7545353903292622,,,,,,1
C,outdoor_phase1,session_C.csv,2025-07-31 20:52:23.652,2.561279748770477,0.1138877825129902,0.1684545485692097,0.7383563111650833,,,,,,1
C,outdoor_phase1,session_C.csv,2025-07-31 20:52:23.715,2.5623933681082613,0.1205638847061976,0.1810875488341427,0.743466704721811,,,,,,1
C,outdoor_phase1,session_C.csv,2025-07-31 20:52:23.793,2.563003495049472,0.1195896348707022,0.1795547348242375,0.7673127721853359,,,,,,1
C,outdoor_phase1,session_C.csv,2025-07-31 20:52:23.871,2.5635328383838862,0.1196250361849773,0.1762774953921253,0.7697335523965998,,,,,,1
C,outdoor_phase1,session_C.csv,2025-07-31 20:52:23.947,2.5576494545056287,0.1142968862233671,0.1705319062513449,0.786246182967553,,,,,,1
C,outdoor_phase1,session_C.csv,2025-07-31 20:52:24.011,2.551318528608367,0.1127200985947437,0.1703701177997179,0.77887877164792,,,,,,1
C,outdoor_phase1,session_C.csv,2025-07-31 20:52:24.087,2.541505503394049,0.1096983039561282,0.1678348271064103,0.764001214003892,,,,,,1
C,outdoor_phase1,session_C.csv,2025-07-31 20:52:24.153,2.538865908700581,0.1083405201281391,0.1657139975024977,0.7542543883144944,,,,,,1
C,outdoor_phase1,session_C.csv,2025-07-31 20:52:24.230,2.537759148723952,0.1128297237219328,0.1726460328211741,0.7964083614487941,,,,,,1
C,outdoor_phase1,session_C.csv,2025-07-31 20:52:24.305,2.538948276020096,0.1115762098468881,0.1699666163347816,0.7596962929879411,,,,,,1
C,outdoor_phase1,session_C.csv,2025-07-31 20:52:24.368,2.538552126001093,0.1140902699404833,0.1753737988767394,0.7980472306017171,,,,,,1
C,outdoor_phase1,session_C.csv,2025-07-31 20:52:24.430,2.536201538877481,0.108903583956039,0.1660054377480381,0.7814141269784558,,,,,,1
C,outdoor_phase1,session_C.csv,2025-07-31 20:52:24.507,2.536761776302007,0.1083733231431449,0.1624185190638405,0.779052547060398,,,,,,1
C,outdoor_phase1,session_C.csv,2025-07-31 20:52:24.571,2.545051615900071,0.1089568322488288,0.1559423573755911,0.755546029364484,,,,,,1
C,outdoor_phase1,session_C.csv,2025-07-31 20:52:24.648,2.542964121996149,0.1083270704334964,0.152975486166107,0.7748115409976298,,,,,,1
C,outdoor_phase1,session_C.csv,2025-07-31 20:52:24.726,2.537468887226788,0.1065970699327194,0.1488905924705324,0.7859459074225849,,,,,,1
C,outdoor_phase1,session_C.csv,2025-07-31 20:52:24.803,2.526056524295351,0.1017676740820235,0.14157333942099,0.7848114805241109,,,,,,1
C,outdoor_phase1,session_C.csv,2025-07-31 20:52:24.867,2.5177907313747525,0.0993415703818281,0.1374088245166473,0.7842602008956449,,,,,,1
C,outdoor_phase1,session_C.csv,2025-07-31 20:52:24.947,2.508532198794898,0.0993354234271824,0.1367366169053859,0.7681986868398516,,,,,,1
C,outdoor_phase1,session_C.csv,2025-07-31 20:52:27.988,2.5003042787295087,0.1055595919437788,0.1506955035239333,0.7739867880735583,,,,,,1
C,outdoor_phase1,session_C.csv,2025-07-31 20:52:28.065,2.5072221569463866,0.1048656481108154,0.147453777339739,0.7895591357562133,,,,,,1
C,outdoor_phase1,session_C.csv,2025-07-31 20:52:28.142,2.5137217611598044,0.1074909494120116,0.1502705488756344,0.7794280212530756,,,,,,1
C,outdoor_phase1,session_C.csv,2025-07-31 20:52:28.206,2.507057483115722,0.1065252930853549,0.1507576157434624,0.7699552289388724,,,,,,1
C,outdoor_phase1,session_C.csv,2025-07-31 20:52:28.283,2.5063231364175773,0.1080830654195297,0.1515986508440998,0.7911241125896329,,,,,,1
C,outdoor_phase1,session_C.csv,2025-07-31 20:52:28.361,2.502303736493279,0.1098178706899871,0.1572612180123326,0.7816922774892471,,,,,,1
C,outdoor_phase1,session_C.csv,2025-07-31 20:52:28.968,2.502720272252533,0.1030703763757391,0.138116517675003,0.7678616015694667,,,,,,1
C,outdoor_phase1,session_C.csv,2025-07-31 20:52:29.045,2.500501314043418,0.1043752273795089,0.1390620599217172,0.7652085488992757,,,,,,1
C,outdoor_phase1,session_C.csv,2025-07-31 20:52:29.124,2.500464840913592,0.1032856594218116,0.1381636665145662,0.7555971813397556,,,,,,1
C,outdoor_phase1,session_C.csv,2025-07-31 20:52:29.342,2.5018641575201985,0.1037077622032503,0.1393211271367566,0.7883757450301581,,,,,,1
C,outdoor_phase1,session_C.csv,2025-07-31 20:52:30.095,2.503536685102397,0.10563118497595,0.1470735858718301,0.777726160058606,,,,,,1
C,outdoor_phase1,session_C.csv,2025-07-31 20:52:30.171,2.502387159762608,0.1070667118462101,0.155134441711812,0.7712071705322548,,,,,,1
C,outdoor_phase1,session_C.csv,2025-07-31 20:52:30.250,2.504168463340843,0.1102726336105891,0.1620150701301436,0.7652066823730992,,,,,,1
C,outdoor_phase1,session_C.csv,2025-07-31 20:52:30.404,2.501142414395369,0.1070212056765107,0.1557592892404916,0.7773727844482562,,,,,,1
C,outdoor_phase1,session_C.csv,2025-07-31 20:52:31.295,2.510054921582143,0.1172163592282917,0.181047190268703,0.7819710248613844,,,,,,1
C,outdoor_phase1,session_C.csv,2025-07-31 20:52:31.370,2.523472184201655,0.1165136631415257,0.1769575173198342,0.7844325290437891,,,,,,1
C,outdoor_phase1,session_C.csv,2025-07-31 20:52:31.447,2.5454401009011973,0.1262700213036576,0.191160891525508,0.7786706668095289,,,,,,1
C,outdoor_phase1,session_C.csv,2025-07-31 20:52:31.527,2.5535961929923414,0.1293860045318841,0.1976550389046871,0.7985809518703197,,,,,,1
C,outdoor_phase1,session_C.csv,2025-07-31 20:52:31.604,2.560184057345184,0.1280445668501219,0.1926879690258406,0.7888799643016511,,,,,,1
C,outdoor_phase1,session_C.csv,2025-07-31 20:52:31.668,2.5571181627397634,0.1237257288016954,0.1857934302604446,0.7719596104012153,,,,,,1
C,outdoor_phase1,session_C.csv,2025-07-31 20:52:31.745,2.552826677921386,0.1248281564233323,0.1873074073224764,0.7906823092444778,,,,,,1
C,outdoor_phase1,session_C.csv,2025-07-31 20:52:31.808,2.550897411691389,0.1222291853355218,0.1816229795593016,0.7629974067781454,,,,,,1
C,outdoor_phase1,session_C.csv,2025-07-31 20:52:31.885,2.5470303790822952,0.1197335061107313,0.1784174546964851,0.7802982941859427,,,,,,1
C,outdoor_phase1,session_C.csv,2025-07-31 20:52:31.965,2.543881390238508,0.1185450046414643,0.1760143844283843,0.7909541998357905,,,,,,1
C,outdoor_phase1,session_C.csv,2025-07-31 20:52:32.043,2.542567579312246,0.114746890797942,0.1665780788909768,0.7818016313563103,,,,,,1
C,outdoor_phase1,session_C.csv,2025-07-31 20:52:32.121,2.547861309603053,0.1170750392193763,0.1677016543676921,0.7855789172566688,,,,,,1
C,outdoor_phase1,session_C.csv,2025-07-31 20:52:32.186,2.5425758648081698,0.1165273080188255,0.1696703077569247,0.8099074636464325,,,,,,1
C,outdoor_phase1,session_C.csv,2025-07-31 20:52:32.262,2.5441785061657094,0.1129903874292407,0.1623795240908064,0.7732529088443144,,,,,,1
C,outdoor_phase1,session_C.csv,2025-07-31 20:52:32.340,2.5378511213092154,0.1123396159422046,0.1604233384446215,0.7859553270126949,,,,,,1
C,outdoor_phase1,session_C.csv,2025-07-31 20:52:32.419,2.5423524520841045,0.1129909565221273,0.1608271713991232,0.7703288663656965,,,,,,1
C,outdoor_phase1,session_C.csv,2025-07-31 20:52:32.497,2.5454337866347045,0.113104817931099,0.1558973914607022,0.741566619690672,,,,,,1
C,outdoor_phase1,session_C.csv,2025-07-31 20:52:32.574,2.554548555654532,0.1187744953403709,0.1641744303274428,0.7721462491519977,,,,,,1
C,outdoor_phase1,session_C.csv,2025-07-31 20:52:32.639,2.549440463626244,0.1254630303622077,0.1806397866509176,0.7689144736842105,,,,,,1
C,outdoor_phase1,session_C.csv,2025-07-31 20:52:32.717,2.549612572336627,0.1197959155151,0.1657311858060554,0.7518521169607387,,,,,,1
C,outdoor_phase1,session_C.csv,2025-07-31 20:52:32.794,2.5582198860214165,0.1199378971210873,0.1598518888227408,0.7459665171791527,,,,,,1
C,outdoor_phase1,session_C.csv,2025-07-31 20:52:32.874,2.559351969431636,0.1222589052410459,0.166590079311336,0.7385023479227157,,,,,,1
C,outdoor_phase1,session_C.csv,2025-07-31 20:52:32.952,2.548980291905937,0.1151219836635533,0.1533339312366113,0.7830276711050497,,,,,,1
C,outdoor_phase1,session_C.csv,2025-07-31 20:52:33.028,2.5576076403577463,0.1168034148166975,0.154164424341714,0.7457715279895252,,,,,,1
C,outdoor_phase1,session_C.csv,2025-07-31 20:52:33.104,2.547712940234216,0.1160313159152715,0.1555839176311906,0.7562319412788715,,,,,,1
C,outdoor_phase1,session_C.csv,2025-07-31 20:52:33.185,2.5540886307412247,0.1182032576994764,0.1596336276147663,0.7996257377285159,,,,,,1
C,outdoor_phase1,session_C.csv,2025-07-31 20:52:33.263,2.5422470365571894,0.1164547986548507,0.1601620698644587,0.7737897698578746,,,,,,1
C,outdoor_phase1,session_C.csv,2025-07-31 20:52:33.338,2.514549564839472,0.1259145062377536,0.1873578844599297,0.7873991645059061,,,,,,1
C,outdoor_phase1,session_C.csv,2025-07-31 20:52:37.317,2.5049919250335595,0.1002228384822159,0.1319765295903632,0.7427278718894174,,,,,,1
C,outdoor_phase1,session_C.csv,2025-07-31 20:52:37.397,2.5095794342134115,0.1001715916881199,0.1313519573182995,0.7447521294415339,,,,,,1
C,outdoor_phase1,session_C.csv,2025-07-31 20:52:37.470,2.5244740026945216,0.1054165804332083,0.1392997555862032,0.767178629269074,,,,,,1
C,outdoor_phase1,session_C.csv,2025-07-31 20:52:37.549,2.521140394139609,0.1036304226189305,0.1376293189240155,0.7790985283911953,,,,,,1
C,outdoor_phase1,session_C.csv,2025-07-31 20:52:37.625,2.534357578545688,0.1062956846017472,0.1411209531617981,0.7647205411178355,,,,,,1
C,outdoor_phase1,session_C.csv,2025-07-31 20:52:37.702,2.5406026007177527,0.1066461411901596,0.1477762233805164,0.7722705245153934,,,,,,1
C,outdoor_phase1,session_C.csv,2025-07-31 20:52:37.782,2.5512553865380188,0.1077542385284123,0.1494771072819866,0.7653509943207107,,,,,,1
C,outdoor_phase1,session_C.csv,2025-07-31 20:52:37.871,2.563225893162036,0.1106312981923828,0.1588409329993879,0.7604116589213539,,,,,,1
C,outdoor_phase1,session_C.csv,2025-07-31 20:52:37.947,2.5673494785781914,0.1058110649331064,0.1575461450381328,0.7449856733524355,,,,,,1
C,outdoor_phase1,session_C.csv,2025-07-31 20:52:38.023,2.5810025273364,0.1128866196382642,0.1681694060615651,0.7719767006893603,,,,,,1
C,outdoor_phase1,session_C.csv,2025-07-31 20:52:38.101,2.59347724410691,0.1140375916786905,0.168683277139948,0.7598453947954331,,,,,,1
C,outdoor_phase1,session_C.csv,2025-07-31 20:52:38.181,2.615075179868853,0.1229755910383758,0.1789325618938229,0.7786267699706118,,,,,,1
C,outdoor_phase1,session_C.csv,2025-07-31 20:52:38.273,2.6288405085853945,0.136994650588024,0.1914530233067759,0.7913644646110972,,,,,,1
C,outdoor_phase1,session_C.csv,2025-07-31 20:52:38.353,2.625397320045446,0.1250782775032134,0.1857267273695747,0.775734573510807,,,,,,1
C,outdoor_phase1,session_C.csv,2025-07-31 20:52:38.430,2.634558856424918,0.1289583824448825,0.1869583372409598,0.7928902352102637,,,,,,1
C,outdoor_phase1,session_C.csv,2025-07-31 20:52:38.505,2.649528515887932,0.1360915777145614,0.1960726910840176,0.8129681147014766,,,,,,1
C,outdoor_phase1,session_C.csv,2025-07-31 20:52:38.583,2.658857284442916,0.1351801264050214,0.1954463555638081,0.8247671056858336,,,,,,1
C,outdoor_phase1,session_C.csv,2025-07-31 20:52:38.663,2.66615906904301,0.147182412538978,0.2097540266734434,0.8512157674866998,,,,,,1
C,outdoor_phase1,session_C.csv,2025-07-31 20:52:38.743,2.6604565495297097,0.1452233624494877,0.2081992343178134,0.8209440159954299,,,,,,1
C,outdoor_phase1,session_C.csv,2025-07-31 20:52:38.820,2.6647290000587938,0.1580003526291515,0.2284773270633434,0.8589899278519895,,,,,,1
C,outdoor_phase1,session_C.csv,2025-07-31 20:52:38.897,2.654263261368324,0.1613300574607387,0.2339976855769419,0.8294066083471976,,,,,,1
C,outdoor_phase1,session_C.csv,2025-07-31 20:52:38.975,2.645063722673782,0.1581126578544951,0.2313308198280214,0.8275122439495227,,,,,,1
C,outdoor_phase1,session_C.csv,2025-07-31 20:52:39.054,2.6313135281857165,0.1629249443499592,0.2402890316873214,0.7999356131063099,,,,,,1
C,outdoor_phase1,session_C.csv,2025-07-31 20:52:39.132,2.626449118218364,0.1604662479411311,0.2396687116141907,0.791482508723271,,,,,,1
C,outdoor_phase1,session_C.csv,2025-07-31 20:52:39.209,2.616567793453228,0.1590031886007022,0.2360221371163136,0.781936985320444,,,,,,1
C,outdoor_phase1,session_C.csv,2025-07-31 20:52:39.287,2.610792129595961,0.1586145370870309,0.2372960411226334,0.7941376715519404,,,,,,1
C,outdoor_phase1,session_C.csv,2025-07-31 20:52:39.364,2.6099309825500185,0.1595013040689235,0.2406056314347906,0.7827316496930429,,,,,,1
C,outdoor_phase1,session_C.csv,2025-07-31 20:52:39.441,2.6108806156607103,0.1587032577596137,0.2380490335777996,0.7969074750949616,,,,,,1
C,outdoor_phase1,session_C.csv,2025-07-31 20:52:39.517,2.601660448539541,0.1596971541919694,0.2403064739516835,0.7803156518156249,,,,,,1
C,outdoor_phase1,session_C.csv,2025-07-31 20:52:39.594,2.5970007138175566,0.1610563423478114,0.2441279366633625,0.771865158889207,,,,,,1
C,outdoor_phase1,session_C.csv,2025-07-31 20:52:39.671,2.5833810819048564,0.1592908709503873,0.2442931624351539,0.7811990905673213,,,,,,1
C,outdoor_phase1,session_C.csv,2025-07-31 20:52:39.749,2.5689231507584824,0.1604295423616798,0.2473744492228143,0.7926554278964888,,,,,,1
C,outdoor_phase1,session_C.csv,2025-07-31 20:52:39.830,2.5543886915262872,0.1610693813711857,0.2521862374607019,0.8313674171805535,,,,,,1
C,outdoor_phase1,session_C.csv,2025-07-31 20:52:39.905,2.547874479991897,0.1627277638959205,0.2543979300676484,0.8113322574861036,,,,,,1
C,outdoor_phase1,session_C.csv,2025-07-31 20:52:39.984,2.5452603956019235,0.1635090728917377,0.256305470589394,0.7971024874196379,,,,,,1
C,outdoor_phase1,session_C.csv,2025-07-31 20:52:40.064,2.542022095809412,0.163320130303276,0.2561554975866916,0.81230747188194,,,,,,1
C,outdoor_phase1,session_C.csv,2025-07-31 20:52:40.139,2.5250189134894754,0.1600515326439016,0.2557219465719634,0.8304638371822205,,,,,,1
C,outdoor_phase1,session_C.csv,2025-07-31 20:52:40.218,2.525362529439998,0.1603791722382177,0.2566497643594044,0.8321564269840132,,,,,,1
C,outdoor_phase1,session_C.csv,2025-07-31 20:52:40.296,2.518653565092152,0.1597893002057795,0.2562604886784913,0.8367372554645054,,,,,,1
C,outdoor_phase1,session_C.csv,2025-07-31 20:52:40.375,2.5175596602358605,0.1616906183195395,0.2596459911975055,0.8198283738511977,,,,,,1
C,outdoor_phase1,session_C.csv,2025-07-31 20:52:40.452,2.519885736617843,0.1584303805025144,0.2566148821235386,0.8301649928263989,,,,,,1
C,outdoor_phase1,session_C.csv,2025-07-31 20:52:40.528,2.5167533404970617,0.1596779843114929,0.2574772095728536,0.8165843533032711,,,,,,1
C,outdoor_phase1,session_C.csv,2025-07-31 20:52:40.607,2.5227863442517844,0.1568356913498587,0.2526325849660247,0.8229545169778223,,,,,,1
C,outdoor_phase1,session_C.csv,2025-07-31 20:52:40.684,2.5160869669422543,0.1608181974038651,0.2580410873927817,0.8163407946378968,,,,,,1
C,outdoor_phase1,session_C.csv,2025-07-31 20:52:40.760,2.5113235223178405,0.1564504422302725,0.2530559226389778,0.8057325981094242,,,,,,1
C,outdoor_phase1,session_C.csv,2025-07-31 20:52:40.838,2.510873385699787,0.1503279574203449,0.2452360716270829,0.8059487547034582,,,,,,1
C,outdoor_phase1,session_C.csv,2025-07-31 20:52:40.914,2.500653285011026,0.1540223508449825,0.2493793953268657,0.7873458118187033,,,,,,1
C,outdoor_phase1,session_C.csv,2025-07-31 20:52:43.889,2.5011990938211834,0.1259739214435762,0.1981970826981572,0.7930330072035265,,,,,,1
C,outdoor_phase1,session_C.csv,2025-07-31 20:52:43.967,2.537793144837096,0.1243487587829601,0.1830914377432168,0.7970949520308437,,,,,,1
C,outdoor_phase1,session_C.csv,2025-07-31 20:52:44.046,2.590519516321971,0.128559792603157,0.1836745466431157,0.7660121844460722,,,,,,1
C,outdoor_phase1,session_C.csv,2025-07-31 20:52:44.123,2.6128437282033707,0.1392476166039956,0.1974144807108086,0.769744020893333,,,,,,1
C,outdoor_phase1,session_C.csv,2025-07-31 20:52:44.202,2.5768440627647657,0.1472888959836777,0.2227459555022596,0.7607682935569412,,,,,,1
C,outdoor_phase1,session_C.csv,2025-07-31 20:52:44.279,2.5660925367379868,0.1516542045312054,0.2336346269520771,0.7821509150162949,,,,,,1
C,outdoor_phase1,session_C.csv,2025-07-31 20:52:44.357,2.55311587378324,0.1471331864071895,0.2275336041389375,0.7742449754594634,,,,,,1
C,outdoor_phase1,session_C.csv,2025-07-31 20:52:44.436,2.5524121367091706,0.1525077079368103,0.2359912401153297,0.7973418356380311,,,,,,1
C,outdoor_phase1,session_C.csv,2025-07-31 20:52:44.527,2.5421535328898166,0.1513565150422704,0.2368895805583238,0.7979401755328677,,,,,,1
C,outdoor_phase1,session_C.csv,2025-07-31 20:52:44.603,2.539954727117465,0.1512935415370588,0.2375348285751582,0.7927399001199277,,,,,,1
C,outdoor_phase1,session_C.csv,2025-07-31 20:52:44.681,2.5370463283131004,0.1519529495860106,0.2405804808161801,0.8110526504169798,,,,,,1
C,outdoor_phase1,session_C.csv,2025-07-31 20:52:44.756,2.540770822343428,0.153290084812738,0.2408286910965092,0.7962687769681127,,,,,,1
C,outdoor_phase1,session_C.csv,2025-07-31 20:52:44.835,2.537055064575232,0.1556607960925117,0.2451336005461739,0.8179149888143177,,,,,,1
C,outdoor_phase1,session_C.csv,2025-07-31 20:52:44.910,2.5308961636278515,0.157483138088712,0.248320039175702,0.8088875355985026,,,,,,1
C,outdoor_phase1,session_C.csv,2025-07-31 20:52:44.990,2.5238163560504288,0.1526814632132801,0.2439015587084015,0.8091200774346198,,,,,,1
C,outdoor_phase1,session_C.csv,2025-07-31 20:52:45.069,2.51421673322669,0.1586009276576676,0.2518496930495277,0.810281495816087,,,,,,1
C,outdoor_phase1,session_C.csv,2025-07-31 20:52:45.147,2.5112342079471697,0.157372912110792,0.2516577131024384,0.8,,,,,,1
C,outdoor_phase1,session_C.csv,2025-07-31 20:52:45.222,2.5032412066407552,0.1588792166113629,0.2550805604856624,0.7944179714091218,,,,,,1
C,outdoor_phase1,session_C.csv,2025-07-31 20:52:45.303,2.503618949142701,0.1607907988893315,0.2572009602112069,0.8100685679503017,,,,,,1
C,outdoor_phase1,session_C.csv,2025-07-31 20:52:45.537,2.5000458559718166,0.1588828848530471,0.2537706243966956,0.7866731186264494,,,,,,1
C,outdoor_phase1,session_C.csv,2025-07-31 20:52:45.692,2.504870505949101,0.1531448092102441,0.2471529777081049,0.7987124771366065,,,,,,1
C,outdoor_phase1,session_C.csv,2025-07-31 20:52:45.770,2.502081327749841,0.1510908456666347,0.2429657090987319,0.8100825883659686,,,,,,1
C,outdoor_phase1,session_C.csv,2025-07-31 20:52:45.844,2.500886350838636,0.1519125120040288,0.2451856552652807,0.7973973363924788,,,,,,1
C,outdoor_phase1,session_C.csv,2025-07-31 20:52:46.307,2.5048798712640417,0.1523387824436008,0.2452066387841153,0.7965176808472446,,,,,,1
C,outdoor_phase1,session_C.csv,2025-07-31 20:52:46.385,2.5044618367249587,0.1517840916780604,0.2440358295589997,0.8230231307154384,,,,,,1
C,outdoor_phase1,session_C.csv,2025-07-31 20:52:46.465,2.507849981992671,0.152012012366802,0.2438391187044936,0.8142106866945097,,,,,,1
C,outdoor_phase1,session_C.csv,2025-07-31 20:52:46.545,2.5133116306183885,0.1518055513592195,0.2436231093909722,0.7938367822269999,,,,,,1
C,outdoor_phase1,session_C.csv,2025-07-31 20:52:46.634,2.5119248940283105,0.1541378174624388,0.246593658962723,0.8110500008957523,,,,,,1
C,outdoor_phase1,session_C.csv,2025-07-31 20:52:46.709,2.508722148257673,0.1534788069061272,0.246578680428199,0.8236811926605505,,,,,,1
C,outdoor_phase1,session_C.csv,2025-07-31 20:52:46.788,2.507278874915812,0.1567292034087501,0.2517600018640013,0.8187343133739692,,,,,,1
C,outdoor_phase1,session_C.csv,2025-07-31 20:52:46.866,2.504635048702806,0.1572169776800801,0.2530532543875847,0.7938234872383138,,,,,,1
C,outdoor_phase1,session_C.csv,2025-07-31 20:52:49.120,2.5133980418300714,0.1725287661788925,0.2774445109769913,0.8383451240261485,,,,,,1
C,outdoor_phase1,session_C.csv,2025-07-31 20:52:49.216,2.5260845214812893,0.1724818323093204,0.2769021268384632,0.8314300568293863,,,,,,1
C,outdoor_phase1,session_C.csv,2025-07-31 20:52:49.301,2.546244548661757,0.1735241977832435,0.2754295775542365,0.8159356410807712,,,,,,1
C,outdoor_phase1,session_C.csv,2025-07-31 20:52:49.380,2.5398697389141054,0.1657996187743432,0.2633039564958936,0.8177347858078642,,,,,,1
C,outdoor_phase1,session_C.csv,2025-07-31 20:52:49.456,2.52413423627118,0.1692385454791248,0.271058641591011,0.8525777817627544,,,,,,1
C,outdoor_phase1,session_C.csv,2025-07-31 20:52:49.532,2.5183679899631604,0.1669551156625765,0.2670040023378714,0.8372159804730966,,,,,,1
C,outdoor_phase1,session_C.csv,2025-07-31 20:52:49.610,2.510024517339671,0.1661581537025224,0.2672959220035572,0.8282802913422553,,,,,,1
C,outdoor_phase1,session_C.csv,2025-07-31 20:52:49.691,2.5085780571881213,0.167123180479592,0.2682613333032932,0.8264176667922429,,,,,,1
C,outdoor_phase1,session_C.csv,2025-07-31 20:52:49.770,2.506815982632811,0.1659506088269044,0.2669756965327503,0.8136219356921256,,,,,,1
C,outdoor_phase1,session_C.csv,2025-07-31 20:52:49.862,2.505560682943814,0.1659905772736394,0.2669617129849541,0.8120751197287941,,,,,,1
C,outdoor_phase1,session_C.csv,2025-07-31 20:52:49.938,2.5049637670757536,0.1623274083061998,0.261745421315481,0.8280992328099233,,,,,,1
C,outdoor_phase1,session_C.csv,2025-07-31 20:52:50.016,2.5022200962412806,0.1610632874884109,0.2606599621369573,0.8106328387131502,,,,,,1
D,outdoor_phase1,session_D.csv,2025-07-31 21:46:10.367,2.507789275514537,0.2671581008777313,0.403014580295084,0.975249934474108,,,,,,1
D,outdoor_phase1,session_D.csv,2025-07-31 21:46:10.462,2.512722194837264,0.2594025482591176,0.3937218982676192,0.971621241921888,,,,,,1
D,outdoor_phase1,session_D.csv,2025-07-31 21:46:10.558,2.5083882555878207,0.2688890541747736,0.4092277725801711,0.9773087169551204,,,,,,1
D,outdoor_phase1,session_D.csv,2025-07-31 21:46:10.651,2.505050804754017,0.2746166325435904,0.4163073383454561,0.9698780646238934,,,,,,1
D,outdoor_phase1,session_D.csv,2025-07-31 21:46:10.746,2.5150678752921287,0.2719535124997955,0.4148324785885717,0.9778063746060164,,,,,,1
D,outdoor_phase1,session_D.csv,2025-07-31 21:46:10.857,2.518845333639285,0.2743054167977293,0.4156305394518068,0.976511001763996,,,,,,1
D,outdoor_phase1,session_D.csv,2025-07-31 21:46:10.950,2.51858274414804,0.2738399390065644,0.4168480456299744,0.9753370723916354,,,,,,1
D,outdoor_phase1,session_D.csv,2025-07-31 21:46:11.043,2.5246847291292864,0.2663474274712298,0.4035871829139143,0.9690281172453682,,,,,,1
D,outdoor_phase1,session_D.csv,2025-07-31 21:46:11.138,2.528048737540066,0.2610291073433236,0.3977377977615627,0.9755419054909356,,,,,,1
D,outdoor_phase1,session_D.csv,2025-07-31 21:46:11.232,2.533941291324696,0.2532495907611148,0.3881493793939037,0.9631313131313132,,,,,,1
D,outdoor_phase1,session_D.csv,2025-07-31 21:46:11.324,2.533679010685154,0.2512585447457465,0.3845637888154863,0.96142350084065,,,,,,1
D,outdoor_phase1,session_D.csv,2025-07-31 21:46:11.415,2.532337007591657,0.2483454868527235,0.3801476998747585,0.9630473345159182,,,,,,1
D,outdoor_phase1,session_D.csv,2025-07-31 21:46:11.510,2.5342446516493693,0.2516470811341441,0.3850308047416534,0.9642710241932468,,,,,,1
D,outdoor_phase1,session_D.csv,2025-07-31 21:46:11.604,2.53115384432266,0.2564641308839319,0.3929774734771905,0.9654844129176778,,,,,,1
D,outdoor_phase1,session_D.csv,2025-07-31 21:46:11.700,2.525837442773212,0.2558662934496868,0.3928760156218901,0.9693944079131196,,,,,,1
D,outdoor_phase1,session_D.csv,2025-07-31 21:46:11.804,2.5264036071772136,0.2519394577926841,0.3853079651039912,0.976055944055944,,,,,,1
D,outdoor_phase1,session_D.csv,2025-07-31 21:46:11.895,2.523060252308971,0.2573122417903912,0.3926593681285598,0.9674220436109252,,,,,,1
D,outdoor_phase1,session_D.csv,2025-07-31 21:46:11.991,2.521721566228749,0.2607594405025392,0.3970769471136846,0.9792304126101068,,,,,,1
D,outdoor_phase1,session_D.csv,2025-07-31 21:46:12.095,2.532176825899484,0.2471020987738385,0.3754830634251083,0.9696590612046752,,,,,,1
D,outdoor_phase1,session_D.csv,2025-07-31 21:46:12.190,2.519779697502776,0.2568736516990233,0.3869897200843109,0.9667033725900072,,,,,,1
D,outdoor_phase1,session_D.csv,2025-07-31 21:46:12.285,2.512332873861788,0.2644375112295331,0.3949293209272332,0.971769450512519,,,,,,1
D,outdoor_phase1,session_D.csv,2025-07-31 21:46:12.375,2.5026564310436767,0.274428082369021,0.4071652964584196,0.9761252299260482,,,,,,1
D,outdoor_phase1,session_D.csv,2025-07-31 21:46:13.910,2.501011281144597,0.2712087250436114,0.3942729661751962,0.9756235294117648,,,,,,1
D,outdoor_phase1,session_D.csv,2025-07-31 21:46:14.308,2.501063268854596,0.2622095823814765,0.3880363840431041,0.9734300865196762,,,,,,1
D,outdoor_phase1,session_D.csv,2025-07-31 21:46:14.589,2.5012478276077594,0.2603331416898429,0.3890868858272254,0.9764201699380356,,,,,,1
D,outdoor_phase1,session_D.csv,2025-07-31 21:46:14.682,2.5081292376120974,0.2586258565614616,0.385836457504824,0.9762589794516734,,,,,,1
D,outdoor_phase1,session_D.csv,2025-07-31 21:46:14.779,2.5114368998358425,0.2551511391800287,0.3882156537363563,0.97362012987013,,,,,,1
D,outdoor_phase1,session_D.csv,2025-07-31 21:46:14.874,2.5236852889926378,0.2485100601242055,0.3779905797720966,0.9714528242697128,,,,,,1
D,outdoor_phase1,session_D.csv,2025-07-31 21:46:14.967,2.542558024446693,0.2347823395774792,0.3663662415793573,0.9515083220955796,,,,,,1
D,outdoor_phase1,session_D.csv,2025-07-31 21:46:15.061,2.545628024479387,0.2287785106560066,0.360018601595629,0.9348208397449989,,,,,,1
D,outdoor_phase1,session_D.csv,2025-07-31 21:46:15.150,2.54089443096474,0.2307294474278391,0.3635451560880409,0.939835350382418,,,,,,1
D,outdoor_phase1,session_D.csv,2025-07-31 21:46:15.249,2.538020434965411,0.2275743833191918,0.3631400676517577,0.952617997474424,,,,,,1
D,outdoor_phase1,session_D.csv,2025-07-31 21:46:15.339,2.5433422658586564,0.227526579040078,0.3630712923877191,0.9428482938293647,,,,,,1
D,outdoor_phase1,session_D.csv,2025-07-31 21:46:15.441,2.545020228706535,0.2251578136696361,0.3668817657928198,0.9214993443100684,,,,,,1
D,outdoor_phase1,session_D.csv,2025-07-31 21:46:15.545,2.5594002749224165,0.217798416390495,0.3556880269282881,0.9074013217950122,,,,,,1
D,outdoor_phase1,session_D.csv,2025-07-31 21:46:15.657,2.573333023639317,0.2130578123429543,0.3535347658418359,0.8685075008212578,,,,,,1
D,outdoor_phase1,session_D.csv,2025-07-31 21:46:15.763,2.5765907243246526,0.2166567202332968,0.3601584416840935,0.8840857622908905,,,,,,1
D,outdoor_phase1,session_D.csv,2025-07-31 21:46:15.873,2.584409137382005,0.2091889894274086,0.3501890170177152,0.8431469118237204,,,,,,1
D,outdoor_phase1,session_D.csv,2025-07-31 21:46:15.979,2.575917105332002,0.2138070843955589,0.3558916570800184,0.8654583098745028,,,,,,1
D,outdoor_phase1,session_D.csv,2025-07-31 21:46:16.072,2.575476903862689,0.2140601777410161,0.3582026016000988,0.8688551363710599,,,,,,1
D,outdoor_phase1,session_D.csv,2025-07-31 21:46:16.165,2.571062558648726,0.2182635957733034,0.3657346387698288,0.8910126215000725,,,,,,1
D,outdoor_phase1,session_D.csv,2025-07-31 21:46:16.258,2.5729752513085327,0.2141835610536364,0.3577246225723578,0.8752440559823368,,,,,,1
D,outdoor_phase1,session_D.csv,2025-07-31 21:46:16.350,2.567306606781265,0.2145647796335235,0.3568177267486705,0.8722174618511969,,,,,,1
D,outdoor_phase1,session_D.csv,2025-07-31 21:46:16.445,2.5598431389337724,0.2220993601584983,0.3664500587629246,0.9074000145169484,,,,,,1
D,outdoor_phase1,session_D.csv,2025-07-31 21:46:16.539,2.5633548056896927,0.2129908917048749,0.3511366449583934,0.8774605491197665,,,,,,1
D,outdoor_phase1,session_D.csv,2025-07-31 21:46:16.634,2.561259691401079,0.2187441293246744,0.3604862207070816,0.889109126948046,,,,,,1
D,outdoor_phase1,session_D.csv,2025-07-31 21:46:16.744,2.5728822670810896,0.2138849588455248,0.3579507574999299,0.8726457235582621,,,,,,1
D,outdoor_phase1,session_D.csv,2025-07-31 21:46:16.846,2.5770512016705447,0.216036536178333,0.3618129786014589,0.8876292399782333,,,,,,1
D,outdoor_phase1,session_D.csv,2025-07-31 21:46:16.941,2.58986863942732,0.2058589672179425,0.3503039712057137,0.8635044260551319,,,,,,1
D,outdoor_phase1,session_D.csv,2025-07-31 21:46:17.034,2.6121214255232026,0.1860273685131003,0.3237296644470693,0.8094841930116472,,,,,,1
D,outdoor_phase1,session_D.csv,2025-07-31 21:46:17.127,2.6385068519410497,0.1509112428919883,0.2805689955814309,0.7771942446043165,,,,,,1
D,outdoor_phase1,session_D.csv,2025-07-31 21:46:17.219,2.656577162859657,0.1111441380677518,0.2313796298201243,0.7213361258793834,,,,,,1
D,outdoor_phase1,session_D.csv,2025-07-31 21:46:17.314,2.665095421819577,0.0938523952423665,0.2192353796069997,0.7403334706377491,,,,,,1
D,outdoor_phase1,session_D.csv,2025-07-31 21:46:17.408,2.678308778016417,0.0675223298286365,0.2018778069945203,0.7451954877808964,,,,,,1
D,outdoor_phase1,session_D.csv,2025-07-31 21:46:17.499,2.682045905620248,0.0618256127964058,0.1986876267687674,0.7599900055326516,,,,,,1
D,outdoor_phase1,session_D.csv,2025-07-31 21:46:17.596,2.6860955857784585,0.0551158779861156,0.1975468389191694,0.7325778531275096,,,,,,1
D,outdoor_phase1,session_D.csv,2025-07-31 21:46:17.698,2.686074466739591,0.0535143093563843,0.1943350715139542,0.7410355721348636,,,,,,1
D,outdoor_phase1,session_D.csv,2025-07-31 21:46:17.797,2.688597139167064,0.0595402977268883,0.1958039839581224,0.7572618177279292,,,,,,1
D,outdoor_phase1,session_D.csv,2025-07-31 21:46:17.888,2.6843390963583773,0.0614377905073589,0.1930326583203478,0.7838666001567733,,,,,,1
D,outdoor_phase1,session_D.csv,2025-07-31 21:46:17.982,2.6793851826868504,0.0665748285574184,0.1922116363518482,0.7624656948355134,,,,,,1
D,outdoor_phase1,session_D.csv,2025-07-31 21:46:18.075,2.679104277212309,0.0718964987358976,0.1938472341175697,0.770103882682062,,,,,,1
D,outdoor_phase1,session_D.csv,2025-07-31 21:46:18.173,2.6710723949984883,0.0783319140481648,0.1942056116474148,0.7459930189485682,,,,,,1
D,outdoor_phase1,session_D.csv,2025-07-31 21:46:18.281,2.659542836307065,0.0801974289604278,0.1945203086340287,0.7361123487373242,,,,,,1
D,outdoor_phase1,session_D.csv,2025-07-31 21:46:18.393,2.6541703297333963,0.0770011762398094,0.1946833457391149,0.721601539530657,,,,,,1
D,outdoor_phase1,session_D.csv,2025-07-31 21:46:18.492,2.652197514085501,0.07794323615266,0.1942795049321173,0.7246116020524516,,,,,,1
D,outdoor_phase1,session_D.csv,2025-07-31 21:46:18.589,2.650909887485284,0.0779907172625967,0.194004514260497,0.7271285505541893,,,,,,1
D,outdoor_phase1,session_D.csv,2025-07-31 21:46:18.680,2.6502475257945144,0.0801118465503952,0.1949891530371022,0.7148632283801112,,,,,,1
D,outdoor_phase1,session_D.csv,2025-07-31 21:46:18.775,2.6469536820151744,0.0763538150369201,0.1928398013960248,0.7298678633757167,,,,,,1
D,outdoor_phase1,session_D.csv,2025-07-31 21:46:18.864,2.6397572239602374,0.0740776415544388,0.1905353694700498,0.7287577042288645,,,,,,1
D,outdoor_phase1,session_D.csv,2025-07-31 21:46:18.959,2.6377806200479563,0.0747499808340244,0.1909396749009959,0.6990803450488344,,,,,,1
D,outdoor_phase1,session_D.csv,2025-07-31 21:46:19.053,2.6374553982329965,0.0767009087575385,0.1928840657844624,0.6979699502735844,,,,,,1
D,outdoor_phase1,session_D.csv,2025-07-31 21:46:19.146,2.637237666257356,0.0702761631263454,0.188324912052284,0.7019463852844717,,,,,,1
D,outdoor_phase1,session_D.csv,2025-07-31 21:46:19.239,2.633028531623253,0.0698041631416839,0.1878218487154251,0.6866551496910007,,,,,,1
D,outdoor_phase1,session_D.csv,2025-07-31 21:46:19.333,2.634810665340628,0.078124133370634,0.192409404756071,0.7111780216647663,,,,,,1
D,outdoor_phase1,session_D.csv,2025-07-31 21:46:19.429,2.6257607089185564,0.0810536380062493,0.1959594232198498,0.7217205450173657,,,,,,1
D,outdoor_phase1,session_D.csv,2025-07-31 21:46:19.521,2.6041546056630533,0.089299814560698,0.2112060586724209,0.7946593986033917,,,,,,1
D,outdoor_phase1,session_D.csv,2025-07-31 21:46:19.611,2.5700058728788218,0.1023150259247429,0.225380212967958,0.8554997685432468,,,,,,1
D,outdoor_phase1,session_D.csv,2025-07-31 21:46:19.706,2.5396634987773017,0.122483326842035,0.2379262542534409,0.921342712136052,,,,,,1
D,outdoor_phase1,session_D.csv,2025-07-31 21:46:19.797,2.529167688947788,0.1274833472387557,0.2415840844621624,0.9361489975428224,,,,,,1
D,outdoor_phase1,session_D.csv,2025-07-31 21:46:19.888,2.522012715773421,0.1308955050539305,0.2439879121144042,0.9406367474923836,,,,,,1
D,outdoor_phase1,session_D.csv,2025-07-31 21:46:19.979,2.519046163480854,0.1308912420060538,0.2446429243227303,0.9421688036093228,,,,,,1
D,outdoor_phase1,session_D.csv,2025-07-31 21:46:20.076,2.5205885584919425,0.1300489447537118,0.2442412546234541,0.9404464731474216,,,,,,1
D,outdoor_phase1,session_D.csv,2025-07-31 21:46:20.169,2.5221566965169995,0.1298195405310294,0.242301660492491,0.9345088609849496,,,,,,1
D,outdoor_phase1,session_D.csv,2025-07-31 21:46:20.265,2.5220330486403,0.131278805595861,0.2446840404513902,0.9412875750610288,,,,,,1
D,outdoor_phase1,session_D.csv,2025-07-31 21:46:20.356,2.5217584480629807,0.1312723950662052,0.2450747796582845,0.9453094381301884,,,,,,1
D,outdoor_phase1,session_D.csv,2025-07-31 21:46:20.449,2.521266656961338,0.1290831739131137,0.2428557392407274,0.943489337442768,,,,,,1
D,outdoor_phase1,session_D.csv,2025-07-31 21:46:20.545,2.51924912623322,0.1284873053840658,0.241887841213173,0.9354051212601792,,,,,,1
D,outdoor_phase1,session_D.csv,2025-07-31 21:46:20.640,2.5226826838230587,0.1275553155301068,0.2429127881782415,0.9401756605084536,,,,,,1
D,outdoor_phase1,session_D.csv,2025-07-31 21:46:20.734,2.5253806835754573,0.1260870615268461,0.2427456663467442,0.9330493217589704,,,,,,1
D,outdoor_phase1,session_D.csv,2025-07-31 21:46:20.841,2.524622300966951,0.1250357402776567,0.242953537265227,0.9278563539848232,,,,,,1
D,outdoor_phase1,session_D.csv,2025-07-31 21:46:20.936,2.523475933058591,0.1245692271270096,0.2426062090279243,0.930012284793562,,,,,,1
D,outdoor_phase1,session_D.csv,2025-07-31 21:46:21.042,2.524563234489193,0.1232099058444781,0.2415860190709508,0.9293679635171724,,,,,,1
D,outdoor_phase1,session_D.csv,2025-07-31 21:46:21.138,2.5239754571242297,0.1228412994782425,0.2411122309863147,0.9270274604843451,,,,,,1
D,outdoor_phase1,session_D.csv,2025-07-31 21:46:21.229,2.524929045164664,0.1214467334837185,0.2410541845731576,0.920087663031858,,,,,,1
D,outdoor_phase1,session_D.csv,2025-07-31 21:46:21.322,2.523708464334938,0.1234276968569331,0.2407126029173626,0.9282037581262802,,,,,,1
D,outdoor_phase1,session_D.csv,2025-07-31 21:46:21.417,2.524793873373261,0.1253738789979185,0.2417589268193752,0.9299267732107542,,,,,,1
D,outdoor_phase1,session_D.csv,2025-07-31 21:46:21.510,2.5223871700128053,0.1291047365354448,0.246192916831595,0.9362669090520236,,,,,,1
D,outdoor_phase1,session_D.csv,2025-07-31 21:46:21.602,2.512342947986768,0.1363950987856289,0.2485637438762995,0.9427253952428428,,,,,,1
D,outdoor_phase1,session_D.csv,2025-07-31 21:46:21.698,2.509750706939178,0.1471224529076422,0.2584635256534199,0.9529635962100164,,,,,,1
D,outdoor_phase1,session_D.csv,2025-07-31 21:46:21.794,2.510510258648534,0.1519508581075636,0.2634157340669128,0.9610803496715152,,,,,,1
D,outdoor_phase1,session_D.csv,2025-07-31 21:46:21.884,2.509174575894746,0.1546047924712219,0.2646822970365104,0.9515675097969364,,,,,,1
D,outdoor_phase1,session_D.csv,2025-07-31 21:46:21.981,2.5100033589211312,0.1589733036844978,0.2689886997651139,0.954608565630674,,,,,,1
D,outdoor_phase1,session_D.csv,2025-07-31 21:46:22.075,2.511296948379136,0.1611496337316275,0.2718229865707758,0.9536738654370004,,,,,,1
D,outdoor_phase1,session_D.csv,2025-07-31 21:46:22.166,2.511277748655645,0.1575497039808506,0.2676975932374957,0.9498165758449976,,,,,,1
D,outdoor_phase1,session_D.csv,2025-07-31 21:46:22.261,2.515758522142487,0.1614388734807846,0.2717081934835756,0.9533690753967548,,,,,,1
D,outdoor_phase1,session_D.csv,2025-07-31 21:46:22.353,2.515453223343205,0.1616882391957135,0.2726745354765861,0.9518580479817754,,,,,,1
D,outdoor_phase1,session_D.csv,2025-07-31 21:46:22.447,2.51932992204736,0.16196905669135,0.2720112078732883,0.9468933594445432,,,,,,1
D,outdoor_phase1,session_D.csv,2025-07-31 21:46:22.541,2.5158256445932,0.1612397892322255,0.2718840205919473,0.9400142399430402,,,,,,1
D,outdoor_phase1,session_D.csv,2025-07-31 21:46:22.634,2.515964305357882,0.1588326495565588,0.2694288054029692,0.950650923402967,,,,,,1
D,outdoor_phase1,session_D.csv,2025-07-31 21:46:22.729,2.5153529129331043,0.1570866234500168,0.26734485715081,0.9474612192559084,,,,,,1
D,outdoor_phase1,session_D.csv,2025-07-31 21:46:22.835,2.5162313296829746,0.1519928824699283,0.264308300269826,0.9423754761989532,,,,,,1
D,outdoor_phase1,session_D.csv,2025-07-31 21:46:22.926,2.5191173466621186,0.1483988372847233,0.2643414629603962,0.9443336419972932,,,,,,1
D,outdoor_phase1,session_D.csv,2025-07-31 21:46:23.020,2.520547458156462,0.1418846866458588,0.2572690960519872,0.9384012818230372,,,,,,1
D,outdoor_phase1,session_D.csv,2025-07-31 21:46:23.111,2.518056382625103,0.1366243217315976,0.252690262180542,0.9371649420271788,,,,,,1
D,outdoor_phase1,session_D.csv,2025-07-31 21:46:23.209,2.52128180061234,0.1330044818818374,0.2486913913109702,0.932274038975382,,,,,,1
D,outdoor_phase1,session_D.csv,2025-07-31 21:46:23.302,2.5191346706743323,0.1333040636897535,0.2483301924137728,0.9334721925514492,,,,,,1
D,outdoor_phase1,session_D.csv,2025-07-31 21:46:23.396,2.521622147661691,0.1344711164106164,0.2495662830441751,0.92982706110745,,,,,,1
D,outdoor_phase1,session_D.csv,2025-07-31 21:46:23.489,2.5206204867936064,0.1313200779699426,0.2475726050900868,0.9274768353528154,,,,,,1
D,outdoor_phase1,session_D.csv,2025-07-31 21:46:23.584,2.520283699138142,0.1329819627683106,0.2482885114521611,0.9345777746112606,,,,,,1
D,outdoor_phase1,session_D.csv,2025-07-31 21:46:23.678,2.522988701138078,0.1336045843076804,0.2503995624880223,0.9306149351574748,,,,,,1
D,outdoor_phase1,session_D.csv,2025-07-31 21:46:23.777,2.5220261044627703,0.1333178183329876,0.2501369969179673,0.9293352343610763,,,,,,1
D,outdoor_phase1,session_D.csv,2025-07-31 21:46:23.878,2.5201070436527577,0.1332302631838263,0.2482039604214131,0.9373886394412372,,,,,,1
D,outdoor_phase1,session_D.csv,2025-07-31 21:46:23.970,2.520838394042102,0.1346607810870879,0.2496115149227485,0.9335861688300128,,,,,,1
D,outdoor_phase1,session_D.csv,2025-07-31 21:46:24.068,2.521390037491708,0.1352782679327455,0.251427021071535,0.929520282061327,,,,,,1
D,outdoor_phase1,session_D.csv,2025-07-31 21:46:24.160,2.5209083362552485,0.137014120305854,0.2527999406662812,0.9379976132376252,,,,,,1
D,outdoor_phase1,session_D.csv,2025-07-31 21:46:24.252,2.5227966687259005,0.1380307961862092,0.2544620933985391,0.9343079991452382,,,,,,1
D,outdoor_phase1,session_D.csv,2025-07-31 21:46:24.346,2.5157694146452454,0.1381102147405823,0.2533048416046446,0.9316700502190404,,,,,,1
D,outdoor_phase1,session_D.csv,2025-07-31 21:46:24.441,2.5139319582258888,0.1400716341879766,0.2565839738368407,0.9390502305870622,,,,,,1
D,outdoor_phase1,session_D.csv,2025-07-31 21:46:24.534,2.5098300416194084,0.1451024772501445,0.2615599489543754,0.9372686503416856,,,,,,1
D,outdoor_phase1,session_D.csv,2025-07-31 21:46:24.629,2.505029417143807,0.1510483236209299,0.2683928441441933,0.935245011658746,,,,,,1
D,outdoor_phase1,session_D.csv,2025-07-31 21:46:27.827,2.53824276051713,0.1476448581125266,0.2747064457863613,0.8679484886424611,,,,,,1
D,outdoor_phase1,session_D.csv,2025-07-31 21:46:27.918,2.549688395257286,0.1417332213643744,0.2839701784805554,0.8672135856101677,,,,,,1
D,outdoor_phase1,session_D.csv,2025-07-31 21:46:28.012,2.5572663067092045,0.1399528288676455,0.2740193902073937,0.8593724801548193,,,,,,1
D,outdoor_phase1,session_D.csv,2025-07-31 21:46:28.105,2.557556037227647,0.1419688540383018,0.2722960280603788,0.8721209298993445,,,,,,1
D,outdoor_phase1,session_D.csv,2025-07-31 21:46:28.196,2.557763632699537,0.1421019417038875,0.2716823790317701,0.8696829010342911,,,,,,1
D,outdoor_phase1,session_D.csv,2025-07-31 21:46:28.290,2.5595175434231496,0.1430504368883088,0.2694752244915813,0.8746773731000861,,,,,,1
D,outdoor_phase1,session_D.csv,2025-07-31 21:46:28.385,2.557508010616146,0.1429196607230168,0.2658672161860217,0.8730053785536872,,,,,,1
D,outdoor_phase1,session_D.csv,2025-07-31 21:46:28.477,2.55839426972221,0.1406869880998171,0.2651413379789854,0.8775193244907796,,,,,,1
D,outdoor_phase1,session_D.csv,2025-07-31 21:46:28.573,2.560477755970937,0.1423283987454273,0.2668827035318176,0.8732077090857081,,,,,,1
D,outdoor_phase1,session_D.csv,2025-07-31 21:46:28.668,2.560450983606851,0.1387999008509329,0.2647975354197457,0.8831263957123716,,,,,,1
D,outdoor_phase1,session_D.csv,2025-07-31 21:46:28.759,2.562727342414887,0.1396629993353827,0.2632638506928905,0.8621614853504096,,,,,,1
D,outdoor_phase1,session_D.csv,2025-07-31 21:46:28.853,2.573962964394014,0.1332647223518114,0.2733286564640972,0.8553478284249584,,,,,,1
D,outdoor_phase1,session_D.csv,2025-07-31 21:46:28.945,2.582464526813026,0.1174079238995504,0.2836650675918096,0.8421887390959556,,,,,,1
D,outdoor_phase1,session_D.csv,2025-07-31 21:46:29.041,2.5849455110406554,0.1016921156127633,0.2900222063540272,0.852740464047123,,,,,,1
D,outdoor_phase1,session_D.csv,2025-07-31 21:46:29.133,2.586335766586495,0.0991990109311229,0.2922878394249525,0.8428084036631353,,,,,,1
D,outdoor_phase1,session_D.csv,2025-07-31 21:46:29.225,2.588252608596771,0.0977608078600838,0.2901629750345476,0.8438842841475036,,,,,,1
D,outdoor_phase1,session_D.csv,2025-07-31 21:46:29.319,2.59060550018354,0.0968569732015071,0.2910313371371654,0.8502776629585033,,,,,,1
D,outdoor_phase1,session_D.csv,2025-07-31 21:46:29.413,2.589852613570645,0.1000353232618255,0.2898819236671283,0.8543966912425822,,,,,,1
D,outdoor_phase1,session_D.csv,2025-07-31 21:46:29.522,2.5823224180238817,0.0994831181433816,0.2866750061041696,0.8590955567115719,,,,,,1
D,outdoor_phase1,session_D.csv,2025-07-31 21:46:29.614,2.582263045650621,0.0992456616853557,0.2885180078143826,0.8617902208201893,,,,,,1
D,outdoor_phase1,session_D.csv,2025-07-31 21:46:29.709,2.583528341358448,0.1006100843567733,0.2878391944969348,0.8593282043004967,,,,,,1
D,outdoor_phase1,session_D.csv,2025-07-31 21:46:29.807,2.580934576429552,0.1000154106340309,0.2854879060631398,0.8540531823394495,,,,,,1
D,outdoor_phase1,session_D.csv,2025-07-31 21:46:29.912,2.576038920179296,0.1039793663146106,0.2816915721422892,0.8689384010484927,,,,,,1
D,outdoor_phase1,session_D.csv,2025-07-31 21:46:30.004,2.577986200917835,0.1080465952568201,0.2793396534897336,0.8602464971923719,,,,,,1
D,outdoor_phase1,session_D.csv,2025-07-31 21:46:30.096,2.575805581258868,0.1063824816309952,0.2782724426599524,0.8615185968939421,,,,,,1
D,outdoor_phase1,session_D.csv,2025-07-31 21:46:30.195,2.5773132073657794,0.104196771942553,0.2777575793403783,0.8473661562735325,,,,,,1
D,outdoor_phase1,session_D.csv,2025-07-31 21:46:30.289,2.580302325880705,0.1020993413992986,0.2820331101297425,0.8590088635303406,,,,,,1
D,outdoor_phase1,session_D.csv,2025-07-31 21:46:30.380,2.5792357121991705,0.1020091236681387,0.2771395695270544,0.8577273706123035,,,,,,1
D,outdoor_phase1,session_D.csv,2025-07-31 21:46:30.477,2.5761234122411287,0.1047412301289839,0.2735099140185084,0.8585644869197253,,,,,,1
D,outdoor_phase1,session_D.csv,2025-07-31 21:46:30.567,2.571029081166578,0.1223148142838651,0.2626133823882405,0.8551510595647194,,,,,,1
D,outdoor_phase1,session_D.csv,2025-07-31 21:46:30.666,2.5719439284933148,0.1258831242426695,0.2618364059799934,0.8610568566667264,,,,,,1
D,outdoor_phase1,session_D.csv,2025-07-31 21:46:30.769,2.5734522374068445,0.1256698207219572,0.2649507392207179,0.8585941839422336,,,,,,1
D,outdoor_phase1,session_D.csv,2025-07-31 21:46:30.858,2.5710290011728376,0.1246303655151945,0.2602081294524507,0.8522904387394973,,,,,,1
D,outdoor_phase1,session_D.csv,2025-07-31 21:46:30.954,2.5703454326816844,0.1242956376548258,0.2610015154732744,0.8569714121945977,,,,,,1
D,outdoor_phase1,session_D.csv,2025-07-31 21:46:31.046,2.569544180744002,0.1229881721640297,0.2651451473321066,0.8593235504652827,,,,,,1
D,outdoor_phase1,session_D.csv,2025-07-31 21:46:31.141,2.5690052423305625,0.1236022511027283,0.2622323187224435,0.856165855055858,,,,,,1
E,outdoor_phase1,session_E.csv,2025-08-02 14:17:17.188,2.624619044303183,0.0133474450094336,0.028033883401086,0.0840971789623565,,,,,,1
E,outdoor_phase1,session_E.csv,2025-08-02 14:17:17.294,2.6261550959120967,0.0113089973359469,0.0303223022998103,0.0771297416553982,,,,,,1
E,outdoor_phase1,session_E.csv,2025-08-02 14:17:17.387,2.62794969074989,0.0104447011824311,0.0299315048625574,0.0815662136198676,,,,,,1
E,outdoor_phase1,session_E.csv,2025-08-02 14:17:17.478,2.625383330534272,0.0139663822647962,0.0310048457568225,0.0837217576943604,,,,,,1
E,outdoor_phase1,session_E.csv,2025-08-02 14:17:17.572,2.6234455039541187,0.0161081958793079,0.0314144769840064,0.1015921017522013,,,,,,1
E,outdoor_phase1,session_E.csv,2025-08-02 14:17:17.664,2.6205741787747057,0.0104016883654021,0.0280779094527195,0.0784313725490196,,,,,,1
E,outdoor_phase1,session_E.csv,2025-08-02 14:17:17.757,2.627180003809433,0.0151859445461439,0.0321579604499535,0.1036114570361145,,,,,,1
E,outdoor_phase1,session_E.csv,2025-08-02 14:17:17.850,2.627797819256161,0.014727845975514,0.0329321762942146,0.1032341848715576,,,,,,1
E,outdoor_phase1,session_E.csv,2025-08-02 14:17:17.942,2.623618368219065,0.0130246439276142,0.0273271302262959,0.0856136355549229,,,,,,1
E,outdoor_phase1,session_E.csv,2025-08-02 14:17:18.036,2.6238530684193635,0.0149240401106437,0.0316553433189968,0.113196804441044,,,,,,1
E,outdoor_phase1,session_E.csv,2025-08-02 14:17:18.144,2.6267566410884102,0.0155038098977615,0.030055141255014,0.0705097411262343,,,,,,1
E,outdoor_phase1,session_E.csv,2025-08-02 14:17:18.237,2.62898895108951,0.0121641600251126,0.0319615070482384,0.098233190399089,,,,,,1
E,outdoor_phase1,session_E.csv,2025-08-02 14:17:18.329,2.6262749837446893,0.0150283872619963,0.0323692936683656,0.0965004358887683,,,,,,1
E,outdoor_phase1,session_E.csv,2025-08-02 14:17:18.423,2.6226331607434057,0.0155088847426528,0.0313892731784063,0.1052687770245022,,,,,,1
E,outdoor_phase1,session_E.csv,2025-08-02 14:17:18.517,2.628291969414448,0.0160361534244667,0.0305831638307931,0.0828707657272986,,,,,,1
E,outdoor_phase1,session_E.csv,2025-08-02 14:17:18.609,2.62421823918049,0.0106903201512383,0.0288507883806354,0.0881353519898948,,,,,,1
E,outdoor_phase1,session_E.csv,2025-08-02 14:17:18.703,2.625213646619605,0.0137227125073138,0.029587948387003,0.0683035317142602,,,,,,1
E,outdoor_phase1,session_E.csv,2025-08-02 14:17:18.796,2.6267442118950406,0.0121671545559389,0.0307299493353252,0.078838248118026,,,,,,1
E,outdoor_phase1,session_E.csv,2025-08-02 14:17:18.893,2.6245333144748524,0.0126888018511723,0.0302690571763109,0.1086341558880566,,,,,,1
E,outdoor_phase1,session_E.csv,2025-08-02 14:17:18.986,2.6256491435869456,0.0125865501196351,0.0286922494997885,0.0623187632313959,,,,,,1
E,outdoor_phase1,session_E.csv,2025-08-02 14:17:19.080,2.6242918350540854,0.0139404597915695,0.0317260314322089,0.1087308506663345,,,,,,1
E,outdoor_phase1,session_E.csv,2025-08-02 14:17:19.172,2.627020800565474,0.0138309062712578,0.0313062433730696,0.0857102186793829,,,,,,1
E,outdoor_phase1,session_E.csv,2025-08-02 14:17:19.268,2.6251967121216464,0.0124193564118552,0.0307016099542571,0.0785531278912533,,,,,,1
E,outdoor_phase1,session_E.csv,2025-08-02 14:17:19.360,2.627745565121537,0.0137659083181654,0.0315064621473136,0.0951618356198508,,,,,,1
E,outdoor_phase1,session_E.csv,2025-08-02 14:17:19.452,2.624100726040176,0.016014053745562,0.0306176237617891,0.1049072986726451,,,,,,1
E,outdoor_phase1,session_E.csv,2025-08-02 14:17:19.545,2.6264205621070427,0.0168085558976749,0.033762519139459,0.103841568655362,,,,,,1
E,outdoor_phase1,session_E.csv,2025-08-02 14:17:19.640,2.6268848955039483,0.0137166975943688,0.0314311621814821,0.0872048540061564,,,,,,1
E,outdoor_phase1,session_E.csv,2025-08-02 14:17:19.733,2.625689300677529,0.0191442460420203,0.0337841167974922,0.1143614655065036,,,,,,1
E,outdoor_phase1,session_E.csv,2025-08-02 14:17:19.828,2.624968312562939,0.0130490295145099,0.0312593702950779,0.1171959790054265,,,,,,1
E,outdoor_phase1,session_E.csv,2025-08-02 14:17:19.922,2.626252731409107,0.0121332000180077,0.0308319571810661,0.0785737162378563,,,,,,1
E,outdoor_phase1,session_E.csv,2025-08-02 14:17:20.014,2.629192108940545,0.0120831994314713,0.0311702159386805,0.0813334993684734,,,,,,1
E,outdoor_phase1,session_E.csv,2025-08-02 14:17:20.107,2.624837484573458,0.0113835720587722,0.0291643185294514,0.0927770859277708,,,,,,1
E,outdoor_phase1,session_E.csv,2025-08-02 14:17:20.204,2.6248076397498603,0.0159781495046718,0.0327815339045851,0.1195580621630757,,,,,,1
E,outdoor_phase1,session_E.csv,2025-08-02 14:17:20.309,2.6265859973569494,0.0133999725126538,0.0325281799395753,0.0809185833466745,,,,,,1
E,outdoor_phase1,session_E.csv,2025-08-02 14:17:20.405,2.622342751909976,0.0117842702093245,0.0299129485406517,0.0966708777423889,,,,,,1
E,outdoor_phase1,session_E.csv,2025-08-02 14:17:20.500,2.6271959510020144,0.013605066429427,0.0302909392134788,0.0781383432963279,,,,,,1
E,outdoor_phase1,session_E.csv,2025-08-02 14:17:20.591,2.6276284832270584,0.0123141427141125,0.0290282411708375,0.078111099249137,,,,,,1
E,outdoor_phase1,session_E.csv,2025-08-02 14:17:20.685,2.6219761713757537,0.0154160555100802,0.0295894509617838,0.080881960386525,,,,,,1
E,outdoor_phase1,session_E.csv,2025-08-02 14:17:20.779,2.6291519429951387,0.0108909892097171,0.028910833225546,0.0800896605706966,,,,,,1
E,outdoor_phase1,session_E.csv,2025-08-02 14:17:20.873,2.6296968676502326,0.0127830365828701,0.0325565349967601,0.0970238201127853,,,,,,1
E,outdoor_phase1,session_E.csv,2025-08-02 14:17:20.967,2.629638903097966,0.0152099224873677,0.0330274582356958,0.1119689745961716,,,,,,1
E,outdoor_phase1,session_E.csv,2025-08-02 14:17:21.059,2.624165857127528,0.0131817949903448,0.0284359745616761,0.093026566309009,,,,,,1
E,outdoor_phase1,session_E.csv,2025-08-02 14:17:21.150,2.628108715270081,0.0147885476325714,0.0302035504482613,0.0718835628625315,,,,,,1
E,outdoor_phase1,session_E.csv,2025-08-02 14:17:21.247,2.630871095574092,0.0112050487912627,0.0314417278802471,0.0976847729296527,,,,,,1
E,outdoor_phase1,session_E.csv,2025-08-02 14:17:21.354,2.629066025311605,0.0156348014117183,0.0329446958080392,0.1083692132512543,,,,,,1
E,outdoor_phase1,session_E.csv,2025-08-02 14:17:21.443,2.6272243614955864,0.012797258407957,0.0290672253833097,0.0745854387588072,,,,,,1
E,outdoor_phase1,session_E.csv,2025-08-02 14:17:21.539,2.6232877760863174,0.0127389509244475,0.0285260282235742,0.0887655046002171,,,,,,1
E,outdoor_phase1,session_E.csv,2025-08-02 14:17:21.632,2.6246462155650048,0.0110567513453519,0.0298712922123177,0.1074802099083874,,,,,,1
E,outdoor_phase1,session_E.csv,2025-08-02 14:17:21.727,2.6263987120866688,0.0121532274267071,0.0287806262448005,0.0631249332811443,,,,,,1
E,outdoor_phase1,session_E.csv,2025-08-02 14:17:21.820,2.625646438403509,0.0130042201863294,0.0294226393226961,0.0671968403074295,,,,,,1
E,outdoor_phase1,session_E.csv,2025-08-02 14:17:21.912,2.6275015925883327,0.0131689932698309,0.0300822584786208,0.0858789830448164,,,,,,1
E,outdoor_phase1,session_E.csv,2025-08-02 14:17:22.005,2.62359067943788,0.0174226625719505,0.0328705271446005,0.1185095555001957,,,,,,1
E,outdoor_phase1,session_E.csv,2025-08-02 14:17:22.098,2.627606998904005,0.0136990018244713,0.0314138240704846,0.0965113589866752,,,,,,1
E,outdoor_phase1,session_E.csv,2025-08-02 14:17:22.195,2.623807326958508,0.0136509030811691,0.0310085758574929,0.099832752117287,,,,,,1
E,outdoor_phase1,session_E.csv,2025-08-02 14:17:22.288,2.62268550943262,0.0105472106839911,0.0271585078861762,0.0776128963382086,,,,,,1
E,outdoor_phase1,session_E.csv,2025-08-02 14:17:22.380,2.621365185799457,0.0146789549954301,0.0304300952937232,0.0902200793495472,,,,,,1
E,outdoor_phase1,session_E.csv,2025-08-02 14:17:22.473,2.626159603046262,0.0127977979768901,0.0314646174317876,0.0820255506921461,,,,,,1
E,outdoor_phase1,session_E.csv,2025-08-02 14:17:22.569,2.6304917704031503,0.015685541119013,0.0337650057956588,0.1128529992704236,,,,,,1
E,outdoor_phase1,session_E.csv,2025-08-02 14:17:22.663,2.627517176016274,0.0143718979016959,0.0330836586192404,0.1065945599772294,,,,,,1
E,outdoor_phase1,session_E.csv,2025-08-02 14:17:22.756,2.631024484831006,0.0172886572535883,0.033629143597156,0.0839516717379312,,,,,,1
E,outdoor_phase1,session_E.csv,2025-08-02 14:17:22.848,2.628476975379759,0.0136641274450337,0.0305735822258746,0.0798220640569395,,,,,,1
E,outdoor_phase1,session_E.csv,2025-08-02 14:17:22.941,2.623825278545076,0.0139390982824709,0.031689432032722,0.1206448628065055,,,,,,1
E,outdoor_phase1,session_E.csv,2025-08-02 14:17:23.033,2.63016753881751,0.013001147766262,0.0317598160726964,0.0992563336179903,,,,,,1
E,outdoor_phase1,session_E.csv,2025-08-02 14:17:23.129,2.627504306443227,0.0123490890301518,0.0293103941403507,0.0750204633616854,,,,,,1
E,outdoor_phase1,session_E.csv,2025-08-02 14:17:23.221,2.6251443393725014,0.0164091450012301,0.0339789574995155,0.1047264832544399,,,,,,1
E,outdoor_phase1,session_E.csv,2025-08-02 14:17:23.314,2.627727455771205,0.0145915606836606,0.0308769514949417,0.0919750889679715,,,,,,1
E,outdoor_phase1,session_E.csv,2025-08-02 14:17:23.411,2.629584325592436,0.0136287039739909,0.0327952064690165,0.1015034249621919,,,,,,1
E,outdoor_phase1,session_E.csv,2025-08-02 14:17:23.502,2.6234565624177315,0.013012054694163,0.0302291395562108,0.0960556514313163,,,,,,1
E,outdoor_phase1,session_E.csv,2025-08-02 14:17:23.596,2.627352098886432,0.0142795870922117,0.0327387544173212,0.099318541714855,,,,,,1
E,outdoor_phase1,session_E.csv,2025-08-02 14:17:23.691,2.629124317535453,0.0158066556979664,0.0307217812223434,0.0938917851360247,,,,,,1
E,outdoor_phase1,session_E.csv,2025-08-02 14:17:23.784,2.6265621955609104,0.0137797325424091,0.0309463340703997,0.085785447429283,,,,,,1
E,outdoor_phase1,session_E.csv,2025-08-02 14:17:23.876,2.625541826220855,0.014329123253081,0.0303972513606391,0.0735626456928305,,,,,,1
E,outdoor_phase1,session_E.csv,2025-08-02 14:17:23.970,2.6276874302083253,0.0154822451419922,0.0299717526144846,0.0848145182812917,,,,,,1
E,outdoor_phase1,session_E.csv,2025-08-02 14:17:24.061,2.6261655429522737,0.0155117446165246,0.0309132943431619,0.0823265661975339,,,,,,1
E,outdoor_phase1,session_E.csv,2025-08-02 14:17:24.155,2.6293854081228027,0.0115515018601188,0.0317235771738039,0.094506120125249,,,,,,1
E,outdoor_phase1,session_E.csv,2025-08-02 14:17:24.249,2.6267414724743325,0.0157331718584306,0.0319347208664525,0.0897702806099752,,,,,,1
E,outdoor_phase1,session_E.csv,2025-08-02 14:17:24.341,2.6265937051703574,0.0140457628220171,0.0319191827274902,0.0892301122715869,,,,,,1
E,outdoor_phase1,session_E.csv,2025-08-02 14:17:24.437,2.631773399745002,0.0148990376733928,0.0351198883491113,0.087477094415485,,,,,,1
E,outdoor_phase1,session_E.csv,2025-08-02 14:17:24.528,2.626765122629715,0.0124928819016493,0.0303147826580294,0.0808781668089951,,,,,,1
E,outdoor_phase1,session_E.csv,2025-08-02 14:17:24.623,2.6274571222710903,0.0141430359948218,0.0322095088818309,0.094989858733943,,,,,,1
E,outdoor_phase1,session_E.csv,2025-08-02 14:17:24.717,2.62656680565474,0.011648265199109,0.029704182722903,0.074562339880444,,,,,,1
E,outdoor_phase1,session_E.csv,2025-08-02 14:17:24.813,2.6274682757938224,0.0120144175019003,0.0316612583534181,0.0916048196201968,,,,,,1
E,outdoor_phase1,session_E.csv,2025-08-02 14:17:24.923,2.625831299558401,0.0112555992063806,0.0303783627337677,0.0794848075144097,,,,,,1
E,outdoor_phase1,session_E.csv,2025-08-02 14:17:25.015,2.6295981325484075,0.015844401191108,0.0318995368901974,0.0936226985679978,,,,,,1
E,outdoor_phase1,session_E.csv,2025-08-02 14:17:25.107,2.6260304035008044,0.0150330727946541,0.0312376728602711,0.0898934372275889,,,,,,1
E,outdoor_phase1,session_E.csv,2025-08-02 14:17:25.202,2.626449041158298,0.0137532164635505,0.0313969374162584,0.0905483790612433,,,,,,1
E,outdoor_phase1,session_E.csv,2025-08-02 14:17:25.293,2.624575017899053,0.0147209550469384,0.030821021574918,0.1007829181494661,,,,,,1
E,outdoor_phase1,session_E.csv,2025-08-02 14:17:25.385,2.62623661747872,0.011951822354049,0.0302232072052424,0.0774487471526196,,,,,,1
E,outdoor_phase1,session_E.csv,2025-08-02 14:17:25.478,2.6253840051367265,0.0132135235709313,0.0320652576319513,0.0879992883195445,,,,,,1
E,outdoor_phase1,session_E.csv,2025-08-02 14:17:25.573,2.6273014342122623,0.0144239718383095,0.0292968532074483,0.0826750640478223,,,,,,1
E,outdoor_phase1,session_E.csv,2025-08-02 14:17:25.666,2.624837093572077,0.0137309600172923,0.0293722127759736,0.0981246886342609,,,,,,1
E,outdoor_phase1,session_E.csv,2025-08-02 14:17:25.764,2.628157880982164,0.0154611134293591,0.0309964748988715,0.0960734428096144,,,,,,1
E,outdoor_phase1,session_E.csv,2025-08-02 14:17:25.854,2.6303866831482163,0.0160871252624734,0.0322934374684742,0.1068294679885374,,,,,,1
E,outdoor_phase1,session_E.csv,2025-08-02 14:17:25.950,2.625794574598469,0.0148195810632561,0.0326531017928733,0.1029974206172729,,,,,,1
E,outdoor_phase1,session_E.csv,2025-08-02 14:17:26.060,2.631443911126896,0.0154838196602018,0.0319927169863412,0.0780179699315007,,,,,,1
E,outdoor_phase1,session_E.csv,2025-08-02 14:17:26.151,2.630573574037317,0.0128754871429104,0.0319235442412161,0.1029728335319966,,,,,,1
E,outdoor_phase1,session_E.csv,2025-08-02 14:17:26.241,2.625264184330052,0.0150329996739891,0.0326082624435378,0.0978525806394221,,,,,,1
E,outdoor_phase1,session_E.csv,2025-08-02 14:17:26.335,2.625593930302126,0.0143839043313516,0.0309048805079365,0.0796982850636874,,,,,,1
E,outdoor_phase1,session_E.csv,2025-08-02 14:17:26.427,2.629121558022515,0.0136248733841982,0.0338014494473571,0.1060627623994876,,,,,,1
E,outdoor_phase1,session_E.csv,2025-08-02 14:17:26.520,2.627717081772514,0.0151835236035236,0.0303924745680422,0.087640329496326,,,,,,1
E,outdoor_phase1,session_E.csv,2025-08-02 14:17:26.613,2.6257569435051207,0.0139781720421404,0.0317113133407684,0.0881950004448002,,,,,,1
E,outdoor_phase1,session_E.csv,2025-08-02 14:17:26.707,2.628835341117176,0.0124332402310247,0.0298065284331415,0.0868219260946145,,,,,,1
E,outdoor_phase1,session_E.csv,2025-08-02 14:17:26.799,2.627784310147832,0.012532391572144,0.0310304670725215,0.0862262237326738,,,,,,1
E,outdoor_phase1,session_E.csv,2025-08-02 14:17:26.892,2.625001210012866,0.0112832669308932,0.0283974178021252,0.0732865988185894,,,,,,1
E,outdoor_phase1,session_E.csv,2025-08-02 14:17:26.985,2.6276991107545657,0.0155162216126599,0.0301927555135021,0.0776018502045899,,,,,,1
E,outdoor_phase1,session_E.csv,2025-08-02 14:17:27.082,2.6317313793367125,0.0129734066069486,0.0322508978186467,0.0721719175279739,,,,,,1
E,outdoor_phase1,session_E.csv,2025-08-02 14:17:27.177,2.625306183953288,0.0151619034448016,0.0319813097574481,0.0943678263190675,,,,,,1
E,outdoor_phase1,session_E.csv,2025-08-02 14:17:27.284,2.631692206901429,0.0125527172391333,0.0310918228224601,0.0686496006261896,,,,,,1
E,outdoor_phase1,session_E.csv,2025-08-02 14:17:27.377,2.6267353079049345,0.0124774874430818,0.0306368903031105,0.0880824404655964,,,,,,1
E,outdoor_phase1,session_E.csv,2025-08-02 14:17:27.470,2.6288047863685047,0.0122797242187016,0.0300844705905769,0.0794235388310648,,,,,,1
E,outdoor_phase1,session_E.csv,2025-08-02 14:17:27.564,2.627921209285504,0.0126786345997033,0.0317404912779349,0.0987511563367252,,,,,,1
E,outdoor_phase1,session_E.csv,2025-08-02 14:17:27.658,2.6317421632176,0.0123006217208659,0.0324664853212006,0.0862719282638864,,,,,,1
E,outdoor_phase1,session_E.csv,2025-08-02 14:17:27.751,2.6290949062926634,0.0151810984335867,0.032717886766845,0.1028592779744853,,,,,,1
E,outdoor_phase1,session_E.csv,2025-08-02 14:17:27.847,2.63002860536936,0.0160541656848888,0.0330128513059278,0.100989077454015,,,,,,1
E,outdoor_phase1,session_E.csv,2025-08-02 14:17:27.935,2.628002864744437,0.0136656164700767,0.0323217815374518,0.0951677756823115,,,,,,1
E,outdoor_phase1,session_E.csv,2025-08-02 14:17:28.031,2.62632527287806,0.0123789202383581,0.0299323336212106,0.0738625242442036,,,,,,1
E,outdoor_phase1,session_E.csv,2025-08-02 14:17:28.129,2.626557265578793,0.0133873293879261,0.0325172373289739,0.0870454707179961,,,,,,1
E,outdoor_phase1,session_E.csv,2025-08-02 14:17:28.218,2.627125171487436,0.0135739364063161,0.0314710354269417,0.0928242264647794,,,,,,1
E,outdoor_phase1,session_E.csv,2025-08-02 14:17:28.315,2.624740103674633,0.0126924787097437,0.0311269538413009,0.1039550233956624,,,,,,1
E,outdoor_phase1,session_E.csv,2025-08-02 14:17:28.405,2.6284174395508377,0.0130876063357702,0.0304876332765236,0.0804875878636889,,,,,,1
E,outdoor_phase1,session_E.csv,2025-08-02 14:17:28.499,2.627808564293318,0.0114604134092249,0.0304419901191476,0.0863516686828435,,,,,,1
E,outdoor_phase1,session_E.csv,2025-08-02 14:17:28.593,2.631463166377161,0.0168136923603441,0.0334194693668512,0.0886508416669632,,,,,,1
E,outdoor_phase1,session_E.csv,2025-08-02 14:17:28.684,2.6260513438088675,0.0159163004598575,0.0329118871905439,0.092810108560242,,,,,,1
E,outdoor_phase1,session_E.csv,2025-08-02 14:17:28.778,2.628891207985467,0.0114371037927666,0.0315483953253179,0.0902362653003131,,,,,,1
E,outdoor_phase1,session_E.csv,2025-08-02 14:17:28.876,2.627605103718005,0.0127960190732959,0.0324537122552075,0.1019805327686531,,,,,,1
E,outdoor_phase1,session_E.csv,2025-08-02 14:17:28.969,2.6281780093615974,0.0175929237551688,0.0339860858087694,0.1076238768792812,,,,,,1
E,outdoor_phase1,session_E.csv,2025-08-02 14:17:29.064,2.6293220707243177,0.0162210555748499,0.032021859578752,0.1018647023237607,,,,,,1
E,outdoor_phase1,session_E.csv,2025-08-02 14:17:29.160,2.627066878030349,0.0112586761873298,0.0302604443807532,0.0818047574145569,,,,,,1
E,outdoor_phase1,session_E.csv,2025-08-02 14:17:29.266,2.623849476015021,0.0127138730636823,0.0319612818014438,0.1175507589373098,,,,,,1
E,outdoor_phase1,session_E.csv,2025-08-02 14:17:29.358,2.628746735782088,0.0119071888204312,0.0316325171564536,0.1047322540473225,,,,,,1
E,outdoor_phase1,session_E.csv,2025-08-02 14:17:29.454,2.623417178289853,0.0146051983454022,0.0319800258162033,0.1175643694727664,,,,,,1
E,outdoor_phase1,session_E.csv,2025-08-02 14:17:29.547,2.62780354787515,0.0162428323948287,0.0323443822900616,0.1002722080879605,,,,,,1
E,outdoor_phase1,session_E.csv,2025-08-02 14:17:29.639,2.6281365693374865,0.0140661397274214,0.0310116799820059,0.1025335373447674,,,,,,1
E,outdoor_phase1,session_E.csv,2025-08-02 14:17:29.733,2.6277504584472733,0.0112819224687258,0.0292440247599682,0.0857132689193757,,,,,,1
E,outdoor_phase1,session_E.csv,2025-08-02 14:17:29.826,2.626767440839835,0.011054610448904,0.0312685052917542,0.0858286629303442,,,,,,1
E,outdoor_phase1,session_E.csv,2025-08-02 14:17:29.918,2.631604412869241,0.0148772281011974,0.0335306134247844,0.0930878035761942,,,,,,1
E,outdoor_phase1,session_E.csv,2025-08-02 14:17:30.013,2.626628692119916,0.0123083569873719,0.0289198139834506,0.0767916874243826,,,,,,1
E,outdoor_phase1,session_E.csv,2025-08-02 14:17:30.106,2.6304140370532387,0.0115990058586033,0.0296315957098921,0.0891300480341576,,,,,,1
E,outdoor_phase1,session_E.csv,2025-08-02 14:17:30.200,2.6256107929896526,0.0121408038373634,0.0303012598777552,0.0742295921998434,,,,,,1
E,outdoor_phase1,session_E.csv,2025-08-02 14:17:30.295,2.6267620235955187,0.013630232485831,0.0297484978345168,0.0766862978844545,,,,,,1
E,outdoor_phase1,session_E.csv,2025-08-02 14:17:30.392,2.62764746616887,0.015508694905401,0.0316155183413781,0.0973262412609183,,,,,,1
E,outdoor_phase1,session_E.csv,2025-08-02 14:17:30.496,2.627281343099397,0.0147604541620264,0.0313394568910966,0.0846483659200483,,,,,,1
E,outdoor_phase1,session_E.csv,2025-08-02 14:17:30.589,2.6232671210221747,0.0121498787389277,0.0302086211921652,0.0980196786648399,,,,,,1
E,outdoor_phase1,session_E.csv,2025-08-02 14:17:30.683,2.624060745254675,0.0119615938561295,0.0284613756787204,0.086900822034803,,,,,,1
E,outdoor_phase1,session_E.csv,2025-08-02 14:17:30.776,2.628722176066651,0.0121619319533852,0.0316931041119412,0.0940374726428355,,,,,,1
E,outdoor_phase1,session_E.csv,2025-08-02 14:17:30.870,2.632433665340252,0.014169410507803,0.0329596256121561,0.0907004465635952,,,,,,1
E,outdoor_phase1,session_E.csv,2025-08-02 14:17:30.964,2.6252663145596644,0.0137200476137996,0.0301319242429141,0.0751850270424139,,,,,,1
E,outdoor_phase1,session_E.csv,2025-08-02 14:17:31.055,2.628898986278556,0.0149390317146023,0.0326508382902126,0.1076143035047144,,,,,,1
E,outdoor_phase1,session_E.csv,2025-08-02 14:17:31.151,2.630276130701562,0.0151704347464713,0.0321426719370662,0.1031326245302844,,,,,,1
E,outdoor_phase1,session_E.csv,2025-08-02 14:17:31.245,2.631859024095688,0.0170100007214435,0.0336505934429652,0.0875142328494164,,,,,,1
E,outdoor_phase1,session_E.csv,2025-08-02 14:17:31.340,2.6307478077916886,0.0099770295623384,0.0309182661921143,0.0742915087794204,,,,,,1
E,outdoor_phase1,session_E.csv,2025-08-02 14:17:31.433,2.628252081852064,0.012818411407237,0.0309856935205051,0.08982707087959,,,,,,1
E,outdoor_phase1,session_E.csv,2025-08-02 14:17:31.528,2.6274912913798087,0.015266748266433,0.0318820204881536,0.090878360346576,,,,,,1
E,outdoor_phase1,session_E.csv,2025-08-02 14:17:31.619,2.627592403757859,0.0113663721974714,0.0279781168549774,0.072638320583526,,,,,,1
E,outdoor_phase1,session_E.csv,2025-08-02 14:17:31.711,2.6295229847832027,0.0146601247709066,0.0317313490654529,0.0910303849711805,,,,,,1
E,outdoor_phase1,session_E.csv,2025-08-02 14:17:31.812,2.6285332921527265,0.013346231204576,0.0303056512372813,0.0893711642799964,,,,,,1
E,outdoor_phase1,session_E.csv,2025-08-02 14:17:31.914,2.626860818277114,0.0129755367968694,0.0303000591583935,0.0789937196434607,,,,,,1
E,outdoor_phase1,session_E.csv,2025-08-02 14:17:32.009,2.628910184459163,0.0126461850489776,0.0321575843873797,0.1114293338077025,,,,,,1
E,outdoor_phase1,session_E.csv,2025-08-02 14:17:32.102,2.6288010570466427,0.0153173665112934,0.0305061839228566,0.0834519319718209,,,,,,1
E,outdoor_phase1,session_E.csv,2025-08-02 14:17:32.196,2.628885919480746,0.013557470386615,0.0301317485592396,0.0878694592238019,,,,,,1
E,outdoor_phase1,session_E.csv,2025-08-02 14:17:32.287,2.628104633243737,0.0152203728340051,0.03326998333938,0.1062697932605059,,,,,,1
E,outdoor_phase1,session_E.csv,2025-08-02 14:17:32.381,2.6275612280053027,0.0126920456224916,0.0294955382403706,0.0770106761565836,,,,,,1
E,outdoor_phase1,session_E.csv,2025-08-02 14:17:32.478,2.6280537292949626,0.010550361403586,0.031318670841961,0.0877099345288926,,,,,,1
E,outdoor_phase1,session_E.csv,2025-08-02 14:17:32.570,2.6291904011504506,0.0146818751988681,0.0326076187373674,0.1071460338355896,,,,,,1
E,outdoor_phase1,session_E.csv,2025-08-02 14:17:32.663,2.627207253280046,0.0124235751360167,0.0308959774081979,0.0853426339484314,,,,,,1
E,outdoor_phase1,session_E.csv,2025-08-02 14:17:32.759,2.6314734383956195,0.0136528962789551,0.0326153184263285,0.0851302305721605,,,,,,1
E,outdoor_phase1,session_E.csv,2025-08-02 14:17:32.862,2.627040439323692,0.0134229490077807,0.0308837797542407,0.0963741816111585,,,,,,1
E,outdoor_phase1,session_E.csv,2025-08-02 14:17:32.961,2.62928714050554,0.0141861531612185,0.0315246755126539,0.0866277621606234,,,,,,1
E,outdoor_phase1,session_E.csv,2025-08-02 14:17:33.051,2.6287230517910483,0.0136155033451869,0.0294675901497082,0.0795424220320589,,,,,,1
E,outdoor_phase1,session_E.csv,2025-08-02 14:17:33.144,2.626196972049332,0.0153908173210548,0.0316462808376352,0.0927125217948261,,,,,,1
E,outdoor_phase1,session_E.csv,2025-08-02 14:17:33.237,2.626662046974457,0.0127630323087007,0.0305496268421005,0.0792620004981674,,,,,,1
E,outdoor_phase1,session_E.csv,2025-08-02 14:17:33.333,2.628431111160255,0.0140117109579526,0.0321583486945705,0.0969946084449901,,,,,,1
E,outdoor_phase1,session_E.csv,2025-08-02 14:17:33.427,2.633112090057035,0.0165349332456785,0.0351160622543583,0.1140641121428825,,,,,,1
E,outdoor_phase1,session_E.csv,2025-08-02 14:17:33.528,2.63155464279114,0.0134742969117089,0.0308183679291071,0.0725124975538595,,,,,,1
E,outdoor_phase1,session_E.csv,2025-08-02 14:17:33.635,2.6287708540506665,0.013097174056906,0.0305132006930362,0.0944621350933058,,,,,,1
E,outdoor_phase1,session_E.csv,2025-08-02 14:17:33.725,2.630499359926353,0.0151867674884853,0.0324818966858247,0.0993808710503842,,,,,,1
E,outdoor_phase1,session_E.csv,2025-08-02 14:17:33.815,2.627813825882069,0.0134144274675935,0.0308388021422772,0.0878291814946619,,,,,,1
E,outdoor_phase1,session_E.csv,2025-08-02 14:17:33.916,2.6283941639879256,0.0153050338346971,0.0312708060911131,0.0968327402135231,,,,,,1
E,outdoor_phase1,session_E.csv,2025-08-02 14:17:34.010,2.627571461883992,0.0109387273953268,0.0294028351073898,0.0791290115989468,,,,,,1
E,outdoor_phase1,session_E.csv,2025-08-02 14:17:34.100,2.6266363396286785,0.0125331102795693,0.0288800449463433,0.0623087869085734,,,,,,1
E,outdoor_phase1,session_E.csv,2025-08-02 14:17:34.193,2.629487911981905,0.0116713665008238,0.0315405096905642,0.0930956574335984,,,,,,1
E,outdoor_phase1,session_E.csv,2025-08-02 14:17:34.282,2.628528770496408,0.012423982261863,0.0286353567019777,0.0769874030318126,,,,,,1
E,outdoor_phase1,session_E.csv,2025-08-02 14:17:34.374,2.629238178609201,0.012900582767282,0.0312593949786351,0.0922611634940402,,,,,,1
E,outdoor_phase1,session_E.csv,2025-08-02 14:17:34.470,2.630455849519606,0.0175322819115227,0.0341038058250767,0.124544079708211,,,,,,1
E,outdoor_phase1,session_E.csv,2025-08-02 14:17:34.563,2.632158868170785,0.0108983798115442,0.0308386885173979,0.0667390221336559,,,,,,1
E,outdoor_phase1,session_E.csv,2025-08-02 14:17:34.657,2.6286832968719778,0.0157368857552768,0.0346002244592399,0.1114155576115579,,,,,,1
E,outdoor_phase1,session_E.csv,2025-08-02 14:17:34.750,2.627412740196438,0.013895788987273,0.0304487337630122,0.0831421100378888,,,,,,1
E,outdoor_phase1,session_E.csv,2025-08-02 14:17:34.844,2.630800281514861,0.01567304964497,0.0326738954669187,0.1044850468786137,,,,,,1
E,outdoor_phase1,session_E.csv,2025-08-02 14:17:34.934,2.629314589511356,0.0163155565114191,0.0321424910590438,0.0989628733566968,,,,,,1
E,outdoor_phase1,session_E.csv,2025-08-02 14:17:35.030,2.629697575490132,0.0126072220558703,0.0318332510564626,0.0879752352826059,,,,,,1
E,outdoor_phase1,session_E.csv,2025-08-02 14:17:35.126,2.630221677021049,0.0151091752852501,0.0332104843483731,0.0947907771135781,,,,,,1
E,outdoor_phase1,session_E.csv,2025-08-02 14:17:35.215,2.630024460061319,0.0147929302066468,0.0322957042116819,0.1008449702036822,,,,,,1
E,outdoor_phase1,session_E.csv,2025-08-02 14:17:35.311,2.6308482809478364,0.0148942366628084,0.0328800247962082,0.116725079613585,,,,,,1
E,outdoor_phase1,session_E.csv,2025-08-02 14:17:35.404,2.632122305336465,0.0131742247611587,0.0330454638470058,0.0836476197253255,,,,,,1
E,outdoor_phase1,session_E.csv,2025-08-02 14:17:35.498,2.6279819782622806,0.0118067673999627,0.0309037580808047,0.0826024302158017,,,,,,1
E,outdoor_phase1,session_E.csv,2025-08-02 14:17:35.599,2.632051378329135,0.0149977048303405,0.034464734073416,0.0939851630463788,,,,,,1
E,outdoor_phase1,session_E.csv,2025-08-02 14:17:35.710,2.626309392636366,0.013707196276978,0.0310590212336559,0.0852226216322027,,,,,,1
E,outdoor_phase1,session_E.csv,2025-08-02 14:17:35.815,2.6280150876393704,0.0147994142335077,0.0311441173788991,0.0868946375831761,,,,,,1
E,outdoor_phase1,session_E.csv,2025-08-02 14:17:35.915,2.628858711261763,0.013408453714451,0.0321397874820325,0.0999804308765188,,,,,,1
E,outdoor_phase1,session_E.csv,2025-08-02 14:17:36.015,2.6278869320414824,0.0146297429837925,0.0303716846371028,0.0833555733475669,,,,,,1
E,outdoor_phase1,session_E.csv,2025-08-02 14:17:36.111,2.6296304193061446,0.0111192555137775,0.0307200354943524,0.0847282753713421,,,,,,1
E,outdoor_phase1,session_E.csv,2025-08-02 14:17:36.204,2.628553817975813,0.0112786387491183,0.029233500651422,0.0823502197547999,,,,,,1
E,outdoor_phase1,session_E.csv,2025-08-02 14:17:36.300,2.629470799979876,0.0129475556001155,0.0308427983238682,0.0923241127812861,,,,,,1
E,outdoor_phase1,session_E.csv,2025-08-02 14:17:36.392,2.63331453532301,0.0125120473926666,0.0309227056693428,0.0892723714641522,,,,,,1
E,outdoor_phase1,session_E.csv,2025-08-02 14:17:36.487,2.6291020731008885,0.0143014075932595,0.0321424729985347,0.1098834623254158,,,,,,1
E,outdoor_phase1,session_E.csv,2025-08-02 14:17:36.580,2.6308236010064325,0.0149441872372557,0.0322658830317233,0.0978139063305999,,,,,,1
E,outdoor_phase1,session_E.csv,2025-08-02 14:17:36.673,2.624355000095008,0.0118136948098635,0.0283617583298544,0.0819750889679715,,,,,,1
E,outdoor_phase1,session_E.csv,2025-08-02 14:17:36.768,2.6289374614037184,0.0139989275288255,0.0310982374576206,0.0897073214126857,,,,,,1
E,outdoor_phase1,session_E.csv,2025-08-02 14:17:36.861,2.62831117388367,0.0129010429809437,0.0295859083702358,0.0820272890612491,,,,,,1
E,outdoor_phase1,session_E.csv,2025-08-02 14:17:36.958,2.634258726180804,0.0118066807191074,0.0312457503937603,0.0860461806667378,,,,,,1
E,outdoor_phase1,session_E.csv,2025-08-02 14:17:37.115,2.625372531005221,0.0135926535427826,0.0316329080079448,0.0882478556429512,,,,,,1
E,outdoor_phase1,session_E.csv,2025-08-02 14:17:37.229,2.6282679076350104,0.0163556080946593,0.031754219604179,0.0983524890581076,,,,,,1
E,outdoor_phase1,session_E.csv,2025-08-02 14:17:37.334,2.634473696978705,0.0150765299580074,0.0341837426958797,0.1111209948584746,,,,,,1
E,outdoor_phase1,session_E.csv,2025-08-02 14:17:37.442,2.6309003277935927,0.014022984980992,0.0313342481837569,0.09597181695253,,,,,,1
E,outdoor_phase1,session_E.csv,2025-08-02 14:17:37.554,2.631087246249443,0.0132201645897492,0.0329303158647802,0.085911508833105,,,,,,1
E,outdoor_phase1,session_E.csv,2025-08-02 14:17:37.659,2.628732224831392,0.0108168807375147,0.0291629166707956,0.0728809036733967,,,,,,1
E,outdoor_phase1,session_E.csv,2025-08-02 14:17:37.778,2.629139657278409,0.0140448781621512,0.0331632546663664,0.1032525532899185,,,,,,1
E,outdoor_phase1,session_E.csv,2025-08-02 14:17:37.886,2.6329246976649663,0.0123038987528924,0.030277100429786,0.0701083379289488,,,,,,1
E,outdoor_phase1,session_E.csv,2025-08-02 14:17:37.985,2.63183871531713,0.0137034716207075,0.0334649882240348,0.0865488961235345,,,,,,1
E,outdoor_phase1,session_E.csv,2025-08-02 14:17:38.095,2.632082913843403,0.0139082429595882,0.0335838539765504,0.0861715954207986,,,,,,1
E,outdoor_phase1,session_E.csv,2025-08-02 14:17:38.319,2.6295798512864086,0.0157481173102642,0.0324406265048135,0.1091423386881571,,,,,,1
E,outdoor_phase1,session_E.csv,2025-08-02 14:17:38.420,2.629545870599721,0.0167182293132609,0.0327852271447951,0.1062417707554891,,,,,,1
E,outdoor_phase1,session_E.csv,2025-08-02 14:17:38.521,2.626672561558624,0.0119654771220125,0.0288305660661169,0.0698464658684552,,,,,,1
E,outdoor_phase1,session_E.csv,2025-08-02 14:17:38.624,2.63106311415336,0.0148700121328613,0.0303374388773138,0.0615838907072719,,,,,,1
E,outdoor_phase1,session_E.csv,2025-08-02 14:17:38.719,2.6299595071997133,0.0142523772348131,0.0310121463784056,0.0879783656839895,,,,,,1
E,outdoor_phase1,session_E.csv,2025-08-02 14:17:38.812,2.630800665814221,0.0158411014257354,0.0317626031279776,0.1066771042752682,,,,,,1
E,outdoor_phase1,session_E.csv,2025-08-02 14:17:38.902,2.63241883022274,0.0124154436714226,0.0321944321059211,0.0727463573449091,,,,,,1
E,outdoor_phase1,session_E.csv,2025-08-02 14:17:38.997,2.62863549871269,0.0121297686404791,0.0309836209503237,0.0880966358897724,,,,,,1
E,outdoor_phase1,session_E.csv,2025-08-02 14:17:39.087,2.62882389812507,0.0141751043041596,0.0297207550120137,0.0840479664092801,,,,,,1
E,outdoor_phase1,session_E.csv,2025-08-02 14:17:39.183,2.628739851616896,0.0123730319542496,0.0305932663807875,0.0840004269399082,,,,,,1
E,outdoor_phase1,session_E.csv,2025-08-02 14:17:39.293,2.630373665861306,0.0137734892443649,0.0313811009473642,0.1069572953736654,,,,,,1
E,outdoor_phase1,session_E.csv,2025-08-02 14:17:39.399,2.629607987569777,0.0144020531972035,0.0311675251001689,0.0870230365560793,,,,,,1
E,outdoor_phase1,session_E.csv,2025-08-02 14:17:39.507,2.629015584754117,0.0131149494288208,0.0289099110560766,0.0790072940757872,,,,,,1
E,outdoor_phase1,session_E.csv,2025-08-02 14:17:39.603,2.631851599937739,0.0135747188561909,0.0305934556049619,0.0710600291783795,,,,,,1
E,outdoor_phase1,session_E.csv,2025-08-02 14:17:39.695,2.630974061986439,0.0128509873938447,0.0310157301954689,0.0934887030777441,,,,,,1
E,outdoor_phase1,session_E.csv,2025-08-02 14:17:39.788,2.625821126979069,0.0108173265008574,0.0276367714066403,0.0619963353672638,,,,,,1
E,outdoor_phase1,session_E.csv,2025-08-02 14:17:39.881,2.632380762273192,0.015125930839668,0.0330603715137522,0.0843251320915835,,,,,,1
E,outdoor_phase1,session_E.csv,2025-08-02 14:17:39.976,2.628728072052128,0.015797997521744,0.0334924973129284,0.1106999252748816,,,,,,1
E,outdoor_phase1,session_E.csv,2025-08-02 14:17:40.070,2.6319333812584538,0.0132237631580919,0.0317443500737801,0.0733967802188028,,,,,,1
E,outdoor_phase1,session_E.csv,2025-08-02 14:17:40.167,2.6280768467566458,0.0145208941410255,0.0317644992398132,0.0952575779137612,,,,,,1
E,outdoor_phase1,session_E.csv,2025-08-02 14:17:40.267,2.635590346868336,0.0142686402156068,0.0314824236169086,0.0971070704195281,,,,,,1
E,outdoor_phase1,session_E.csv,2025-08-02 14:17:40.374,2.6355959194519047,0.0100711832822584,0.0310940760667452,0.0873881406892134,,,,,,1
E,outdoor_phase1,session_E.csv,2025-08-02 14:17:40.468,2.637535793816747,0.0166000345074139,0.0349303385191466,0.1136056358073009,,,,,,1
E,outdoor_phase1,session_E.csv,2025-08-02 14:17:40.562,2.6359534261563926,0.0117208252296102,0.0312511456458616,0.0858728718578214,,,,,,1
E,outdoor_phase1,session_E.csv,2025-08-02 14:17:40.659,2.6362859386118584,0.0104818288619812,0.0315123691181329,0.091061104687361,,,,,,1
E,outdoor_phase1,session_E.csv,2025-08-02 14:17:40.751,2.6371113787032656,0.011731539256711,0.0303513172656057,0.0795658749221599,,,,,,1
E,outdoor_phase1,session_E.csv,2025-08-02 14:17:40.845,2.635599801409984,0.0129012497751069,0.0312471638869188,0.0912616523162314,,,,,,1
E,outdoor_phase1,session_E.csv,2025-08-02 14:17:40.936,2.635224867654584,0.0132634768624699,0.0336440491239827,0.1078080802689865,,,,,,1
E,outdoor_phase1,session_E.csv,2025-08-02 14:17:41.033,2.6338000468320364,0.0113310266293438,0.0316423554408383,0.1026717421466434,,,,,,1
E,outdoor_phase1,session_E.csv,2025-08-02 14:17:41.124,2.636459949115543,0.0140086367452662,0.0317995222182755,0.095116961665036,,,,,,1
E,outdoor_phase1,session_E.csv,2025-08-02 14:17:41.215,2.636805305261449,0.0143848136967887,0.0342014980366353,0.1096129215881599,,,,,,1
E,outdoor_phase1,session_E.csv,2025-08-02 14:17:41.310,2.636772162741508,0.0102181995660784,0.0324536134626695,0.0900001779011225,,,,,,1
E,outdoor_phase1,session_E.csv,2025-08-02 14:17:41.407,2.6374181825558165,0.011636098052565,0.0307598748502341,0.0869240348692403,,,,,,1
E,outdoor_phase1,session_E.csv,2025-08-02 14:17:41.499,2.6340412188074263,0.0108621641791099,0.0307975174065363,0.0851582374183907,,,,,,1
E,outdoor_phase1,session_E.csv,2025-08-02 14:17:41.592,2.63821767441194,0.0132395709461694,0.0331670674593021,0.1296612581838884,,,,,,1
E,outdoor_phase1,session_E.csv,2025-08-02 14:17:41.688,2.6354767739944074,0.0111498228491766,0.0307281399928455,0.0830679452737203,,,,,,1
E,outdoor_phase1,session_E.csv,2025-08-02 14:17:41.781,2.636699406400868,0.0123110894979703,0.031088212444127,0.0865093768905021,,,,,,1
E,outdoor_phase1,session_E.csv,2025-08-02 14:17:41.886,2.634180753063144,0.0152467541944689,0.032272696105454,0.0942453081917637,,,,,,1
E,outdoor_phase1,session_E.csv,2025-08-02 14:17:41.982,2.639497990214089,0.0129632373156124,0.0329074422419444,0.1094445037543147,,,,,,1
E,outdoor_phase1,session_E.csv,2025-08-02 14:17:42.074,2.6351953425873043,0.0123939235152632,0.0293353261418874,0.0763824638815742,,,,,,1
E,outdoor_phase1,session_E.csv,2025-08-02 14:17:42.167,2.636070518176223,0.0096445029895965,0.0315963350719936,0.0942308718623805,,,,,,1
E,outdoor_phase1,session_E.csv,2025-08-02 14:17:42.262,2.636893633633759,0.0131771850798614,0.0302086449263121,0.0762306310152817,,,,,,1
E,outdoor_phase1,session_E.csv,2025-08-02 14:17:42.356,2.636621858480694,0.0118210655995332,0.0298919537624419,0.0858078758100121,,,,,,1
E,outdoor_phase1,session_E.csv,2025-08-02 14:17:42.447,2.6380764255919416,0.0122835687466947,0.0319467258014687,0.1031335077136603,,,,,,1
E,outdoor_phase1,session_E.csv,2025-08-02 14:17:42.545,2.637339388743143,0.0115576971235,0.0300158432506342,0.0768546521971179,,,,,,1
E,outdoor_phase1,session_E.csv,2025-08-02 14:17:42.638,2.6391631866215755,0.0119320547258913,0.0304179344317507,0.1103856827723617,,,,,,1
E,outdoor_phase1,session_E.csv,2025-08-02 14:17:42.730,2.634456183363023,0.0111912504154457,0.0334697253005417,0.1160568092831209,,,,,,1
E,outdoor_phase1,session_E.csv,2025-08-02 14:17:42.825,2.6365270854439213,0.0123341859955371,0.0317625824706909,0.0964534956360326,,,,,,1
E,outdoor_phase1,session_E.csv,2025-08-02 14:17:42.920,2.6369435654502063,0.0120871602611293,0.0318744095620667,0.1004697007436928,,,,,,1
E,outdoor_phase1,session_E.csv,2025-08-02 14:17:43.029,2.6390199264461827,0.0110899300105336,0.0310075237387048,0.10092689782775,,,,,,1
E,outdoor_phase1,session_E.csv,2025-08-02 14:17:43.119,2.635608405439453,0.0123732050387237,0.0341008159703825,0.1005764509127139,,,,,,1
E,outdoor_phase1,session_E.csv,2025-08-02 14:17:43.217,2.637816815972888,0.014612408053216,0.0349354851079227,0.1090355980146234,,,,,,1
E,outdoor_phase1,session_E.csv,2025-08-02 14:17:43.309,2.634033054607636,0.0129935594677898,0.0310127087696696,0.0826172813150451,,,,,,1
E,outdoor_phase1,session_E.csv,2025-08-02 14:17:43.407,2.637515354966032,0.0098872629886724,0.0316661823654143,0.092730313489663,,,,,,1
E,outdoor_phase1,session_E.csv,2025-08-02 14:17:43.497,2.635952715395294,0.0128091236172518,0.0297699968240483,0.0761047463175122,,,,,,1
E,outdoor_phase1,session_E.csv,2025-08-02 14:17:43.597,2.638648135721994,0.0101408081191071,0.0318250201094811,0.1079691059225512,,,,,,1
E,outdoor_phase1,session_E.csv,2025-08-02 14:17:43.704,2.6338050391651344,0.0126200426653975,0.0313681949431929,0.0875529302921396,,,,,,1
E,outdoor_phase1,session_E.csv,2025-08-02 14:17:43.793,2.636657196929918,0.0131647038468826,0.0350274302924654,0.1052303860523038,,,,,,1
E,outdoor_phase1,session_E.csv,2025-08-02 14:17:43.886,2.634665386462687,0.0110130358989471,0.032199831499455,0.0925214359412246,,,,,,1
E,outdoor_phase1,session_E.csv,2025-08-02 14:17:43.982,2.6383522342311783,0.0122558308471976,0.0322838402972461,0.1110517885744794,,,,,,1
E,outdoor_phase1,session_E.csv,2025-08-02 14:17:44.076,2.634918607957157,0.0110380618917141,0.0314100332035054,0.090715010051771,,,,,,1
E,outdoor_phase1,session_E.csv,2025-08-02 14:17:44.168,2.638493160492746,0.0097670238747858,0.029962886680609,0.0895376349824767,,,,,,1
E,outdoor_phase1,session_E.csv,2025-08-02 14:17:44.260,2.6370351496218616,0.0127570201384142,0.0308935572756021,0.0787825963214628,,,,,,1
E,outdoor_phase1,session_E.csv,2025-08-02 14:17:44.354,2.636705816091229,0.0130506789243216,0.0337910654812847,0.0982690836639211,,,,,,1
E,outdoor_phase1,session_E.csv,2025-08-02 14:17:44.450,2.6345990364012324,0.0107386384462556,0.0294918055144695,0.0742368177613321,,,,,,1
E,outdoor_phase1,session_E.csv,2025-08-02 14:17:44.542,2.635489886240836,0.0126675876163803,0.0298607542356472,0.0757912715498069,,,,,,1
E,outdoor_phase1,session_E.csv,2025-08-02 14:17:44.636,2.633741709324893,0.0125995905500001,0.0303281045165671,0.0847270656892747,,,,,,1
E,outdoor_phase1,session_E.csv,2025-08-02 14:17:44.734,2.6380834482587403,0.0127149950859512,0.0332111424152679,0.1176732188917548,,,,,,1
E,outdoor_phase1,session_E.csv,2025-08-02 14:17:44.841,2.64101634858086,0.0141909698235152,0.0351302689143176,0.1407428490109577,,,,,,1
E,outdoor_phase1,session_E.csv,2025-08-02 14:17:44.947,2.6341775941152394,0.0087190637493294,0.0298249139978379,0.0673581582365185,,,,,,1
E,outdoor_phase1,session_E.csv,2025-08-02 14:17:45.042,2.637498524192832,0.0130709696775406,0.0322670938535664,0.0969188073720913,,,,,,1
E,outdoor_phase1,session_E.csv,2025-08-02 14:17:45.135,2.63847047282333,0.0107858385280839,0.0308376032624148,0.1020266543299941,,,,,,1
E,outdoor_phase1,session_E.csv,2025-08-02 14:17:45.226,2.635002811319501,0.0140063473617036,0.0306714727337178,0.0826128722382324,,,,,,1
E,outdoor_phase1,session_E.csv,2025-08-02 14:17:45.322,2.637578832935539,0.010715327004566,0.0327494835184333,0.0898982351266723,,,,,,1
E,outdoor_phase1,session_E.csv,2025-08-02 14:17:45.429,2.6333024647246472,0.010709056227649,0.0291108094875134,0.0716840138777688,,,,,,1
E,outdoor_phase1,session_E.csv,2025-08-02 14:17:45.537,2.6312560374256764,0.0099196677271915,0.0302000700586482,0.0615179286413382,,,,,,1
E,outdoor_phase1,session_E.csv,2025-08-02 14:17:45.630,2.635465373430066,0.0121147329326712,0.029921217288141,0.0836817106363296,,,,,,1
E,outdoor_phase1,session_E.csv,2025-08-02 14:17:45.723,2.63322615880578,0.0133107813563665,0.0295388407533702,0.077022987687709,,,,,,1
E,outdoor_phase1,session_E.csv,2025-08-02 14:17:45.817,2.6378889311702207,0.0114143104792486,0.0320877804559593,0.0970347048045964,,,,,,1
E,outdoor_phase1,session_E.csv,2025-08-02 14:17:45.914,2.638262147406828,0.0109240311512495,0.0307593601026141,0.0960344428828123,,,,,,1
E,outdoor_phase1,session_E.csv,2025-08-02 14:17:46.005,2.637087614131959,0.0147431545077367,0.0330317475595167,0.089499911016195,,,,,,1
E,outdoor_phase1,session_E.csv,2025-08-02 14:17:46.099,2.636049866359511,0.0115089739086377,0.0319917116220788,0.0968849513440429,,,,,,1
E,outdoor_phase1,session_E.csv,2025-08-02 14:17:46.196,2.6347920082858893,0.0117274882171931,0.0322573636556094,0.09351647569568,,,,,,1
E,outdoor_phase1,session_E.csv,2025-08-02 14:17:46.302,2.6385162176244603,0.0146172175529055,0.0347052296034669,0.1411034212820467,,,,,,1
E,outdoor_phase1,session_E.csv,2025-08-02 14:17:46.394,2.6392109690507564,0.0119409850050973,0.0317343771763048,0.1075475390006581,,,,,,1
E,outdoor_phase1,session_E.csv,2025-08-02 14:17:46.487,2.641882217823205,0.0154942543057479,0.0352377365066828,0.1449871007917445,,,,,,1
E,outdoor_phase1,session_E.csv,2025-08-02 14:17:46.582,2.634141020053152,0.0119572335350598,0.028822605049589,0.0654390178809714,,,,,,1
E,outdoor_phase1,session_E.csv,2025-08-02 14:17:46.674,2.6356608852213275,0.0098881095998482,0.0302289649015683,0.076163535439795,,,,,,1
E,outdoor_phase1,session_E.csv,2025-08-02 14:17:46.766,2.6364316421866496,0.0087101432210178,0.0285831715516543,0.0645603173756026,,,,,,1
E,outdoor_phase1,session_E.csv,2025-08-02 14:17:46.862,2.637251032542281,0.0126075979855215,0.029870155320917,0.0765494912118408,,,,,,1
E,outdoor_phase1,session_E.csv,2025-08-02 14:17:46.957,2.637157905763868,0.0137545658469661,0.0316753062398803,0.089430894308943,,,,,,1
E,outdoor_phase1,session_E.csv,2025-08-02 14:17:47.050,2.635126953128362,0.013526124498244,0.0305833696385697,0.0837395481231097,,,,,,1
E,outdoor_phase1,session_E.csv,2025-08-02 14:17:47.142,2.636683059442032,0.0129155243471354,0.0325872971148804,0.0896879336725616,,,,,,1
E,outdoor_phase1,session_E.csv,2025-08-02 14:17:47.233,2.635665677086356,0.0096976715474226,0.0308617181706871,0.0855465623054344,,,,,,1
E,outdoor_phase1,session_E.csv,2025-08-02 14:17:47.327,2.63779592637389,0.0105638901783739,0.0313402551716219,0.082715060937639,,,,,,1
E,outdoor_phase1,session_E.csv,2025-08-02 14:17:47.421,2.635549554027829,0.0123986208202308,0.0325093857536338,0.0985018326749937,,,,,,1
E,outdoor_phase1,session_E.csv,2025-08-02 14:17:47.514,2.6343557633132724,0.0113065454972625,0.0305864953863668,0.0853823435220439,,,,,,1
E,outdoor_phase1,session_E.csv,2025-08-02 14:17:47.609,2.6345097138324127,0.0118667659357231,0.032722095423085,0.0953355155482815,,,,,,1
E,outdoor_phase1,session_E.csv,2025-08-02 14:17:47.702,2.6355389179014024,0.0103591755706109,0.0319433088065337,0.0900389617321069,,,,,,1
E,outdoor_phase1,session_E.csv,2025-08-02 14:17:47.794,2.6386888608077435,0.0117420069902071,0.0322055389363634,0.1052434923402665,,,,,,1
E,outdoor_phase1,session_E.csv,2025-08-02 14:17:47.887,2.637029875612506,0.0129288695546008,0.0306097756991129,0.0765110941086457,,,,,,1
E,outdoor_phase1,session_E.csv,2025-08-02 14:17:47.981,2.6349850871596616,0.0125290780753147,0.0311993698308899,0.0798882383299816,,,,,,1
E,outdoor_phase1,session_E.csv,2025-08-02 14:17:48.074,2.6398177976680226,0.0133345851371453,0.0329991026408669,0.1201402110282735,,,,,,1
E,outdoor_phase1,session_E.csv,2025-08-02 14:17:48.168,2.6339914613232067,0.0116375699009373,0.0301341806118078,0.0705022148689758,,,,,,1
E,outdoor_phase1,session_E.csv,2025-08-02 14:17:48.263,2.635850006887696,0.0134572387700131,0.0315227803964354,0.085075343806152,,,,,,1
E,outdoor_phase1,session_E.csv,2025-08-02 14:17:48.355,2.6356677466071705,0.0150490748038351,0.0325473642050396,0.097171321828856,,,,,,1
E,outdoor_phase1,session_E.csv,2025-08-02 14:17:48.447,2.6389269177279933,0.0100734241371728,0.0292198307851539,0.0788115993595445,,,,,,1
E,outdoor_phase1,session_E.csv,2025-08-02 14:17:48.542,2.6355806940301907,0.01269935713593,0.0302046385286966,0.0766288977036233,,,,,,1
E,outdoor_phase1,session_E.csv,2025-08-02 14:17:48.635,2.634592876542035,0.0144866795374026,0.03256801982643,0.0925378976585296,,,,,,1
E,outdoor_phase1,session_E.csv,2025-08-02 14:17:48.728,2.636202067789456,0.0113792698625325,0.0307877731982043,0.0821503540043405,,,,,,1
E,outdoor_phase1,session_E.csv,2025-08-02 14:17:48.826,2.639147477671384,0.0126363768094099,0.0306799192642782,0.0977605435884665,,,,,,1
E,outdoor_phase1,session_E.csv,2025-08-02 14:17:48.914,2.637003362936166,0.0122269250811878,0.0301803573711506,0.0814046572856812,,,,,,1
E,outdoor_phase1,session_E.csv,2025-08-02 14:17:49.007,2.6331596219371383,0.0116589745064729,0.0313573837776411,0.0856461713635069,,,,,,1
E,outdoor_phase1,session_E.csv,2025-08-02 14:17:49.103,2.6356965331095834,0.0097915474338258,0.0304440407763678,0.0790293024000569,,,,,,1
E,outdoor_phase1,session_E.csv,2025-08-02 14:17:49.196,2.6393983463218134,0.0142828437208029,0.0321276058674243,0.1150329122931862,,,,,,1
E,outdoor_phase1,session_E.csv,2025-08-02 14:17:49.289,2.635688545941454,0.0115726484311236,0.0313584900996802,0.0793537826489217,,,,,,1
E,outdoor_phase1,session_E.csv,2025-08-02 14:17:49.384,2.637639936719397,0.0122504301163619,0.0299355195709733,0.0794271991461353,,,,,,1
E,outdoor_phase1,session_E.csv,2025-08-02 14:17:49.476,2.6381166641827187,0.0112384649737866,0.0313919833250956,0.0952270827032892,,,,,,1
E,outdoor_phase1,session_E.csv,2025-08-02 14:17:49.572,2.638394720777063,0.0114927133194354,0.0336593694395667,0.122607272468512,,,,,,1
E,outdoor_phase1,session_E.csv,2025-08-02 14:17:49.662,2.635454876026861,0.0134275239435895,0.030557880154082,0.0801978260482823,,,,,,1
E,outdoor_phase1,session_E.csv,2025-08-02 14:17:49.755,2.6360208317898133,0.0130324668847713,0.0323508247443729,0.0937488881773223,,,,,,1
E,outdoor_phase1,session_E.csv,2025-08-02 14:17:49.852,2.640050243708317,0.0120291539385126,0.0316057904590493,0.1048801750671624,,,,,,1
E,outdoor_phase1,session_E.csv,2025-08-02 14:17:49.943,2.638359758832526,0.0098395673063873,0.0316191422058191,0.1065824586372531,,,,,,1
E,outdoor_phase1,session_E.csv,2025-08-02 14:17:50.036,2.639421426109372,0.0128460880333605,0.0322129108841768,0.1145622087024584,,,,,,1
E,outdoor_phase1,session_E.csv,2025-08-02 14:17:50.130,2.639693389682716,0.0138697158664147,0.0308982597627593,0.0980643324793623,,,,,,1
E,outdoor_phase1,session_E.csv,2025-08-02 14:17:50.223,2.635422739564244,0.0092494125932239,0.0290205690180745,0.0750373585711236,,,,,,1
E,outdoor_phase1,session_E.csv,2025-08-02 14:17:50.317,2.640058566954489,0.0113922623716653,0.0316829989816422,0.097971891122576,,,,,,1
E,outdoor_phase1,session_E.csv,2025-08-02 14:17:50.406,2.6350769072839264,0.0150652225351289,0.0322407624289693,0.0871003896034584,,,,,,1
E,outdoor_phase1,session_E.csv,2025-08-02 14:17:50.505,2.63747010552678,0.0115876404595413,0.0305367351182816,0.0843577108498034,,,,,,1
E,outdoor_phase1,session_E.csv,2025-08-02 14:17:50.600,2.6385164201959626,0.0110444097340249,0.0311392151982477,0.1021097947130608,,,,,,1
E,outdoor_phase1,session_E.csv,2025-08-02 14:17:50.690,2.6381719997503703,0.0107619644836072,0.030086570259423,0.0941136695256058,,,,,,1
E,outdoor_phase1,session_E.csv,2025-08-02 14:17:50.782,2.6349289087991488,0.0115852052471142,0.0313943833853663,0.0946823462434841,,,,,,1
E,outdoor_phase1,session_E.csv,2025-08-02 14:17:50.877,2.6348465690948384,0.0112094995943663,0.030262390486948,0.0786458889244672,,,,,,1
E,outdoor_phase1,session_E.csv,2025-08-02 14:17:50.971,2.6347704581993283,0.0140454300042141,0.0325148119485058,0.0909802944265446,,,,,,1
E,outdoor_phase1,session_E.csv,2025-08-02 14:17:51.065,2.637814072985579,0.0133911792099251,0.032636605998536,0.1033446006048745,,,,,,1
E,outdoor_phase1,session_E.csv,2025-08-02 14:17:51.158,2.635441085045805,0.0089043148931947,0.0293246885771673,0.0806354062900241,,,,,,1
E,outdoor_phase1,session_E.csv,2025-08-02 14:17:51.249,2.640789201135759,0.008206620051722,0.0292566436493656,0.086344631260564,,,,,,1
E,outdoor_phase1,session_E.csv,2025-08-02 14:17:51.348,2.63577290827935,0.0127833875557484,0.0326879776253277,0.0915950385279305,,,,,,1
E,outdoor_phase1,session_E.csv,2025-08-02 14:17:51.438,2.634681651423678,0.0103795102650704,0.0300687978060063,0.0739304456106021,,,,,,1
E,outdoor_phase1,session_E.csv,2025-08-02 14:17:51.535,2.6358026628765323,0.0109708203824853,0.0304509484596897,0.0815048137668392,,,,,,1
E,outdoor_phase1,session_E.csv,2025-08-02 14:17:51.631,2.6385314970702645,0.0129121563511744,0.0332278226350521,0.1174639318307153,,,,,,1
E,outdoor_phase1,session_E.csv,2025-08-02 14:17:51.736,2.637389640709724,0.011875662447797,0.0314318541174058,0.0945638252454817,,,,,,1
E,outdoor_phase1,session_E.csv,2025-08-02 14:17:51.828,2.635202608841812,0.012887755722129,0.0318416435165107,0.0990979771202875,,,,,,1
E,outdoor_phase1,session_E.csv,2025-08-02 14:17:51.922,2.636841861589108,0.0120029305270006,0.030172378787459,0.0854296388542963,,,,,,1
E,outdoor_phase1,session_E.csv,2025-08-02 14:17:52.012,2.634153915164157,0.0158989614066834,0.0317481088113361,0.0914735025705797,,,,,,1
E,outdoor_phase1,session_E.csv,2025-08-02 14:17:52.110,2.6396062339557496,0.0128713608122249,0.0333955147678749,0.1262451970969119,,,,,,1
E,outdoor_phase1,session_E.csv,2025-08-02 14:19:22.253,2.6291250003392985,0.0118026224907408,0.0302086725017244,0.0869627099345289,,,,,,1
E,outdoor_phase1,session_E.csv,2025-08-02 14:19:22.347,2.625168798958878,0.01472829967345,0.0322640991303611,0.0839279042044019,,,,,,1
E,outdoor_phase1,session_E.csv,2025-08-02 14:19:22.442,2.62839778378836,0.0150863005143129,0.0319060777459972,0.0986409079588714,,,,,,1
E,outdoor_phase1,session_E.csv,2025-08-02 14:19:22.535,2.628330196361593,0.015347945960734,0.0329374088472127,0.1058783759740952,,,,,,1
E,outdoor_phase1,session_E.csv,2025-08-02 14:19:22.631,2.6243766412852465,0.013713090229368,0.0297922105176993,0.1023483365949119,,,,,,1
E,outdoor_phase1,session_E.csv,2025-08-02 14:19:22.724,2.630933891196414,0.0184020939375552,0.0331308721984663,0.1095000889521437,,,,,,1
E,outdoor_phase1,session_E.csv,2025-08-02 14:19:22.815,2.6296367521357613,0.0140271575026712,0.0317523010736596,0.093462598950458,,,,,,1
E,outdoor_phase1,session_E.csv,2025-08-02 14:19:22.909,2.627568269418832,0.0161989096311741,0.03194906212895,0.1035157640025621,,,,,,1
E,outdoor_phase1,session_E.csv,2025-08-02 14:19:23.001,2.6284612144085946,0.0114457212999178,0.0299513599430091,0.0829626730242322,,,,,,1
E,outdoor_phase1,session_E.csv,2025-08-02 14:19:23.095,2.631621858634616,0.0136022381923379,0.0331105620551745,0.0816834765284522,,,,,,1
E,outdoor_phase1,session_E.csv,2025-08-02 14:19:23.189,2.6298009611333724,0.0122593532908838,0.0305266140710467,0.0842985499510719,,,,,,1
E,outdoor_phase1,session_E.csv,2025-08-02 14:19:23.285,2.631594296434788,0.013556465679988,0.0300210940864053,0.0609721382058854,,,,,,1
E,outdoor_phase1,session_E.csv,2025-08-02 14:19:23.378,2.627703881880424,0.0113262086092062,0.0285414917369598,0.0770804425943715,,,,,,1
E,outdoor_phase1,session_E.csv,2025-08-02 14:19:23.472,2.629551425655019,0.0132616394461879,0.0314525517941238,0.0911420335243247,,,,,,1
E,outdoor_phase1,session_E.csv,2025-08-02 14:19:23.566,2.6313693083916965,0.0139706614864571,0.0306183611465337,0.0703418331939427,,,,,,1
E,outdoor_phase1,session_E.csv,2025-08-02 14:19:23.658,2.630474304430279,0.0111284231593056,0.0303484314498989,0.088090367339678,,,,,,1
E,outdoor_phase1,session_E.csv,2025-08-02 14:19:23.754,2.6277788457181943,0.0149975650968314,0.0310827511932035,0.085290768026194,,,,,,1
E,outdoor_phase1,session_E.csv,2025-08-02 14:19:23.846,2.6291919405546724,0.0148272272622232,0.0333190764714293,0.1038697624766479,,,,,,1
E,outdoor_phase1,session_E.csv,2025-08-02 14:19:23.937,2.631149373394124,0.0147554901421369,0.0339736067958434,0.0926443120163657,,,,,,1
E,outdoor_phase1,session_E.csv,2025-08-02 14:19:24.032,2.628346765177067,0.0135712592177299,0.029910324033161,0.0803579370585828,,,,,,1
E,outdoor_phase1,session_E.csv,2025-08-02 14:19:24.127,2.628180799492952,0.0155727672755996,0.0313483467932228,0.0961285272035014,,,,,,1
E,outdoor_phase1,session_E.csv,2025-08-02 14:19:24.220,2.6320008721182955,0.0094724330462947,0.0310413971247609,0.0651760143728765,,,,,,1
E,outdoor_phase1,session_E.csv,2025-08-02 14:19:24.313,2.6285674606036835,0.0159510249116576,0.034220348512933,0.1048473200939568,,,,,,1
E,outdoor_phase1,session_E.csv,2025-08-02 14:19:24.408,2.627892801496021,0.0158879139327267,0.0326495345426126,0.1085509928118995,,,,,,1
E,outdoor_phase1,session_E.csv,2025-08-02 14:19:24.501,2.626301627900148,0.0129213097768453,0.0313445287379323,0.0820065818731655,,,,,,1
E,outdoor_phase1,session_E.csv,2025-08-02 14:19:24.596,2.6338496643618226,0.0133165500848082,0.0330693962049803,0.1084249475219696,,,,,,1
E,outdoor_phase1,session_E.csv,2025-08-02 14:19:24.687,2.628736808722374,0.0137254429498033,0.0325244695442001,0.1037893613236079,,,,,,1
E,outdoor_phase1,session_E.csv,2025-08-02 14:19:24.781,2.628730796932579,0.0137963615719296,0.0305884797355631,0.0942647738997402,,,,,,1
E,outdoor_phase1,session_E.csv,2025-08-02 14:19:24.873,2.6281731846472,0.0115399999184812,0.0295835475347193,0.0774472476248087,,,,,,1
E,outdoor_phase1,session_E.csv,2025-08-02 14:19:24.966,2.6275029271411983,0.0135876743013521,0.0296784075587768,0.0767752611070583,,,,,,1
E,outdoor_phase1,session_E.csv,2025-08-02 14:19:25.060,2.6314484284584325,0.0143409159780455,0.0320751806986249,0.0765439567282885,,,,,,1
E,outdoor_phase1,session_E.csv,2025-08-02 14:19:25.154,2.633669549668223,0.0145303770856095,0.0323947911098274,0.0947119319597167,,,,,,1
E,outdoor_phase1,session_E.csv,2025-08-02 14:19:25.248,2.6299324229743872,0.0124800609686557,0.0316028595342274,0.0888521265809274,,,,,,1
E,outdoor_phase1,session_E.csv,2025-08-02 14:19:25.341,2.6278130973642755,0.0165830690421016,0.0306979625943721,0.0919926704737506,,,,,,1
E,outdoor_phase1,session_E.csv,2025-08-02 14:19:25.433,2.6292766157749083,0.0128899559384638,0.0320270680856676,0.1030280387133504,,,,,,1
E,outdoor_phase1,session_E.csv,2025-08-02 14:19:25.525,2.6300249643351457,0.012488045409634,0.0323787957653098,0.1065995266988131,,,,,,1
E,outdoor_phase1,session_E.csv,2025-08-02 14:19:25.618,2.632101042938888,0.0165365299867917,0.0352018351038971,0.1004554025687551,,,,,,1
E,outdoor_phase1,session_E.csv,2025-08-02 14:19:25.715,2.629141126336624,0.011723239483033,0.029972062955632,0.0800028470764084,,,,,,1
E,outdoor_phase1,session_E.csv,2025-08-02 14:19:25.806,2.6330534213951955,0.0167983151880515,0.0330424037248925,0.0962215818123599,,,,,,1
E,outdoor_phase1,session_E.csv,2025-08-02 14:19:25.899,2.628713739546543,0.0112374243729111,0.0318003515871193,0.0958828553127891,,,,,,1
E,outdoor_phase1,session_E.csv,2025-08-02 14:19:25.993,2.6312738807153937,0.0133897969074032,0.0325417916701627,0.0789960510868405,,,,,,1
E,outdoor_phase1,session_E.csv,2025-08-02 14:19:26.084,2.6288981610122493,0.0131756884895001,0.0288361476174577,0.0740714387363028,,,,,,1
E,outdoor_phase1,session_E.csv,2025-08-02 14:19:26.178,2.631216912920653,0.0150807098905157,0.0326334136959603,0.0754176526055473,,,,,,1
E,outdoor_phase1,session_E.csv,2025-08-02 14:19:26.273,2.6321711678221416,0.0131734620707912,0.031496910243914,0.0771871775714234,,,,,,1
E,outdoor_phase1,session_E.csv,2025-08-02 14:19:26.366,2.6322998333060146,0.0148101788058324,0.033279666207669,0.0845636628837738,,,,,,1
E,outdoor_phase1,session_E.csv,2025-08-02 14:19:26.457,2.6331072475932715,0.0151223770797053,0.0332335077632457,0.105450405578483,,,,,,1
E,outdoor_phase1,session_E.csv,2025-08-02 14:19:26.552,2.627144341864505,0.0111306732390562,0.0301784440824418,0.0832562277580071,,,,,,1
E,outdoor_phase1,session_E.csv,2025-08-02 14:19:26.649,2.631511652777752,0.0153215560521501,0.0323370838290653,0.0774389810004981,,,,,,1
E,outdoor_phase1,session_E.csv,2025-08-02 14:19:26.741,2.6332209833120994,0.0120311777047519,0.0324837014629011,0.1021918588101337,,,,,,1
E,outdoor_phase1,session_E.csv,2025-08-02 14:19:26.836,2.62844009922188,0.0112714518892656,0.0310265442108414,0.0895535666625149,,,,,,1
E,outdoor_phase1,session_E.csv,2025-08-02 14:19:26.931,2.631098266036008,0.0131012918590859,0.0303252353038064,0.0653384328026327,,,,,,1
E,outdoor_phase1,session_E.csv,2025-08-02 14:19:27.023,2.627813517687466,0.0121727932595454,0.0298886416225044,0.0880641890088775,,,,,,1
E,outdoor_phase1,session_E.csv,2025-08-02 14:19:27.117,2.630084411475233,0.0116168709415344,0.0309421390206945,0.0945866614484194,,,,,,1
E,outdoor_phase1,session_E.csv,2025-08-02 14:19:27.209,2.627412269406276,0.0131182848076811,0.0317067409599197,0.0955236095790485,,,,,,1
E,outdoor_phase1,session_E.csv,2025-08-02 14:19:27.301,2.629674987027031,0.0145505828542313,0.0341859019821629,0.1152463974381782,,,,,,1
E,outdoor_phase1,session_E.csv,2025-08-02 14:19:27.396,2.634510266398574,0.0148372945385021,0.0324628488253757,0.0869480126676867,,,,,,1
E,outdoor_phase1,session_E.csv,2025-08-02 14:19:27.487,2.629021386325417,0.0177088114193274,0.032653346980678,0.0961658215461258,,,,,,1
E,outdoor_phase1,session_E.csv,2025-08-02 14:19:27.580,2.630195328457315,0.0147235435394121,0.0311976300218778,0.0976551380586393,,,,,,1
E,outdoor_phase1,session_E.csv,2025-08-02 14:19:27.675,2.6307137167533403,0.0148331540263342,0.0330877433027664,0.1108837606533459,,,,,,1
E,outdoor_phase1,session_E.csv,2025-08-02 14:19:27.767,2.6312657041149072,0.0145450892657536,0.0321137194474749,0.0812089730133599,,,,,,1
E,outdoor_phase1,session_E.csv,2025-08-02 14:19:27.864,2.629309769465214,0.0161165325952051,0.0318927889255937,0.0947372167939203,,,,,,1
E,outdoor_phase1,session_E.csv,2025-08-02 14:19:27.956,2.6272954689518,0.0179769123210652,0.0334723693292418,0.1033998114181003,,,,,,1
E,outdoor_phase1,session_E.csv,2025-08-02 14:19:28.049,2.633444767176686,0.0129680382310063,0.0305452003208696,0.0760103885014942,,,,,,1
E,outdoor_phase1,session_E.csv,2025-08-02 14:19:28.142,2.629297598644046,0.0135354403028062,0.0311571914146989,0.0941113680839708,,,,,,1
E,outdoor_phase1,session_E.csv,2025-08-02 14:19:28.236,2.6334590402801386,0.0153355996363378,0.0333574277910811,0.09679255688186,,,,,,1
E,outdoor_phase1,session_E.csv,2025-08-02 14:19:28.329,2.6325971787369853,0.0121318371488388,0.0301464161588838,0.0635875173469024,,,,,,1
E,outdoor_phase1,session_E.csv,2025-08-02 14:19:28.423,2.6298077823183807,0.0109639862971778,0.0300640637073065,0.0884231501414414,,,,,,1
E,outdoor_phase1,session_E.csv,2025-08-02 14:19:28.516,2.6246993899087467,0.0121304437806771,0.0296550897182463,0.0934192033304275,,,,,,1
E,outdoor_phase1,session_E.csv,2025-08-02 14:19:28.611,2.628893534821969,0.0126237480970805,0.0323421482539088,0.0944383161940006,,,,,,1
E,outdoor_phase1,session_E.csv,2025-08-02 14:19:28.704,2.626879536953396,0.0141632448520435,0.0305724320081115,0.0763414460575007,,,,,,1
E,outdoor_phase1,session_E.csv,2025-08-02 14:19:28.798,2.629869567132539,0.0117548454984663,0.03036713844639,0.0849390623609999,,,,,,1
E,outdoor_phase1,session_E.csv,2025-08-02 14:19:28.889,2.630857201731535,0.0153577553394511,0.0322122863655754,0.1022506894404412,,,,,,1
E,outdoor_phase1,session_E.csv,2025-08-02 14:19:28.982,2.6296362847814785,0.0116336846376727,0.0297358127362835,0.0879093512638525,,,,,,1
E,outdoor_phase1,session_E.csv,2025-08-02 14:19:29.077,2.6290891805926697,0.0106438506049049,0.0292963552604669,0.0857112360350103,,,,,,1
E,outdoor_phase1,session_E.csv,2025-08-02 14:19:29.171,2.6289460203242307,0.0103673403900051,0.0292873129612748,0.0774472476248087,,,,,,1
E,outdoor_phase1,session_E.csv,2025-08-02 14:19:29.265,2.63132029011731,0.0173614246045481,0.0344823525102567,0.087088048971457,,,,,,1
E,outdoor_phase1,session_E.csv,2025-08-02 14:19:29.358,2.630269285904608,0.013712755716222,0.0309896122944084,0.0930650441218332,,,,,,1
E,outdoor_phase1,session_E.csv,2025-08-02 14:19:29.452,2.6316902207315165,0.0149269839078325,0.0320431775315643,0.0754475248229474,,,,,,1
E,outdoor_phase1,session_E.csv,2025-08-02 14:19:29.545,2.6309512038953904,0.015152610220714,0.031431368956047,0.0968281358404639,,,,,,1
E,outdoor_phase1,session_E.csv,2025-08-02 14:19:29.637,2.634294455211754,0.0159752154334719,0.0327446516830981,0.1007134088846981,,,,,,1
E,outdoor_phase1,session_E.csv,2025-08-02 14:19:29.730,2.629291334849044,0.0157187838480783,0.0331355664459085,0.1006049822064057,,,,,,1
E,outdoor_phase1,session_E.csv,2025-08-02 14:19:29.821,2.6339545153153137,0.0129090493709814,0.0334365195039658,0.0975345097481144,,,,,,1
E,outdoor_phase1,session_E.csv,2025-08-02 14:19:29.916,2.6297389088387177,0.0127371561621181,0.0322696460734905,0.095438858647312,,,,,,1
E,outdoor_phase1,session_E.csv,2025-08-02 14:19:30.012,2.630721033671472,0.0149659138917699,0.0324235276304673,0.1032360214192951,,,,,,1
E,outdoor_phase1,session_E.csv,2025-08-02 14:19:30.102,2.6307418205322106,0.0130827386441968,0.0302090191467014,0.0872342318299083,,,,,,1
E,outdoor_phase1,session_E.csv,2025-08-02 14:19:30.197,2.631753817041022,0.0145289226030343,0.0314867813357018,0.0644461051208142,,,,,,1
E,outdoor_phase1,session_E.csv,2025-08-02 14:19:30.288,2.63173761410438,0.0171705495398713,0.0325284887211973,0.0781519631388874,,,,,,1
E,outdoor_phase1,session_E.csv,2025-08-02 14:19:30.383,2.629991424933896,0.0139799994907876,0.0311301310494619,0.0901133310797587,,,,,,1
E,outdoor_phase1,session_E.csv,2025-08-02 14:19:30.476,2.633060182345765,0.0107271630496962,0.030478294640385,0.0776510771529717,,,,,,1
E,outdoor_phase1,session_E.csv,2025-08-02 14:19:30.570,2.63034706225798,0.0149002026693275,0.0320050685279221,0.0962123503353555,,,,,,1
E,outdoor_phase1,session_E.csv,2025-08-02 14:19:30.665,2.6350761778892893,0.017670369555101,0.0337526807370409,0.112415719343189,,,,,,1
E,outdoor_phase1,session_E.csv,2025-08-02 14:19:30.759,2.634852343299535,0.0157666308552839,0.032852242575807,0.0915898822441211,,,,,,1
E,outdoor_phase1,session_E.csv,2025-08-02 14:19:30.853,2.6280564117398018,0.0139571437286362,0.0299269000438921,0.0831672952394506,,,,,,1
E,outdoor_phase1,session_E.csv,2025-08-02 14:19:30.947,2.633299219590499,0.0158438103315766,0.0333587732663173,0.0989272943980929,,,,,,1
E,outdoor_phase1,session_E.csv,2025-08-02 14:19:31.039,2.628796520648505,0.0122084248871509,0.0298151201818371,0.0858713441969686,,,,,,1
E,outdoor_phase1,session_E.csv,2025-08-02 14:19:31.133,2.6283831773775668,0.0116503074529029,0.0310695307966476,0.0909462897400772,,,,,,1
E,outdoor_phase1,session_E.csv,2025-08-02 14:19:31.227,2.630739740344884,0.0144859200293685,0.0329661752564875,0.1130877199224378,,,,,,1
E,outdoor_phase1,session_E.csv,2025-08-02 14:19:31.319,2.631191782005939,0.015799316211854,0.0332344740813519,0.0799964422307213,,,,,,1
E,outdoor_phase1,session_E.csv,2025-08-02 14:19:31.410,2.631169700323869,0.0150625137042932,0.0328081637547996,0.0832221451317357,,,,,,1
E,outdoor_phase1,session_E.csv,2025-08-02 14:19:31.506,2.633139688498064,0.0132713025558212,0.0314847642146316,0.0845564035509064,,,,,,1
E,outdoor_phase1,session_E.csv,2025-08-02 14:19:31.600,2.6322817041613087,0.0186404515585021,0.037078490199182,0.1102156276686592,,,,,,1
E,outdoor_phase1,session_E.csv,2025-08-02 14:19:31.692,2.6322569039024364,0.0115058199263597,0.0304738843022204,0.070422034018931,,,,,,1
E,outdoor_phase1,session_E.csv,2025-08-02 14:19:31.785,2.633019943246784,0.0133238251578861,0.0328584403754608,0.0964935688744196,,,,,,1
E,outdoor_phase1,session_E.csv,2025-08-02 14:19:31.879,2.63196966942328,0.0119716814925102,0.0294094716136466,0.0625478092256239,,,,,,1
E,outdoor_phase1,session_E.csv,2025-08-02 14:19:31.974,2.6330453839136774,0.014163849876643,0.0318930839022727,0.0866038071517523,,,,,,1
E,outdoor_phase1,session_E.csv,2025-08-02 14:19:32.065,2.6309895214924754,0.0132221125713857,0.0294730720403099,0.0908767435240535,,,,,,1
E,outdoor_phase1,session_E.csv,2025-08-02 14:19:32.158,2.629258232438251,0.012457331484028,0.0301400832201854,0.0813512888477754,,,,,,1
E,outdoor_phase1,session_E.csv,2025-08-02 14:19:32.255,2.6319391938759225,0.0143606949144775,0.0325442210997338,0.0856593905107541,,,,,,1
E,outdoor_phase1,session_E.csv,2025-08-02 14:19:32.347,2.6297700371989943,0.0109596752932312,0.0293526035081497,0.076980554715437,,,,,,1
E,outdoor_phase1,session_E.csv,2025-08-02 14:19:32.437,2.6273083330022136,0.0136258372044152,0.0320614527648642,0.0934675869921013,,,,,,1
E,outdoor_phase1,session_E.csv,2025-08-02 14:19:32.529,2.629336198043608,0.0135777445382784,0.0311233733257808,0.0913037290065471,,,,,,1
E,outdoor_phase1,session_E.csv,2025-08-02 14:19:32.620,2.625409357932768,0.0127509008041942,0.0304709060246029,0.07173100871731,,,,,,1
E,outdoor_phase1,session_E.csv,2025-08-02 14:19:32.716,2.632810528154214,0.0125479520262482,0.0317727701693997,0.0782545273419432,,,,,,1
E,outdoor_phase1,session_E.csv,2025-08-02 14:19:32.822,2.632547022278095,0.0165930035184542,0.0343317075732676,0.0979931682322801,,,,,,1
E,outdoor_phase1,session_E.csv,2025-08-02 14:19:32.916,2.6291156470571857,0.0153811539038991,0.0323971150994407,0.0975318967204655,,,,,,1
E,outdoor_phase1,session_E.csv,2025-08-02 14:19:33.011,2.6319067458874885,0.0125787241125166,0.0322508168078199,0.0750164587818722,,,,,,1
E,outdoor_phase1,session_E.csv,2025-08-02 14:19:33.104,2.6301614778064364,0.0165634353954946,0.0343911510742059,0.1199516065900437,,,,,,1
E,outdoor_phase1,session_E.csv,2025-08-02 14:19:33.198,2.632017987557952,0.0145293424272464,0.031724948402316,0.0705072321952781,,,,,,1
E,outdoor_phase1,session_E.csv,2025-08-02 14:19:33.289,2.629918777966945,0.0178522596356748,0.0342995222068615,0.1218336416678525,,,,,,1
E,outdoor_phase1,session_E.csv,2025-08-02 14:19:33.382,2.631182358820166,0.016444570560298,0.0338429825551763,0.0839738115570737,,,,,,1
E,outdoor_phase1,session_E.csv,2025-08-02 14:19:33.474,2.633156638607703,0.0133166609847708,0.0311046461045586,0.0951321922926378,,,,,,1
E,outdoor_phase1,session_E.csv,2025-08-02 14:19:33.568,2.632495455630768,0.0161839468264761,0.032282273740989,0.0768450824483697,,,,,,1
E,outdoor_phase1,session_E.csv,2025-08-02 14:19:33.661,2.637213709548976,0.015344319157188,0.0351797633026142,0.1114886501102967,,,,,,1
E,outdoor_phase1,session_E.csv,2025-08-02 14:19:33.753,2.6302236122707967,0.014079795544725,0.0305770123226935,0.0901634969488871,,,,,,1
E,outdoor_phase1,session_E.csv,2025-08-02 14:19:33.847,2.633382241503647,0.0158276549458859,0.0321413631026142,0.0847566182749786,,,,,,1
E,outdoor_phase1,session_E.csv,2025-08-02 14:19:33.940,2.631383997328995,0.0151723582800371,0.0321714686758767,0.0735226100259721,,,,,,1
E,outdoor_phase1,session_E.csv,2025-08-02 14:19:34.036,2.632909769076351,0.0130005092647609,0.032037304014119,0.0718898436249132,,,,,,1
E,outdoor_phase1,session_E.csv,2025-08-02 14:19:34.128,2.6306592182848334,0.0144261869631167,0.0317502043642185,0.0939401487385688,,,,,,1
E,outdoor_phase1,session_E.csv,2025-08-02 14:19:34.222,2.629767445122169,0.0118867599421039,0.0298315830824203,0.0761840372913923,,,,,,1
E,outdoor_phase1,session_E.csv,2025-08-02 14:19:34.318,2.6313811095587654,0.0140882226344422,0.0301587571597697,0.0605974344832494,,,,,,1
E,outdoor_phase1,session_E.csv,2025-08-02 14:19:34.411,2.6352614487760952,0.0130302062605875,0.0328805589129508,0.0950898416651841,,,,,,1
E,outdoor_phase1,session_E.csv,2025-08-02 14:19:34.504,2.629463929621609,0.0162384808978752,0.0339786069037061,0.1263320820509171,,,,,,1
E,outdoor_phase1,session_E.csv,2025-08-02 14:19:34.600,2.6333566503748127,0.0145848250708811,0.0330064030836764,0.0924891482245783,,,,,,1
E,outdoor_phase1,session_E.csv,2025-08-02 14:19:34.692,2.632695476324584,0.0119798155931725,0.0316808566939172,0.0744898503798324,,,,,,1
E,outdoor_phase1,session_E.csv,2025-08-02 14:19:34.787,2.63566089125666,0.0157400033713633,0.0345453916159727,0.0993257307548613,,,,,,1
E,outdoor_phase1,session_E.csv,2025-08-02 14:19:34.879,2.633547813179457,0.0111769670828154,0.0327057666645368,0.0955363020156914,,,,,,1
E,outdoor_phase1,session_E.csv,2025-08-02 14:19:34.973,2.6331315429642026,0.013720612786163,0.0317224525180851,0.0886497064579256,,,,,,1
E,outdoor_phase1,session_E.csv,2025-08-02 14:19:35.066,2.629070723368573,0.0119851153650184,0.0283438644989083,0.0718264490754747,,,,,,1
E,outdoor_phase1,session_E.csv,2025-08-02 14:19:35.158,2.633247153753755,0.0116098175515261,0.0304893175455957,0.0777524731335848,,,,,,1
E,outdoor_phase1,session_E.csv,2025-08-02 14:19:35.252,2.6284986304509648,0.0160609275157988,0.0316868179849514,0.0913538516278242,,,,,,1
E,outdoor_phase1,session_E.csv,2025-08-02 14:19:35.345,2.6346740993030804,0.0140345221587166,0.0329962469211557,0.0973522189401758,,,,,,1
E,outdoor_phase1,session_E.csv,2025-08-02 14:19:35.443,2.6316451680538657,0.0092339204300802,0.0295466966320632,0.0633584798235001,,,,,,1
E,outdoor_phase1,session_E.csv,2025-08-02 14:19:35.534,2.6305068848242468,0.0151098490481454,0.03019249322993,0.0878784644394634,,,,,,1
E,outdoor_phase1,session_E.csv,2025-08-02 14:19:35.627,2.631954051079343,0.0150589171455833,0.0321362484896752,0.0717614829046145,,,,,,1
E,outdoor_phase1,session_E.csv,2025-08-02 14:19:35.720,2.6353343362129875,0.014209082737077,0.0312696905969269,0.0896863380006049,,,,,,1
E,outdoor_phase1,session_E.csv,2025-08-02 14:19:35.815,2.633006939886472,0.0169809675958787,0.0342576565119053,0.1112435721784309,,,,,,1
E,outdoor_phase1,session_E.csv,2025-08-02 14:19:35.907,2.633268356139729,0.0136277828264483,0.0315816108321122,0.086249532992937,,,,,,1
E,outdoor_phase1,session_E.csv,2025-08-02 14:19:36.002,2.6337207078368903,0.011118064304756,0.0297181630101164,0.0774676699219097,,,,,,1
E,outdoor_phase1,session_E.csv,2025-08-02 14:19:36.095,2.6346834845657785,0.0157740387382011,0.0330070938436717,0.0994805379634241,,,,,,1
E,outdoor_phase1,session_E.csv,2025-08-02 14:19:36.190,2.631831661441385,0.0132643728616409,0.0340508245676942,0.0888307714204383,,,,,,1
E,outdoor_phase1,session_E.csv,2025-08-02 14:19:36.287,2.6293745022014194,0.014222913477822,0.031108850928025,0.0980999146029035,,,,,,1
E,outdoor_phase1,session_E.csv,2025-08-02 14:19:36.379,2.632554957092022,0.0167947675216971,0.0329111419993688,0.0815542271562766,,,,,,1
E,outdoor_phase1,session_E.csv,2025-08-02 14:19:36.475,2.63326138761679,0.0125564026567588,0.0317305301331367,0.0866842217635755,,,,,,1
E,outdoor_phase1,session_E.csv,2025-08-02 14:19:36.567,2.631663292630642,0.0131396173302582,0.0311239880842828,0.0648329359854819,,,,,,1
E,outdoor_phase1,session_E.csv,2025-08-02 14:19:36.658,2.63158757117382,0.0135600055875983,0.0307455540328529,0.0754545778030815,,,,,,1
E,outdoor_phase1,session_E.csv,2025-08-02 14:19:36.754,2.629776635679212,0.0129079884903675,0.031497406964425,0.099211926066924,,,,,,1
E,outdoor_phase1,session_E.csv,2025-08-02 14:19:36.847,2.629729760861471,0.0141823608336745,0.0313820517900589,0.099480445535746,,,,,,1
E,outdoor_phase1,session_E.csv,2025-08-02 14:19:36.942,2.634719268248684,0.0145248234617918,0.0322963369788815,0.1026991441737985,,,,,,1
E,outdoor_phase1,session_E.csv,2025-08-02 14:19:37.037,2.63330864120218,0.012226056553635,0.0308484087522922,0.0811407019978296,,,,,,1
E,outdoor_phase1,session_E.csv,2025-08-02 14:19:37.130,2.631489263739049,0.0128763655883038,0.0304078769779306,0.0674091337686135,,,,,,1
E,outdoor_phase1,session_E.csv,2025-08-02 14:19:37.224,2.629468326198785,0.0112559399762144,0.0300023976937098,0.084179816056784,,,,,,1
E,outdoor_phase1,session_E.csv,2025-08-02 14:19:37.317,2.634948064801735,0.0111887293856101,0.0290272095490962,0.0631271795601736,,,,,,1
E,outdoor_phase1,session_E.csv,2025-08-02 14:19:37.409,2.6294371545487296,0.014840919952621,0.0325064529545781,0.1015317831663968,,,,,,1
E,outdoor_phase1,session_E.csv,2025-08-02 14:19:37.501,2.636414691248625,0.0167629406055313,0.0341974994667735,0.1213064593599345,,,,,,1
E,outdoor_phase1,session_E.csv,2025-08-02 14:19:37.592,2.630355488749444,0.0134447150459007,0.0298171165675643,0.0887030777441736,,,,,,1
E,outdoor_phase1,session_E.csv,2025-08-02 14:19:37.686,2.6321511603865795,0.0154114754897624,0.0316987379643189,0.0820999074930619,,,,,,1
E,outdoor_phase1,session_E.csv,2025-08-02 14:19:37.781,2.6304992887621026,0.0111217382859759,0.0300112367375829,0.0846676629661258,,,,,,1
E,outdoor_phase1,session_E.csv,2025-08-02 14:19:37.874,2.633708207142419,0.0141708108953328,0.032376036300349,0.0923484727188628,,,,,,1
E,outdoor_phase1,session_E.csv,2025-08-02 14:19:37.970,2.63276695004838,0.0153793928928435,0.0329353843922069,0.0889861415025528,,,,,,1
E,outdoor_phase1,session_E.csv,2025-08-02 14:19:38.060,2.63098101804441,0.0128830188131154,0.0300497601615128,0.0849137164205657,,,,,,1
E,outdoor_phase1,session_E.csv,2025-08-02 14:19:38.153,2.6334427112825725,0.0135382942319957,0.0315890269795164,0.0919296872220047,,,,,,1
E,outdoor_phase1,session_E.csv,2025-08-02 14:19:38.247,2.6317785235792788,0.0134157675143581,0.0317617923183579,0.0803024911032028,,,,,,1
E,outdoor_phase1,session_E.csv,2025-08-02 14:19:38.339,2.6333681313403883,0.0162564772570891,0.0339705486858446,0.1029157993986942,,,,,,1
E,outdoor_phase1,session_E.csv,2025-08-02 14:19:38.435,2.630742314677432,0.0135278503387907,0.0315882737170042,0.0982956162823797,,,,,,1
E,outdoor_phase1,session_E.csv,2025-08-02 14:19:38.525,2.635338321481916,0.0155541803044562,0.0318211140847989,0.0849538313733165,,,,,,1
E,outdoor_phase1,session_E.csv,2025-08-02 14:19:38.622,2.6310954138971634,0.0130295593368787,0.0313372093332895,0.0644748078565328,,,,,,1
E,outdoor_phase1,session_E.csv,2025-08-02 14:19:38.715,2.635552547478178,0.0136704652656676,0.0341406324411592,0.1045243475012009,,,,,,1
E,outdoor_phase1,session_E.csv,2025-08-02 14:19:38.807,2.62998064647707,0.0177660916841986,0.0337295415348881,0.1253379820691618,,,,,,1
E,outdoor_phase1,session_E.csv,2025-08-02 14:19:38.901,2.630603298419423,0.0149879422727011,0.0307091524810679,0.0965041938988121,,,,,,1
E,outdoor_phase1,session_E.csv,2025-08-02 14:19:38.996,2.632518930190225,0.0125369332127564,0.0309524336061615,0.0697943353259322,,,,,,1
E,outdoor_phase1,session_E.csv,2025-08-02 14:19:39.090,2.631113236196909,0.0129632045894143,0.0298181305688143,0.0583254771518525,,,,,,1
E,outdoor_phase1,session_E.csv,2025-08-02 14:19:39.186,2.63053000450012,0.0112847065746946,0.030360068532541,0.0885979113665071,,,,,,1
E,outdoor_phase1,session_E.csv,2025-08-02 14:19:39.277,2.6343193516506487,0.0142169439155566,0.032487220658297,0.0982495463763475,,,,,,1
E,outdoor_phase1,session_E.csv,2025-08-02 14:19:39.373,2.63215719671618,0.0139868506875804,0.0307344287475909,0.0683330368261875,,,,,,1
E,outdoor_phase1,session_E.csv,2025-08-02 14:19:39.464,2.6337936524798984,0.0159854562208571,0.0325012965850455,0.0982457388890865,,,,,,1
E,outdoor_phase1,session_E.csv,2025-08-02 14:19:39.555,2.6312335543716943,0.015294985810745,0.0332855043922172,0.0828974988437044,,,,,,1
E,outdoor_phase1,session_E.csv,2025-08-02 14:19:39.648,2.628334454365634,0.0117222436575277,0.0289545053625656,0.0765289785462696,,,,,,1
E,outdoor_phase1,session_E.csv,2025-08-02 14:19:39.742,2.633194066512244,0.014084229111076,0.0324724317318303,0.0938311572805862,,,,,,1
E,outdoor_phase1,session_E.csv,2025-08-02 14:19:39.836,2.6303025175325,0.0157865384947866,0.0319701553231273,0.1030507871564529,,,,,,1
E,outdoor_phase1,session_E.csv,2025-08-02 14:19:39.928,2.632220353060537,0.0114377424507825,0.0305813762320878,0.0636617513651968,,,,,,1
E,outdoor_phase1,session_E.csv,2025-08-02 14:19:40.023,2.6310775407657814,0.0087754028175172,0.0279937599160029,0.0551749906588616,,,,,,1
E,outdoor_phase1,session_E.csv,2025-08-02 14:19:40.116,2.632597356900192,0.0101687286557518,0.0319018790750948,0.0732241020440839,,,,,,1
E,outdoor_phase1,session_E.csv,2025-08-02 14:19:40.210,2.6332220152468984,0.0155077132983438,0.0322045101012901,0.0984399736734439,,,,,,1
E,outdoor_phase1,session_E.csv,2025-08-02 14:19:40.304,2.630586166824057,0.0102731400359128,0.0307266591815031,0.0920460408105175,,,,,,1
E,outdoor_phase1,session_E.csv,2025-08-02 14:19:40.398,2.63422476847162,0.0165772753001825,0.0331065999019543,0.0975488277775801,,,,,,1
E,outdoor_phase1,session_E.csv,2025-08-02 14:19:40.491,2.6293617800800213,0.0100741814455802,0.0275186668796367,0.0751098539431783,,,,,,1
E,outdoor_phase1,session_E.csv,2025-08-02 14:19:40.584,2.634237974689071,0.0110263305783045,0.0301466412983885,0.0761225361132854,,,,,,1
E,outdoor_phase1,session_E.csv,2025-08-02 14:19:40.680,2.632903667067558,0.0154558149626827,0.0324089929861288,0.0822258988454217,,,,,,1
E,outdoor_phase1,session_E.csv,2025-08-02 14:19:40.774,2.6322399214876926,0.0129090431031931,0.0295007807646345,0.0578763833042735,,,,,,1
E,outdoor_phase1,session_E.csv,2025-08-02 14:19:40.868,2.6353994811383163,0.0153859389001172,0.0337606117523699,0.1066574153145459,,,,,,1
E,outdoor_phase1,session_E.csv,2025-08-02 14:19:40.961,2.6354775135435187,0.0134829603192331,0.0333332869371079,0.1009073118662159,,,,,,1
E,outdoor_phase1,session_E.csv,2025-08-02 14:19:41.053,2.636060161494734,0.0118866562447909,0.0308605494767524,0.0807777145296712,,,,,,1
E,outdoor_phase1,session_E.csv,2025-08-02 14:19:41.146,2.634646607394618,0.0119173756617754,0.0317215899811432,0.0939251089566841,,,,,,1
E,outdoor_phase1,session_E.csv,2025-08-02 14:19:41.238,2.630150588341379,0.0130332108684554,0.0303251083185188,0.0838951843879529,,,,,,1
E,outdoor_phase1,session_E.csv,2025-08-02 14:19:41.331,2.631656383892496,0.0119663630397553,0.0307156471328028,0.0755586393395957,,,,,,1
E,outdoor_phase1,session_E.csv,2025-08-02 14:19:41.423,2.6313511560662173,0.0127955007352628,0.0315677730098139,0.0727719160898884,,,,,,1
E,outdoor_phase1,session_E.csv,2025-08-02 14:19:41.520,2.632393728049029,0.0113799288046418,0.0298492124638168,0.063631835485822,,,,,,1
E,outdoor_phase1,session_E.csv,2025-08-02 14:19:41.610,2.6346218717710395,0.0141427002604876,0.0322546035717334,0.0811407019978296,,,,,,1
E,outdoor_phase1,session_E.csv,2025-08-02 14:19:41.703,2.629065814148704,0.0172136759575213,0.0321068205931266,0.1073589068393708,,,,,,1
E,outdoor_phase1,session_E.csv,2025-08-02 14:19:41.794,2.631357131867769,0.013184687376799,0.0306396246586007,0.0728353110711807,,,,,,1
E,outdoor_phase1,session_E.csv,2025-08-02 14:19:41.890,2.6378847345190763,0.0146009347290573,0.033163113893442,0.1008379441014784,,,,,,1
E,outdoor_phase1,session_E.csv,2025-08-02 14:19:41.982,2.6346235886262925,0.0116016112721892,0.0308974541326344,0.0844970203682291,,,,,,1
E,outdoor_phase1,session_E.csv,2025-08-02 14:19:42.078,2.6405812709206966,0.0120946029984242,0.0325280472975615,0.1126645321949484,,,,,,1
E,outdoor_phase1,session_E.csv,2025-08-02 14:19:42.171,2.641955140694511,0.0136913920595208,0.0331206949700032,0.1167043170458386,,,,,,1
E,outdoor_phase1,session_E.csv,2025-08-02 14:19:42.264,2.637263359929569,0.0151444626486732,0.0326394372663762,0.0987263412551586,,,,,,1
E,outdoor_phase1,session_E.csv,2025-08-02 14:19:42.358,2.638924325719304,0.009577767103552,0.0316180968439837,0.09542106948447,,,,,,1
E,outdoor_phase1,session_E.csv,2025-08-02 14:19:42.450,2.638488802317912,0.0117605594133575,0.0296410287979497,0.0968992937576717,,,,,,1
E,outdoor_phase1,session_E.csv,2025-08-02 14:19:42.546,2.636659658446975,0.0149842068805174,0.0331483287046185,0.0989077454015014,,,,,,1
E,outdoor_phase1,session_E.csv,2025-08-02 14:19:42.640,2.637374905139438,0.0127414285610703,0.0307280043807019,0.0940818613586637,,,,,,1
E,outdoor_phase1,session_E.csv,2025-08-02 14:19:42.732,2.6390228049156725,0.0109116841886942,0.032243960377439,0.1038457433562204,,,,,,1
E,outdoor_phase1,session_E.csv,2025-08-02 14:19:42.825,2.6402496406763043,0.0113629833010202,0.032231278341149,0.1117633456072006,,,,,,1
E,outdoor_phase1,session_E.csv,2025-08-02 14:19:42.920,2.639280108993043,0.0132150547085055,0.0328223260259171,0.1092966165012274,,,,,,1
E,outdoor_phase1,session_E.csv,2025-08-02 14:19:43.013,2.6395038697886486,0.0145037640847588,0.0330471542077652,0.1148762829749008,,,,,,1
E,outdoor_phase1,session_E.csv,2025-08-02 14:19:43.107,2.640033229849092,0.0117084934879413,0.0316092469286322,0.1096307101181158,,,,,,1
E,outdoor_phase1,session_E.csv,2025-08-02 14:19:43.205,2.6399507488234515,0.0116203468832088,0.0305209751623732,0.0989132174810124,,,,,,1
E,outdoor_phase1,session_E.csv,2025-08-02 14:19:43.300,2.6412233319547416,0.0105728894488118,0.0323902487489462,0.1137200490954693,,,,,,1
E,outdoor_phase1,session_E.csv,2025-08-02 14:19:43.392,2.6374780226318344,0.0093051006492853,0.0287441930605067,0.0734323579115894,,,,,,1
E,outdoor_phase1,session_E.csv,2025-08-02 14:19:43.486,2.639543568052864,0.0119173211633994,0.0295217355153212,0.0883085462178894,,,,,,1
E,outdoor_phase1,session_E.csv,2025-08-02 14:19:43.583,2.6406046504215404,0.0126755729140927,0.0313753795295577,0.1045694669251703,,,,,,1
E,outdoor_phase1,session_E.csv,2025-08-02 14:19:43.677,2.639814584416017,0.0126445356805447,0.0318527170769883,0.1157185042871882,,,,,,1
E,outdoor_phase1,session_E.csv,2025-08-02 14:19:43.766,2.6375386169163417,0.0117556866472628,0.0316366514257806,0.0935254357879758,,,,,,1
E,outdoor_phase1,session_E.csv,2025-08-02 14:19:43.862,2.6416850840275026,0.012190644424833,0.0324030631145062,0.113273328827066,,,,,,1
E,outdoor_phase1,session_E.csv,2025-08-02 14:19:43.954,2.6407236413403257,0.0123010228422949,0.0305174557018058,0.0968637147990678,,,,,,1
E,outdoor_phase1,session_E.csv,2025-08-02 14:19:44.047,2.641522763383438,0.013055630202576,0.0322900617076748,0.1095515112700361,,,,,,1
E,outdoor_phase1,session_E.csv,2025-08-02 14:19:44.141,2.6377527801773977,0.0117471752147297,0.0305050078124984,0.0779835281142714,,,,,,1
E,outdoor_phase1,session_E.csv,2025-08-02 14:19:44.232,2.6385045722965152,0.0119621131683513,0.0313077524611428,0.0982247678679426,,,,,,1
E,outdoor_phase1,session_E.csv,2025-08-02 14:19:44.325,2.637926582279057,0.0114400908582066,0.0316601827124939,0.0853910197110937,,,,,,1
E,outdoor_phase1,session_E.csv,2025-08-02 14:19:44.419,2.637446856571473,0.0138660988426183,0.0309920939630937,0.0845859646001956,,,,,,1
E,outdoor_phase1,session_E.csv,2025-08-02 14:19:44.511,2.639061230036037,0.0102259323579701,0.0291997837485235,0.0900471404429422,,,,,,1
E,outdoor_phase1,session_E.csv,2025-08-02 14:19:44.607,2.6382798250678805,0.0116968795737344,0.0300614578174838,0.0944842674445491,,,,,,1
E,outdoor_phase1,session_E.csv,2025-08-02 14:19:44.699,2.64218104941667,0.0124362744773647,0.0323496082249953,0.1151253179643168,,,,,,1
E,outdoor_phase1,session_E.csv,2025-08-02 14:19:44.793,2.6422974410699616,0.0113125438419877,0.0317395447972459,0.106434454663512,,,,,,1
E,outdoor_phase1,session_E.csv,2025-08-02 14:19:44.888,2.640029287539026,0.0114560280841909,0.0310551481355783,0.1020408163265306,,,,,,1
E,outdoor_phase1,session_E.csv,2025-08-02 14:19:44.978,2.637070659284798,0.0118382554567989,0.0300052295996555,0.0738783932828121,,,,,,1
E,outdoor_phase1,session_E.csv,2025-08-02 14:19:45.075,2.6428364982217847,0.0125802945589695,0.0319449348889505,0.1067126870318643,,,,,,1
E,outdoor_phase1,session_E.csv,2025-08-02 14:19:45.166,2.6404098704894947,0.0125630311310733,0.0314135780091942,0.1063455072670023,,,,,,1
E,outdoor_phase1,session_E.csv,2025-08-02 14:19:45.260,2.6411749480116424,0.0092754981230406,0.0285917331602525,0.0811676183360905,,,,,,1
E,outdoor_phase1,session_E.csv,2025-08-02 14:19:45.355,2.6399713226877584,0.0135551451888901,0.0318236824873358,0.1102828678171144,,,,,,1
E,outdoor_phase1,session_E.csv,2025-08-02 14:19:45.448,2.637705723035943,0.0108976677390607,0.0300787268655569,0.0813959693342108,,,,,,1
E,outdoor_phase1,session_E.csv,2025-08-02 14:19:45.540,2.6384212247826047,0.0130927863347604,0.0311345716957184,0.098894840810806,,,,,,1
E,outdoor_phase1,session_E.csv,2025-08-02 14:19:45.634,2.639176274656731,0.0141485782220755,0.0331151651317743,0.1292520637631654,,,,,,1
E,outdoor_phase1,session_E.csv,2025-08-02 14:19:45.728,2.6404978841418774,0.0157656404795799,0.0337009004311132,0.1215980646767939,,,,,,1
E,outdoor_phase1,session_E.csv,2025-08-02 14:19:45.823,2.636810016995061,0.0121300158056435,0.0321445628834715,0.0866329582680529,,,,,,1
E,outdoor_phase1,session_E.csv,2025-08-02 14:19:45.916,2.6424794775936262,0.0144708960377556,0.0341335735213515,0.1263972944108223,,,,,,1
E,outdoor_phase1,session_E.csv,2025-08-02 14:19:46.009,2.6377347774124056,0.0108312713360493,0.0292000640616101,0.0729190756586554,,,,,,1
E,outdoor_phase1,session_E.csv,2025-08-02 14:19:46.103,2.6413752433055007,0.0128209272453143,0.0316395285350762,0.1148407065478414,,,,,,1
E,outdoor_phase1,session_E.csv,2025-08-02 14:19:46.193,2.642060540712356,0.0103238110333913,0.0296499450026098,0.0946256070875807,,,,,,1
E,outdoor_phase1,session_E.csv,2025-08-02 14:19:46.288,2.640907153059483,0.0126243356154987,0.0329026890725876,0.1119688372672133,,,,,,1
E,outdoor_phase1,session_E.csv,2025-08-02 14:19:46.386,2.635487760391015,0.0115417031758392,0.0298147419894122,0.0750426985482493,,,,,,1
E,outdoor_phase1,session_E.csv,2025-08-02 14:19:46.489,2.638450570961984,0.0104310017509491,0.0296270867686779,0.0920104605860063,,,,,,1
E,outdoor_phase1,session_E.csv,2025-08-02 14:19:46.583,2.6412247673872096,0.0125361835582624,0.0347602814448684,0.1345431901076416,,,,,,1
E,outdoor_phase1,session_E.csv,2025-08-02 14:19:46.675,2.6408695621119795,0.0115424819279531,0.0318464133262062,0.1073928297921601,,,,,,1
E,outdoor_phase1,session_E.csv,2025-08-02 14:19:46.773,2.6402287420696107,0.0130070769092133,0.0325884492106643,0.1003878175478545,,,,,,1
E,outdoor_phase1,session_E.csv,2025-08-02 14:19:46.863,2.645290457406534,0.0121621930888287,0.0328517758369305,0.1096504491683714,,,,,,1
E,outdoor_phase1,session_E.csv,2025-08-02 14:19:46.959,2.642748973818956,0.0138909281139944,0.031989591053589,0.1123423631739029,,,,,,1
E,outdoor_phase1,session_E.csv,2025-08-02 14:19:47.051,2.6441547612815124,0.0149992935695414,0.0348930554350431,0.1187206489255728,,,,,,1
E,outdoor_phase1,session_E.csv,2025-08-02 14:19:47.145,2.638993632878506,0.0108306316439257,0.0314602801830083,0.1011579715042957,,,,,,1
E,outdoor_phase1,session_E.csv,2025-08-02 14:19:47.237,2.6401765782023072,0.0127535317535785,0.0308150835533556,0.1066543339440402,,,,,,1
E,outdoor_phase1,session_E.csv,2025-08-02 14:19:47.331,2.6385381818527645,0.0125834619740221,0.0311723009809971,0.1052846902292819,,,,,,1
E,outdoor_phase1,session_E.csv,2025-08-02 14:19:47.423,2.641821724312865,0.012380652977086,0.0321885442226798,0.1114985057634837,,,,,,1
E,outdoor_phase1,session_E.csv,2025-08-02 14:19:47.515,2.640031399855726,0.0146021136743223,0.0358531168534777,0.1426030029175265,,,,,,1
E,outdoor_phase1,session_E.csv,2025-08-02 14:19:47.608,2.642812484337929,0.0133375804195145,0.0329000009633755,0.1113146800903609,,,,,,1
E,outdoor_phase1,session_E.csv,2025-08-02 14:19:47.701,2.641249098073612,0.0134856713067398,0.0330032876226559,0.1125758303534895,,,,,,1
E,outdoor_phase1,session_E.csv,2025-08-02 14:19:47.795,2.6389322596863085,0.0129719532072528,0.0306496223607216,0.1013626498736969,,,,,,1
E,outdoor_phase1,session_E.csv,2025-08-02 14:19:47.887,2.642377602470869,0.0113536572718096,0.0335026442007748,0.1203884876729873,,,,,,1
E,outdoor_phase1,session_E.csv,2025-08-02 14:19:47.980,2.6422948102895125,0.0125655877167767,0.0318840638314806,0.1148783264551017,,,,,,1
E,outdoor_phase1,session_E.csv,2025-08-02 14:19:48.076,2.640010780344149,0.0106465428349945,0.0304354558464613,0.0940801878401935,,,,,,1
E,outdoor_phase1,session_E.csv,2025-08-02 14:19:48.169,2.6427593221943133,0.0109724366781385,0.0322533990298721,0.1147182296854987,,,,,,1
E,outdoor_phase1,session_E.csv,2025-08-02 14:19:48.259,2.6383755611040844,0.0138914798799268,0.0327107061237226,0.1118641053006047,,,,,,1
E,outdoor_phase1,session_E.csv,2025-08-02 14:19:48.355,2.6412857812941035,0.0114599894799626,0.0309155493232545,0.1040769860187128,,,,,,1
E,outdoor_phase1,session_E.csv,2025-08-02 14:19:48.448,2.6376086213838543,0.0112757422132935,0.0318872050384293,0.1020386380616928,,,,,,1
E,outdoor_phase1,session_E.csv,2025-08-02 14:19:48.541,2.639210052414988,0.0108297685885664,0.0314938940880139,0.1028820494573919,,,,,,1
E,outdoor_phase1,session_E.csv,2025-08-02 14:19:48.635,2.6430416610163285,0.0120809257770513,0.0317904226622824,0.0890122205026949,,,,,,1
E,outdoor_phase1,session_E.csv,2025-08-02 14:19:48.726,2.639921805278555,0.014466521466202,0.0339838856630589,0.1304742253370806,,,,,,1
E,outdoor_phase1,session_E.csv,2025-08-02 14:19:48.822,2.638255306311909,0.01007858965061,0.0303575577105083,0.0940852085742239,,,,,,1
E,outdoor_phase1,session_E.csv,2025-08-02 14:19:48.916,2.642925559993881,0.0135377779846264,0.0329664642112862,0.1285864209608851,,,,,,1
E,outdoor_phase1,session_E.csv,2025-08-02 14:19:49.008,2.6444098415249515,0.0134234404021692,0.0324252537333611,0.1111051817066012,,,,,,1
E,outdoor_phase1,session_E.csv,2025-08-02 14:19:49.100,2.6410897002537763,0.0152629391711516,0.0338172995800444,0.1280910869951965,,,,,,1
E,outdoor_phase1,session_E.csv,2025-08-02 14:19:49.194,2.638360781344722,0.0113423109308381,0.0297592433126713,0.0899905722468292,,,,,,1
E,outdoor_phase1,session_E.csv,2025-08-02 14:19:49.289,2.6375733554452063,0.0100651290915275,0.0300690833717174,0.0765208110992529,,,,,,1
E,outdoor_phase1,session_E.csv,2025-08-02 14:19:49.382,2.641970186325781,0.0135763325871074,0.0326502864478794,0.1127832924182588,,,,,,1
E,outdoor_phase1,session_E.csv,2025-08-02 14:19:49.478,2.6388103928762527,0.0135523857070318,0.0309961360458014,0.0909171766045254,,,,,,1
E,outdoor_phase1,session_E.csv,2025-08-02 14:19:49.572,2.6425789792636705,0.0130446326391958,0.0330403082994475,0.113451207798214,,,,,,1
E,outdoor_phase1,session_E.csv,2025-08-02 14:19:49.664,2.636836894788521,0.0128661314941875,0.0319275862936416,0.0877879569509917,,,,,,1
E,outdoor_phase1,session_E.csv,2025-08-02 14:19:49.757,2.6338638447495946,0.0134530721371715,0.0300617543954246,0.0763319398736991,,,,,,1
E,outdoor_phase1,session_E.csv,2025-08-02 14:19:49.849,2.640385002141425,0.0122815423527748,0.0316917342181075,0.1175779999288484,,,,,,1
E,outdoor_phase1,session_E.csv,2025-08-02 14:19:49.940,2.6402879133638915,0.0114386759961666,0.0307328222467816,0.1020724006048207,,,,,,1
E,outdoor_phase1,session_E.csv,2025-08-02 14:19:50.034,2.639334644618089,0.010173034915074,0.0312016573873374,0.0948857066619229,,,,,,1
E,outdoor_phase1,session_E.csv,2025-08-02 14:19:50.129,2.641949281345025,0.0104239133332637,0.0308999392245066,0.1020085036736581,,,,,,1
E,outdoor_phase1,session_E.csv,2025-08-02 14:19:50.220,2.640020672242841,0.0158530251036577,0.0339225179071889,0.1177485634995463,,,,,,1
E,outdoor_phase1,session_E.csv,2025-08-02 14:19:50.317,2.6382885461398984,0.0092443578734439,0.0314187205727092,0.1051714016330742,,,,,,1
E,outdoor_phase1,session_E.csv,2025-08-02 14:19:50.411,2.637604600634797,0.0112211666036608,0.0324089296950487,0.0927978085700563,,,,,,1
E,outdoor_phase1,session_E.csv,2025-08-02 14:19:50.501,2.640483813914591,0.0146982156723807,0.0327026523109798,0.1077235049272475,,,,,,1
E,outdoor_phase1,session_E.csv,2025-08-02 14:19:50.595,2.6400165080472924,0.0130619971368441,0.0311287685715381,0.1054822298907823,,,,,,1
E,outdoor_phase1,session_E.csv,2025-08-02 14:19:50.688,2.638795176390937,0.0115858785236909,0.0299834534674749,0.0822215106557085,,,,,,1
E,outdoor_phase1,session_E.csv,2025-08-02 14:19:50.781,2.639966772491319,0.0089618588780063,0.0289090743670022,0.085009872458509,,,,,,1
E,outdoor_phase1,session_E.csv,2025-08-02 14:19:50.876,2.6400846371997653,0.0163105753423606,0.03409933382854,0.1229343437038618,,,,,,1
E,outdoor_phase1,session_E.csv,2025-08-02 14:19:50.970,2.641839337818534,0.0154307919762491,0.0340664300193944,0.1246242239891847,,,,,,1
E,outdoor_phase1,session_E.csv,2025-08-02 14:19:51.064,2.6366795225601565,0.0133840643787783,0.0310199350821622,0.0848334993596129,,,,,,1
E,outdoor_phase1,session_E.csv,2025-08-02 14:19:51.157,2.641823443514528,0.0122417984603885,0.0330888507399073,0.1207528373714733,,,,,,1
E,outdoor_phase1,session_E.csv,2025-08-02 14:19:51.250,2.639762292736465,0.0114513769175072,0.0299570594711842,0.0897787106873488,,,,,,1
E,outdoor_phase1,session_E.csv,2025-08-02 14:19:51.345,2.639086572119023,0.0130554572321146,0.0324734494303839,0.1130444064901793,,,,,,1
E,outdoor_phase1,session_E.csv,2025-08-02 14:19:51.440,2.6374052162567323,0.0110163381126444,0.0295795634869732,0.0769873881566074,,,,,,1
E,outdoor_phase1,session_E.csv,2025-08-02 14:19:51.531,2.639345744858766,0.0137124873237219,0.0317044642867043,0.1012007471315485,,,,,,1
E,outdoor_phase1,session_E.csv,2025-08-02 14:19:51.623,2.638876076958523,0.0101992972722257,0.0300603299798984,0.0870152970473141,,,,,,1
E,outdoor_phase1,session_E.csv,2025-08-02 14:19:51.718,2.643086660580785,0.010836249884789,0.031688400123957,0.0733724653148345,,,,,,1
E,outdoor_phase1,session_E.csv,2025-08-02 14:19:51.815,2.640024049690464,0.0104199029969852,0.0310994351954402,0.1014247852149629,,,,,,1
E,outdoor_phase1,session_E.csv,2025-08-02 14:19:51.906,2.643488286660475,0.0146882152523067,0.0348990401054816,0.1168413000551473,,,,,,1
E,outdoor_phase1,session_E.csv,2025-08-02 14:19:52.000,2.6406616154449702,0.0115650684550696,0.0308485110833188,0.0984274380047675,,,,,,1
E,outdoor_phase1,session_E.csv,2025-08-02 14:19:52.095,2.63966574636698,0.0125090951592933,0.0322702716120135,0.1175317267930985,,,,,,1
E,outdoor_phase1,session_E.csv,2025-08-02 14:19:52.188,2.6414225243793084,0.0116432257367156,0.0318408575698239,0.1073162922247718,,,,,,1
E,outdoor_phase1,session_E.csv,2025-08-02 14:19:52.281,2.641256205007484,0.0144653778300684,0.0335597558634666,0.1303079358867166,,,,,,1
E,outdoor_phase1,session_E.csv,2025-08-02 14:19:52.376,2.6420602183522024,0.0142439054581255,0.0337665437932782,0.1252379342856634,,,,,,1
E,outdoor_phase1,session_E.csv,2025-08-02 14:19:52.470,2.641552581479392,0.0152029488178992,0.0330343792606962,0.1259228949100677,,,,,,1
E,outdoor_phase1,session_E.csv,2025-08-02 14:19:52.562,2.638651362587494,0.0115567320683537,0.031176363532648,0.0981445573088075,,,,,,1
E,outdoor_phase1,session_E.csv,2025-08-02 14:19:52.656,2.642159357086011,0.0134780679184083,0.0320192022701873,0.1029704731412308,,,,,,1
E,outdoor_phase1,session_E.csv,2025-08-02 14:19:52.748,2.638941046482206,0.013073508337585,0.0313160808735878,0.1063277177877003,,,,,,1
E,outdoor_phase1,session_E.csv,2025-08-02 14:19:52.842,2.637617831481738,0.011711600296043,0.0320960038002187,0.0963964765548536,,,,,,1
E,outdoor_phase1,session_E.csv,2025-08-02 14:19:52.936,2.637327037054556,0.0125731704073167,0.031879217286021,0.0951491541704466,,,,,,1
E,outdoor_phase1,session_E.csv,2025-08-02 14:19:53.034,2.6425670839241326,0.0119670380793004,0.0315996450481331,0.0977692389796136,,,,,,1
E,outdoor_phase1,session_E.csv,2025-08-02 14:19:53.124,2.638223600522779,0.0149826758964722,0.0319312333920895,0.1113818679852724,,,,,,1
E,outdoor_phase1,session_E.csv,2025-08-02 14:19:53.219,2.640016241515495,0.0130012992571859,0.032905079848893,0.1182916199726061,,,,,,1
E,outdoor_phase1,session_E.csv,2025-08-02 14:19:53.312,2.642069167688941,0.0155260183843906,0.0337720136591879,0.1303458336298299,,,,,,1
E,outdoor_phase1,session_E.csv,2025-08-02 14:19:53.406,2.6357447133197187,0.0143467756296288,0.0309264252073358,0.0848645475728846,,,,,,1
E,outdoor_phase1,session_E.csv,2025-08-02 14:19:53.499,2.6414652206416536,0.0117694837486351,0.0314880444864251,0.1138587439957303,,,,,,1
E,outdoor_phase1,session_E.csv,2025-08-02 14:19:53.588,2.637414615806968,0.0103126602500537,0.0284759532716126,0.0691440159385228,,,,,,1
E,outdoor_phase1,session_E.csv,2025-08-02 14:19:53.686,2.6387562237630986,0.0121347995898415,0.0298526290790913,0.0843193423838585,,,,,,1
E,outdoor_phase1,session_E.csv,2025-08-02 14:19:53.778,2.641694120279666,0.0109597302969718,0.0328368359012573,0.1090220214166281,,,,,,1
E,outdoor_phase1,session_E.csv,2025-08-02 14:19:53.870,2.6383282291914845,0.0094369571304624,0.0293433223329209,0.0898790466026325,,,,,,1
E,outdoor_phase1,session_E.csv,2025-08-02 14:19:53.966,2.6402775958324933,0.0121265250398881,0.032666763761968,0.1070888552877346,,,,,,1
E,outdoor_phase1,session_E.csv,2025-08-02 14:19:54.059,2.638649928769381,0.0104217402160207,0.0301259399223449,0.1025134745717487,,,,,,1
E,outdoor_phase1,session_E.csv,2025-08-02 14:19:54.152,2.6411611202360983,0.0112995062463152,0.0321516673883768,0.1108106665717894,,,,,,1
E,outdoor_phase1,session_E.csv,2025-08-02 14:19:54.244,2.639700808434304,0.0100488031043931,0.0286895603769151,0.0897043651499519,,,,,,1
E,outdoor_phase1,session_E.csv,2025-08-02 14:19:54.340,2.638204191693582,0.0110131835631062,0.0304613995453342,0.0875713752067879,,,,,,1
E,outdoor_phase1,session_E.csv,2025-08-02 14:19:54.432,2.639767020339061,0.0109110962427125,0.030372880369178,0.0911500489193275,,,,,,1
E,outdoor_phase1,session_E.csv,2025-08-02 14:19:54.535,2.637749044652379,0.0097929825492701,0.0297447519122271,0.080135901951367,,,,,,1
E,outdoor_phase1,session_E.csv,2025-08-02 14:19:54.630,2.640191743447057,0.0133285124332021,0.0319711527211867,0.1121922584317632,,,,,,1
E,outdoor_phase1,session_E.csv,2025-08-02 14:19:54.724,2.6393332273864343,0.0131166351743274,0.0323050212980377,0.1126116508309312,,,,,,1
E,outdoor_phase1,session_E.csv,2025-08-02 14:19:54.815,2.643374854268829,0.0127408715582061,0.0332968615873664,0.0938200448286903,,,,,,1
E,outdoor_phase1,session_E.csv,2025-08-02 14:19:54.911,2.6378643074496124,0.0133871363096519,0.0307795734473027,0.0823979364938183,,,,,,1
E,outdoor_phase1,session_E.csv,2025-08-02 14:19:55.004,2.640735378736861,0.0132829781230775,0.0319365087361455,0.0971431620890849,,,,,,1
E,outdoor_phase1,session_E.csv,2025-08-02 14:19:55.097,2.636663667160872,0.0090770573386105,0.0291256731899474,0.0720409833149525,,,,,,1
E,outdoor_phase1,session_E.csv,2025-08-02 14:19:55.188,2.6423586728104085,0.0126000593854194,0.0332117031686081,0.1240591469599103,,,,,,1
E,outdoor_phase1,session_E.csv,2025-08-02 14:19:55.283,2.6397234089091213,0.0153240185958155,0.0321674756493036,0.1123621487015297,,,,,,1
E,outdoor_phase1,session_E.csv,2025-08-02 14:19:55.374,2.6410813671061057,0.0126434411323692,0.0306554299489573,0.0966290136084674,,,,,,1
E,outdoor_phase1,session_E.csv,2025-08-02 14:19:55.475,2.638818583700875,0.0125893289593405,0.030318604580664,0.09560066176863,,,,,,1
E,outdoor_phase1,session_E.csv,2025-08-02 14:19:55.578,2.643129145749662,0.0136458781088618,0.0323505179652066,0.0797459797922299,,,,,,1
E,outdoor_phase1,session_E.csv,2025-08-02 14:19:55.672,2.638580222456387,0.0121546048693641,0.0310611683899454,0.1033746642235781,,,,,,1
E,outdoor_phase1,session_E.csv,2025-08-02 14:19:55.763,2.6385735767788887,0.0102428275943473,0.030758493917533,0.090066531469029,,,,,,1
E,outdoor_phase1,session_E.csv,2025-08-02 14:19:55.858,2.6387117807915725,0.0114715865765572,0.0306530010345593,0.0960614793467819,,,,,,1
E,outdoor_phase1,session_E.csv,2025-08-02 14:19:55.954,2.6426270132250447,0.0157251520023731,0.0364583269422723,0.1495935537807503,,,,,,1
E,outdoor_phase1,session_E.csv,2025-08-02 14:19:56.046,2.639773161528784,0.0093195975980818,0.0317530636960648,0.1061441582467624,,,,,,1
E,outdoor_phase1,session_E.csv,2025-08-02 14:19:56.142,2.6441764936269334,0.0127628328129704,0.0327482660503372,0.1080907991176261,,,,,,1
E,outdoor_phase1,session_E.csv,2025-08-02 14:19:56.232,2.639162709625158,0.0141200041988867,0.0330063656253119,0.1056619883665083,,,,,,1
E,outdoor_phase1,session_E.csv,2025-08-02 14:19:56.329,2.641014249785476,0.0119963836423429,0.0337872339027807,0.1197545139197723,,,,,,1
E,outdoor_phase1,session_E.csv,2025-08-02 14:19:56.422,2.6406608270042744,0.0139401235707467,0.0312839311869704,0.0978191262274085,,,,,,1
E,outdoor_phase1,session_E.csv,2025-08-02 14:19:56.516,2.638941882587773,0.0123690403833982,0.0319334840393171,0.1042997171472791,,,,,,1
E,outdoor_phase1,session_E.csv,2025-08-02 14:19:56.609,2.6381233420674435,0.0138785900143711,0.0324437351375311,0.1209043366893165,,,,,,1
E,outdoor_phase1,session_E.csv,2025-08-02 14:19:56.702,2.640333085150062,0.0140442259194648,0.0345432750099356,0.1298322392414296,,,,,,1
E,outdoor_phase1,session_E.csv,2025-08-02 14:19:56.796,2.6428079416676606,0.012786873268211,0.0323304099451021,0.1154099293807922,,,,,,1
E,outdoor_phase1,session_E.csv,2025-08-02 14:19:56.890,2.64135800015982,0.0126872872367003,0.0304612366440995,0.1025828026610694,,,,,,1
E,outdoor_phase1,session_E.csv,2025-08-02 14:19:56.984,2.639891046122401,0.0119337526632377,0.0317634612465439,0.1084210900811157,,,,,,1
E,outdoor_phase1,session_E.csv,2025-08-02 14:19:57.078,2.6358509051816084,0.0100223265504316,0.0285693037789945,0.0705277575196997,,,,,,1
E,outdoor_phase1,session_E.csv,2025-08-02 14:19:57.169,2.6397039924680388,0.0119760597430618,0.0306675127085285,0.0917499733181543,,,,,,1
E,outdoor_phase1,session_E.csv,2025-08-02 14:19:57.266,2.6419647060032,0.0099810270850819,0.0309817410313172,0.1047463175122749,,,,,,1
E,outdoor_phase1,session_E.csv,2025-08-02 14:19:57.371,2.6391025357393247,0.0108675445086443,0.0301855179644394,0.0918793916214533,,,,,,1
E,outdoor_phase1,session_E.csv,2025-08-02 14:19:57.465,2.637297611522047,0.0115599330095564,0.0305878934891086,0.0885058084716514,,,,,,1
E,outdoor_phase1,session_E.csv,2025-08-02 14:19:57.558,2.641542255351433,0.0145673274050622,0.0346186044385696,0.1340294206584962,,,,,,1
E,outdoor_phase1,session_E.csv,2025-08-02 14:19:57.650,2.640083480965831,0.0104963232572058,0.0301292412243386,0.0980308447622605,,,,,,1
E,outdoor_phase1,session_E.csv,2025-08-02 14:19:57.746,2.6389246445815107,0.0138591013282049,0.0318602621119874,0.1072349812320993,,,,,,1
E,outdoor_phase1,session_E.csv,2025-08-02 14:19:57.842,2.6430764041127213,0.0119343585746159,0.0315061691518391,0.0792315218358089,,,,,,1
E,outdoor_phase1,session_E.csv,2025-08-02 14:19:57.933,2.641077398818568,0.0143857092730737,0.0327802994212681,0.1099331151273658,,,,,,1
E,outdoor_phase1,session_E.csv,2025-08-02 14:19:58.043,2.63787458493688,0.0134312252104369,0.0336287581045019,0.1034458221407859,,,,,,1
E,outdoor_phase1,session_E.csv,2025-08-02 14:19:58.132,2.63876124316565,0.0150566226141119,0.0336437788410136,0.1175288174185285,,,,,,1
E,outdoor_phase1,session_E.csv,2025-08-02 14:19:58.227,2.6387537588352195,0.0143650338187881,0.0324596265902894,0.1239393022966217,,,,,,1
E,outdoor_phase1,session_E.csv,2025-08-02 14:19:58.319,2.6423497234840942,0.0106400331226089,0.0320247781196852,0.1027465490251885,,,,,,1
E,outdoor_phase1,session_E.csv,2025-08-02 14:19:58.413,2.64158985719866,0.0121695307582772,0.0303733766214716,0.1058492848502099,,,,,,1
E,outdoor_phase1,session_E.csv,2025-08-02 14:19:58.505,2.6360263810747435,0.0133319921988586,0.0334514715183388,0.105130212039277,,,,,,1
E,outdoor_phase1,session_E.csv,2025-08-02 14:19:58.599,2.6402343606001564,0.0107888354447263,0.0286203262740427,0.0819858761584574,,,,,,1
E,outdoor_phase1,session_E.csv,2025-08-02 14:19:58.695,2.640931817482494,0.0118263845531837,0.0316342356561116,0.1061263697168066,,,,,,1
E,outdoor_phase1,session_E.csv,2025-08-02 14:19:58.790,2.639519941792835,0.0126600615343329,0.0315642209391044,0.1066422370855272,,,,,,1
E,outdoor_phase1,session_E.csv,2025-08-02 14:19:58.879,2.6369150116730338,0.0113668239226907,0.0293205641548641,0.0724666038172148,,,,,,1
E,outdoor_phase1,session_E.csv,2025-08-02 14:19:58.975,2.6374265723164645,0.01499414124339,0.0318406449477556,0.1026895300437582,,,,,,1
E,outdoor_phase1,session_E.csv,2025-08-02 14:19:59.065,2.6381746454695056,0.0127092727175017,0.0313762995117809,0.0925342867815785,,,,,,1
E,outdoor_phase1,session_E.csv,2025-08-02 14:19:59.164,2.645198094190041,0.0162296296258056,0.0355216599585456,0.1358865803330012,,,,,,1
E,outdoor_phase1,session_E.csv,2025-08-02 14:19:59.268,2.638266633066734,0.0097971625323881,0.0301427719674164,0.0934787249181727,,,,,,1
E,outdoor_phase1,session_E.csv,2025-08-02 14:19:59.360,2.6383235432716163,0.0127667113122289,0.0309482556750898,0.0995214289526588,,,,,,1
E,outdoor_phase1,session_E.csv,2025-08-02 14:19:59.454,2.641842376797125,0.0149730801614968,0.0326856610826074,0.1248932688202646,,,,,,1
E,outdoor_phase1,session_E.csv,2025-08-02 14:19:59.548,2.6406921991391887,0.013229283425605,0.0320213189095013,0.1063538368494076,,,,,,1
E,outdoor_phase1,session_E.csv,2025-08-02 14:19:59.643,2.6414862778322763,0.0130700011352651,0.0316072663664688,0.106387520233373,,,,,,1
E,outdoor_phase1,session_E.csv,2025-08-02 14:19:59.734,2.64399167573051,0.0128552936620683,0.0318134551113333,0.0841427402426441,,,,,,1
E,outdoor_phase1,session_E.csv,2025-08-02 14:19:59.827,2.639066777785036,0.0146133916383351,0.0339123269388061,0.1201771706067559,,,,,,1
E,outdoor_phase1,session_E.csv,2025-08-02 14:19:59.922,2.6389669628050587,0.0137215246738728,0.0326307110772465,0.122206803302021,,,,,,1
E,outdoor_phase1,session_E.csv,2025-08-02 14:20:00.018,2.6404781650851046,0.0118933573647434,0.0314732110808232,0.0949034955083162,,,,,,1
E,outdoor_phase1,session_E.csv,2025-08-02 14:20:00.108,2.637794390470475,0.0094948123932487,0.0330238999756963,0.0927283076594685,,,,,,1
E,outdoor_phase1,session_E.csv,2025-08-02 14:20:00.202,2.642670771312684,0.0124151848096766,0.0307861597277898,0.0998754669987546,,,,,,1
E,outdoor_phase1,session_E.csv,2025-08-02 14:20:00.296,2.641331614613826,0.0136829420772202,0.0338125243719997,0.1213420383185384,,,,,,1
E,outdoor_phase1,session_E.csv,2025-08-02 14:20:00.392,2.6379313321547544,0.0115593468210453,0.0312593895933566,0.0904433217106667,,,,,,1
E,outdoor_phase1,session_E.csv,2025-08-02 14:20:00.488,2.64163632408284,0.014433566136137,0.0306439490583318,0.100320341697811,,,,,,1
E,outdoor_phase1,session_E.csv,2025-08-02 14:20:00.581,2.63916298224224,0.0111637756604238,0.0304610342310411,0.0984434759405852,,,,,,1
E,outdoor_phase1,session_E.csv,2025-08-02 14:20:00.672,2.6399871903702388,0.009595506680578,0.0307899647913425,0.0954914240979289,,,,,,1
E,outdoor_phase1,session_E.csv,2025-08-02 14:20:00.766,2.6411659468142954,0.0171347645205034,0.0341693469211498,0.1369387646148096,,,,,,1
E,outdoor_phase1,session_E.csv,2025-08-02 14:20:00.861,2.639665475575736,0.0124087028169433,0.0328125579065915,0.1209727633381366,,,,,,1
E,outdoor_phase1,session_E.csv,2025-08-02 14:20:00.953,2.643370658011423,0.0117169632806634,0.0333941925001151,0.0951415203429933,,,,,,1
E,outdoor_phase1,session_E.csv,2025-08-02 14:20:01.047,2.6382701402555933,0.0125097673082495,0.0302236580122367,0.0859486194136066,,,,,,1
E,outdoor_phase1,session_E.csv,2025-08-02 14:20:01.139,2.6407204641090467,0.0114909733033245,0.0301421431305138,0.0860400583443025,,,,,,1
E,outdoor_phase1,session_E.csv,2025-08-02 14:20:01.232,2.642147432311828,0.0101484455256639,0.0309911441446122,0.1092393624590863,,,,,,1
E,outdoor_phase1,session_E.csv,2025-08-02 14:20:01.325,2.643260051547825,0.0109418738320888,0.0319191388551475,0.087733029742422,,,,,,1
E,outdoor_phase1,session_E.csv,2025-08-02 14:20:01.420,2.640344766519665,0.0121381041551673,0.0304591236220042,0.1020546117584274,,,,,,1
E,outdoor_phase1,session_E.csv,2025-08-02 14:20:01.513,2.638760523100075,0.0128718783606308,0.0295937221139113,0.085103355036112,,,,,,1
E,outdoor_phase1,session_E.csv,2025-08-02 14:20:01.605,2.639578544712593,0.0094023037653043,0.030976786487275,0.1063201522671078,,,,,,1
E,outdoor_phase1,session_E.csv,2025-08-02 14:20:01.700,2.640474428512948,0.0147099679504061,0.0333773399678389,0.1326561471545727,,,,,,1
E,outdoor_phase1,session_E.csv,2025-08-02 14:20:01.790,2.641942314819897,0.0145348607738215,0.0315572687150307,0.1083460813262656,,,,,,1
E,outdoor_phase1,session_E.csv,2025-08-02 14:20:01.885,2.640177727251912,0.0117390036073004,0.0327612252238405,0.112613413983277,,,,,,1
E,outdoor_phase1,session_E.csv,2025-08-02 14:20:01.977,2.6388767818673005,0.0093191952530285,0.031150637267199,0.1067292811782912,,,,,,1
E,outdoor_phase1,session_E.csv,2025-08-02 14:20:02.069,2.638847516325734,0.0111634320119283,0.0339535462133237,0.1287694141507587,,,,,,1
E,outdoor_phase1,session_E.csv,2025-08-02 14:20:02.165,2.639987441493927,0.0112652068775958,0.0319334535790902,0.1073950865458168,,,,,,1
E,outdoor_phase1,session_E.csv,2025-08-02 14:20:02.272,2.639409045644867,0.0120574544253728,0.0334371667449825,0.1257449874575246,,,,,,1
E,outdoor_phase1,session_E.csv,2025-08-02 14:20:02.366,2.641378380759717,0.0131230800472959,0.0337408481703941,0.1120499501921161,,,,,,1
E,outdoor_phase1,session_E.csv,2025-08-02 14:20:02.460,2.640461194524839,0.0133143747589755,0.0316375407344017,0.1051854487236502,,,,,,1
E,outdoor_phase1,session_E.csv,2025-08-02 14:20:02.554,2.639882032521624,0.0118123665363959,0.0315610030244367,0.1045899306173278,,,,,,1
E,outdoor_phase1,session_E.csv,2025-08-02 14:20:02.649,2.6419869081396468,0.0111857709247792,0.0323634116667572,0.1145799978653004,,,,,,1
E,outdoor_phase1,session_E.csv,2025-08-02 14:20:02.743,2.643602516342802,0.0117859001914006,0.0315752606009943,0.0842820549309805,,,,,,1
E,outdoor_phase1,session_E.csv,2025-08-02 14:20:02.837,2.642494200666527,0.0118191891506232,0.0323373537059533,0.1238879795032382,,,,,,1
E,outdoor_phase1,session_E.csv,2025-08-02 14:20:02.934,2.6417804271605663,0.0125802027782526,0.0312895279152971,0.1080970507666583,,,,,,1
E,outdoor_phase1,session_E.csv,2025-08-02 14:20:03.026,2.640106398973154,0.0163686614019735,0.0343751870711055,0.1314497188812184,,,,,,1
E,outdoor_phase1,session_E.csv,2025-08-02 14:20:03.121,2.6375680082816486,0.0140956228193147,0.0328327338015702,0.1044175992314124,,,,,,1
E,outdoor_phase1,session_E.csv,2025-08-02 14:20:03.214,2.642166913758907,0.0142892644087238,0.0332888977414197,0.1263590583127213,,,,,,1
E,outdoor_phase1,session_E.csv,2025-08-02 14:20:03.306,2.6384239521231176,0.0112198914270599,0.0309081390785296,0.1024833671327427,,,,,,1
E,outdoor_phase1,session_E.csv,2025-08-02 14:20:03.400,2.639343053154566,0.0132189635809905,0.0326377252067102,0.103712664330315,,,,,,1
E,outdoor_phase1,session_E.csv,2025-08-02 14:20:03.494,2.640252428937932,0.0144230462422718,0.0340965504745881,0.1267565548400868,,,,,,1
E,outdoor_phase1,session_E.csv,2025-08-02 14:20:03.587,2.6361421817835926,0.0129006426609653,0.0303739135412684,0.083970823696851,,,,,,1
E,outdoor_phase1,session_E.csv,2025-08-02 14:20:03.679,2.641899675441693,0.0108284551290312,0.0331723244588705,0.1116566163260223,,,,,,1
E,outdoor_phase1,session_E.csv,2025-08-02 14:20:03.774,2.641314975848864,0.0111615302293445,0.0316945408291251,0.1104173337602732,,,,,,1
E,outdoor_phase1,session_E.csv,2025-08-02 14:20:03.868,2.641404807317792,0.0148687881977121,0.0335903901298512,0.1168507746766992,,,,,,1
E,outdoor_phase1,session_E.csv,2025-08-02 14:20:03.960,2.641707758396805,0.0124330179722914,0.0323078600844652,0.1113720049095469,,,,,,1
E,outdoor_phase1,session_E.csv,2025-08-02 14:20:04.052,2.643157864856226,0.0123542390048297,0.0337717452066496,0.1032679273477665,,,,,,1
E,outdoor_phase1,session_E.csv,2025-08-02 14:20:04.147,2.638634161901609,0.0131992885784802,0.0333541884198565,0.1184004553863668,,,,,,1
E,outdoor_phase1,session_E.csv,2025-08-02 14:20:04.244,2.63782266175374,0.0113995540914757,0.0317036212168481,0.0990217004624688,,,,,,1
E,outdoor_phase1,session_E.csv,2025-08-02 14:20:04.335,2.6406070770559475,0.0120078037919568,0.0323998245575876,0.1108739349307149,,,,,,1
E,outdoor_phase1,session_E.csv,2025-08-02 14:20:04.429,2.64083795653975,0.0098894152028917,0.0322623195267677,0.1150445626456513,,,,,,1
E,outdoor_phase1,session_E.csv,2025-08-02 14:20:04.522,2.6465581440272725,0.0120603528180482,0.0333619093676308,0.1207329004714044,,,,,,1
E,outdoor_phase1,session_E.csv,2025-08-02 14:20:04.617,2.6350421772425974,0.01391285368891,0.0307448169217484,0.0808310801195389,,,,,,1
E,outdoor_phase1,session_E.csv,2025-08-02 14:20:04.712,2.640560638486732,0.0128855469840949,0.0339811176373882,0.1263631673515859,,,,,,1
E,outdoor_phase1,session_E.csv,2025-08-02 14:20:04.806,2.643830034677411,0.0141726359291601,0.0340227194084303,0.0975505629969582,,,,,,1
E,outdoor_phase1,session_E.csv,2025-08-02 14:20:04.902,2.638879358066599,0.0094878139491802,0.0305187835868313,0.0993256107759924,,,,,,1
E,outdoor_phase1,session_E.csv,2025-08-02 14:20:04.992,2.6399472522365173,0.0124124941832168,0.0312383067812641,0.1014588151574453,,,,,,1
E,outdoor_phase1,session_E.csv,2025-08-02 14:20:05.087,2.6411771631977814,0.010980396224562,0.0311192659168699,0.1076244351940797,,,,,,1
E,outdoor_phase1,session_E.csv,2025-08-02 14:20:05.182,2.6384011180585696,0.0116021696291222,0.0332250296086143,0.120854682607458,,,,,,1
E,outdoor_phase1,session_E.csv,2025-08-02 14:20:05.275,2.6376359940727845,0.0114020428275675,0.0310763013479509,0.0856339832076277,,,,,,1
E,outdoor_phase1,session_E.csv,2025-08-02 14:20:05.369,2.63988458888572,0.0142304678760278,0.0335188740456446,0.1195567098334993,,,,,,1
E,outdoor_phase1,session_E.csv,2025-08-02 14:20:05.462,2.640560130401013,0.0115698538527675,0.0319264475170429,0.0981463032804383,,,,,,1
E,outdoor_phase1,session_E.csv,2025-08-02 14:20:05.554,2.6403876049534105,0.0150188909617925,0.0339644435355447,0.125435849996442,,,,,,1
E,outdoor_phase1,session_E.csv,2025-08-02 14:20:05.648,2.6394534885880296,0.0146331753859523,0.0329705024808832,0.1158314208962658,,,,,,1
E,outdoor_phase1,session_E.csv,2025-08-02 14:20:05.740,2.6421025377036123,0.0126705207551632,0.0315741435966171,0.1134948589319386,,,,,,1
E,outdoor_phase1,session_E.csv,2025-08-02 14:20:05.835,2.639945766544036,0.011375943150028,0.0316079759845252,0.1009445205357619,,,,,,1
E,outdoor_phase1,session_E.csv,2025-08-02 14:20:05.927,2.6418886230102765,0.0127128442317014,0.0330985049275243,0.1198100117408474,,,,,,1
E,outdoor_phase1,session_E.csv,2025-08-02 14:20:06.024,2.63946807043702,0.0088057183781183,0.0309103801892908,0.0993311512736587,,,,,,1
E,outdoor_phase1,session_E.csv,2025-08-02 14:20:06.114,2.641859392910824,0.0126096910646388,0.0341395003781331,0.1303435148453204,,,,,,1
E,outdoor_phase1,session_E.csv,2025-08-02 14:20:06.206,2.640190454181133,0.0090077651941991,0.0303204088255884,0.0925668943922573,,,,,,1
E,outdoor_phase1,session_E.csv,2025-08-02 14:20:06.301,2.640296935640242,0.0130074055294176,0.0335707631754984,0.1189446905409973,,,,,,1
E,outdoor_phase1,session_E.csv,2025-08-02 14:20:06.398,2.639383023471261,0.0150366698147061,0.0332529689531918,0.1180091077273374,,,,,,1
E,outdoor_phase1,session_E.csv,2025-08-02 14:20:06.489,2.6393539958769305,0.0131625672226516,0.0343505028832759,0.1351255181738929,,,,,,1
E,outdoor_phase1,session_E.csv,2025-08-02 14:20:06.585,2.642632758613888,0.012655029909335,0.0333189607541367,0.1303651790319998,,,,,,1
E,outdoor_phase1,session_E.csv,2025-08-02 14:20:06.673,2.6393960621029406,0.0117698976452786,0.0310880771617336,0.1099606838519151,,,,,,1
E,outdoor_phase1,session_E.csv,2025-08-02 14:20:06.769,2.6398258952247127,0.0125130061694998,0.0304547751543608,0.1009552950385142,,,,,,1
E,outdoor_phase1,session_E.csv,2025-08-02 14:20:06.862,2.639910235150089,0.0121173018096706,0.0303513811036907,0.0919360290324302,,,,,,1
E,outdoor_phase1,session_E.csv,2025-08-02 14:20:06.957,2.6399043551518773,0.0102340655155507,0.0317268125630528,0.1042404398811324,,,,,,1
E,outdoor_phase1,session_E.csv,2025-08-02 14:20:07.049,2.641768626864875,0.009468851374551,0.0331114713671207,0.1104034725681349,,,,,,1
E,outdoor_phase1,session_E.csv,2025-08-02 14:20:07.140,2.643716350440802,0.0103871694249631,0.0317080644282354,0.0873154243017256,,,,,,1
E,outdoor_phase1,session_E.csv,2025-08-02 14:20:07.232,2.641028517956171,0.0127281774376162,0.0334384815375645,0.1180886643421333,,,,,,1
E,outdoor_phase1,session_E.csv,2025-08-02 14:20:07.327,2.6417237523277985,0.0137683207490542,0.034826607075465,0.1398857712221767,,,,,,1
E,outdoor_phase1,session_E.csv,2025-08-02 14:20:07.421,2.6423079135983776,0.0114422284947218,0.0318978879671371,0.1146333653538264,,,,,,1
E,outdoor_phase1,session_E.csv,2025-08-02 14:20:07.513,2.6425552086774884,0.0167277636758431,0.0342728350895601,0.1315129413857511,,,,,,1
E,outdoor_phase1,session_E.csv,2025-08-02 14:20:07.608,2.6371658254151886,0.0128112569987316,0.0310918640595768,0.0858474455670983,,,,,,1
E,outdoor_phase1,session_E.csv,2025-08-02 14:20:07.699,2.637829853481452,0.0138054438612845,0.033533192395447,0.1056638679379536,,,,,,1
E,outdoor_phase1,session_E.csv,2025-08-02 14:20:07.793,2.644723547662737,0.0130714166985853,0.0328849141191406,0.1081619583007187,,,,,,1
E,outdoor_phase1,session_E.csv,2025-08-02 14:20:07.887,2.639693716513388,0.0108970624475543,0.0315335448644943,0.1089311442750671,,,,,,1
E,outdoor_phase1,session_E.csv,2025-08-02 14:20:07.982,2.639183219436332,0.0136829622676189,0.0334645290840419,0.1244285536403579,,,,,,1
E,outdoor_phase1,session_E.csv,2025-08-02 14:20:08.075,2.638465531216235,0.013839057383361,0.0320526918529153,0.1103382020672846,,,,,,1
E,outdoor_phase1,session_E.csv,2025-08-02 14:20:08.168,2.643108892352287,0.0126103727073255,0.0336315148589586,0.0940546502526151,,,,,,1
E,outdoor_phase1,session_E.csv,2025-08-02 14:20:08.262,2.639506885011227,0.0116187798769465,0.0327299918817535,0.1117653337128219,,,,,,1
E,outdoor_phase1,session_E.csv,2025-08-02 14:20:08.354,2.639766682350964,0.0131187108246028,0.0320843317042777,0.1075335764475673,,,,,,1
E,outdoor_phase1,session_E.csv,2025-08-02 14:20:08.448,2.643539624289532,0.0120581460069793,0.0330241215337713,0.0950780013163278,,,,,,1
E,outdoor_phase1,session_E.csv,2025-08-02 14:20:08.542,2.6433344787606954,0.0114063083158704,0.0321673845043544,0.0802440586309947,,,,,,1
E,outdoor_phase1,session_E.csv,2025-08-02 14:20:08.636,2.6424169211392776,0.0144352150456732,0.034349763905358,0.1308856751516445,,,,,,1
E,outdoor_phase1,session_E.csv,2025-08-02 14:20:08.729,2.642447857229867,0.0129775043106296,0.0321215697014636,0.1199074897705034,,,,,,1
E,outdoor_phase1,session_E.csv,2025-08-02 14:20:08.822,2.6410295821997902,0.0137392896388795,0.0327821546001756,0.1218826710306307,,,,,,1
E,outdoor_phase1,session_E.csv,2025-08-02 14:20:08.913,2.6445332371900765,0.0155981061362946,0.0330710431147805,0.1100517618598694,,,,,,1
E,outdoor_phase1,session_E.csv,2025-08-02 14:20:09.005,2.6393471316591715,0.0106251078041547,0.0303884902959547,0.0967305845102991,,,,,,1
E,outdoor_phase1,session_E.csv,2025-08-02 14:20:09.099,2.639881685141444,0.0091989821308873,0.0307922490511935,0.1024477888070587,,,,,,1
E,outdoor_phase1,session_E.csv,2025-08-02 14:20:09.193,2.6400235007701847,0.0128066150795491,0.0312149588963697,0.1150089836870474,,,,,,1
E,outdoor_phase1,session_E.csv,2025-08-02 14:20:09.286,2.6414502126228427,0.0106657485908562,0.0308699160243984,0.1080436870753139,,,,,,1
E,outdoor_phase1,session_E.csv,2025-08-02 14:20:09.380,2.641873135425846,0.0109902570162847,0.0330681348621827,0.1275948556486472,,,,,,1
E,outdoor_phase1,session_E.csv,2025-08-02 14:20:09.473,2.64247516642736,0.0103458710980244,0.0315824774253375,0.1149932398776062,,,,,,1
E,outdoor_phase1,session_E.csv,2025-08-02 14:20:09.567,2.640854823247307,0.0113951271782281,0.0313590468477479,0.101535395947124,,,,,,1
E,outdoor_phase1,session_E.csv,2025-08-02 14:20:09.660,2.639053368312689,0.0128340932547508,0.0324000259726011,0.1124630874871028,,,,,,1
E,outdoor_phase1,session_E.csv,2025-08-02 14:20:09.756,2.639677092519591,0.0106090430466086,0.030003649471828,0.0952660511287826,,,,,,1
E,outdoor_phase1,session_E.csv,2025-08-02 14:20:09.846,2.638836547836137,0.0128979039357097,0.0313060878003141,0.1095022946387278,,,,,,1
E,outdoor_phase1,session_E.csv,2025-08-02 14:20:09.938,2.640199353394267,0.011682947689887,0.0313184838144946,0.0974794101428393,,,,,,1
E,outdoor_phase1,session_E.csv,2025-08-02 14:20:10.034,2.64461554443598,0.0128885220852211,0.0321917706868622,0.1090595371506839,,,,,,1
E,outdoor_phase1,session_E.csv,2025-08-02 14:20:10.129,2.640783299542299,0.0143849951575944,0.0328479621268474,0.1279998576791019,,,,,,1
E,outdoor_phase1,session_E.csv,2025-08-02 14:20:10.223,2.6397908929720555,0.0133962517827995,0.0318663284869877,0.118598238904207,,,,,,1
E,outdoor_phase1,session_E.csv,2025-08-02 14:20:10.313,2.639643892275455,0.0118685692083058,0.0317558307299485,0.1027643375551444,,,,,,1
E,outdoor_phase1,session_E.csv,2025-08-02 14:20:10.406,2.639563713866308,0.0152003088416101,0.0337132650817848,0.1234411968761674,,,,,,1
E,outdoor_phase1,session_E.csv,2025-08-02 14:20:10.500,2.640046002014207,0.0091411761402611,0.0314962500624783,0.1008431763199089,,,,,,1
E,outdoor_phase1,session_E.csv,2025-08-02 14:20:10.595,2.6381325786986194,0.0118724516499572,0.030174286386848,0.0945994023053934,,,,,,1
E,outdoor_phase1,session_E.csv,2025-08-02 14:20:10.687,2.6397053767401424,0.0104708356381628,0.0302849638241059,0.0977870281424556,,,,,,1
E,outdoor_phase1,session_E.csv,2025-08-02 14:20:10.783,2.6420646456371992,0.0144670934519082,0.0338721768391529,0.1339855910344214,,,,,,1
E,outdoor_phase1,session_E.csv,2025-08-02 14:20:10.874,2.637598492205,0.0089363525950272,0.0291398075535787,0.0748937078611709,,,,,,1
E,outdoor_phase1,session_E.csv,2025-08-02 14:20:10.967,2.6413348640588703,0.0121899400889773,0.0328795170901189,0.1251934468221356,,,,,,1
E,outdoor_phase1,session_E.csv,2025-08-02 14:20:11.059,2.639667924822372,0.0110003930457356,0.0309134675116014,0.0986584584727065,,,,,,1
E,outdoor_phase1,session_E.csv,2025-08-02 14:20:11.150,2.6397736136139347,0.0124764614948431,0.0325020525609736,0.1175968261310466,,,,,,1
E,outdoor_phase1,session_E.csv,2025-08-02 14:20:11.245,2.64394042833582,0.0138176764068077,0.0348461682433918,0.1184161374673141,,,,,,1
E,outdoor_phase1,session_E.csv,2025-08-02 14:20:11.338,2.6424840532885354,0.0124273624929089,0.0321824610999141,0.1122476207417949,,,,,,1
E,outdoor_phase1,session_E.csv,2025-08-02 14:20:11.433,2.6408286170626725,0.011125040208354,0.0299369234345385,0.0925052923700923,,,,,,1
E,outdoor_phase1,session_E.csv,2025-08-02 14:20:11.523,2.6408929514336497,0.0146668356434296,0.033375194158403,0.1227464450337254,,,,,,1
E,outdoor_phase1,session_E.csv,2025-08-02 14:20:11.618,2.640132943877435,0.0095160191328537,0.0302202317590549,0.097638663985622,,,,,,1
E,outdoor_phase1,session_E.csv,2025-08-02 14:20:11.709,2.642627255618733,0.0098118077578184,0.0303601816782338,0.1073499590878366,,,,,,1
E,outdoor_phase1,session_E.csv,2025-08-02 14:20:11.805,2.639934286527248,0.0156444123596913,0.0328781370282703,0.1160585629658619,,,,,,1
E,outdoor_phase1,session_E.csv,2025-08-02 14:20:11.897,2.63801885895392,0.0102862448492234,0.0331476746003893,0.1183974096674909,,,,,,1
E,outdoor_phase1,session_E.csv,2025-08-02 14:20:11.990,2.641717323788271,0.0112842470404024,0.032665009317932,0.1161557757654468,,,,,,1
E,outdoor_phase1,session_E.csv,2025-08-02 14:20:12.081,2.6414199187396035,0.0102067711494236,0.0322274103671137,0.1135898667520592,,,,,,1
E,outdoor_phase1,session_E.csv,2025-08-02 14:20:12.169,2.6408757369699694,0.0122090164506024,0.0323680088158518,0.113643237088826,,,,,,1
E,outdoor_phase1,session_E.csv,2025-08-02 14:20:12.258,2.6414142302142096,0.0137476365359343,0.0329765152872848,0.1156774836322231,,,,,,1
E,outdoor_phase1,session_E.csv,2025-08-02 14:20:12.348,2.6399411877970755,0.0094321295837947,0.0320704454443684,0.1089269195189639,,,,,,1
E,outdoor_phase1,session_E.csv,2025-08-02 14:20:12.443,2.639002527224691,0.0127041382551411,0.0320166659635448,0.1057004590257267,,,,,,1
E,outdoor_phase1,session_E.csv,2025-08-02 14:20:12.538,2.6401022816748103,0.0121976499296937,0.0323475983445632,0.1091659550241958,,,,,,1
E,outdoor_phase1,session_E.csv,2025-08-02 14:20:12.631,2.6387263615476413,0.0131565570104691,0.0321483800376735,0.1047314123087869,,,,,,1
E,outdoor_phase1,session_E.csv,2025-08-02 14:20:12.723,2.641879099914488,0.0118825765615037,0.0304061809226952,0.1016137928580324,,,,,,1
E,outdoor_phase1,session_E.csv,2025-08-02 14:20:12.818,2.641517434320785,0.0121796937055165,0.032113628378739,0.1067527662148219,,,,,,1
E,outdoor_phase1,session_E.csv,2025-08-02 14:20:12.908,2.6422393626731866,0.0114094259184975,0.0334120432195027,0.1255781683626272,,,,,,1
E,outdoor_phase1,session_E.csv,2025-08-02 14:20:12.999,2.6384466726886564,0.010665828415202,0.0291381620555593,0.0886726671172934,,,,,,1
E,outdoor_phase1,session_E.csv,2025-08-02 14:20:13.099,2.6405295382294884,0.012042287085963,0.0318860529086517,0.1050038244659088,,,,,,1
E,outdoor_phase1,session_E.csv,2025-08-02 14:20:13.189,2.642595222997676,0.0128557051467424,0.0330029407510584,0.1162836203216166,,,,,,1
E,outdoor_phase1,session_E.csv,2025-08-02 14:20:13.283,2.6430053209882107,0.0140692320988056,0.0344946153929422,0.105279077629308,,,,,,1
E,outdoor_phase1,session_E.csv,2025-08-02 14:20:13.376,2.6433518822010527,0.0132534476971981,0.0340201735110235,0.0990305078715645,,,,,,1
E,outdoor_phase1,session_E.csv,2025-08-02 14:20:13.470,2.641370225067028,0.0113550212292026,0.0324317124456772,0.1126289576663109,,,,,,1
E,outdoor_phase1,session_E.csv,2025-08-02 14:20:13.567,2.640823825419942,0.0142212580973373,0.0333774590476297,0.1193716532351319,,,,,,1
E,outdoor_phase1,session_E.csv,2025-08-02 14:20:13.673,2.6410788588786454,0.0133023946557984,0.0331997727659596,0.1253757893800587,,,,,,1
E,outdoor_phase1,session_E.csv,2025-08-02 14:20:13.766,2.640652787335725,0.0114200753537335,0.0297667540454711,0.0893292303313826,,,,,,1
E,outdoor_phase1,session_E.csv,2025-08-02 14:20:13.858,2.6395199053163387,0.0114504280471184,0.0318248262651891,0.0999857570146702,,,,,,1
E,outdoor_phase1,session_E.csv,2025-08-02 14:20:13.952,2.6379174665507774,0.0109259019535597,0.0308466002725728,0.0806483178251819,,,,,,1
E,outdoor_phase1,session_E.csv,2025-08-02 14:20:14.046,2.640774634013177,0.014514946791263,0.0348482154084643,0.1362091968335853,,,,,,1
E,outdoor_phase1,session_E.csv,2025-08-02 14:20:14.140,2.639238442532225,0.0101492383179107,0.0310227425605206,0.106715289513475,,,,,,1
E,outdoor_phase1,session_E.csv,2025-08-02 14:20:14.238,2.6384596357449226,0.0097737958450972,0.0318298061417547,0.1093182950259731,,,,,,1
E,outdoor_phase1,session_E.csv,2025-08-02 14:20:14.340,2.6419108820167487,0.0120689864428394,0.0324813144454248,0.1215112866214846,,,,,,1
E,outdoor_phase1,session_E.csv,2025-08-02 14:20:14.436,2.6413136615638075,0.0130410839107696,0.032148370852407,0.1208288865172536,,,,,,1
E,outdoor_phase1,session_E.csv,2025-08-02 14:20:14.533,2.641660845157667,0.0122520431190211,0.0330991718267815,0.1234280225546523,,,,,,1
E,outdoor_phase1,session_E.csv,2025-08-02 14:20:14.641,2.640173175299205,0.0111392398136715,0.0307059295031791,0.0958640932135551,,,,,,1
E,outdoor_phase1,session_E.csv,2025-08-02 14:20:14.732,2.642782005496224,0.0074498231257449,0.0303070820837001,0.0935181396010889,,,,,,1
E,outdoor_phase1,session_E.csv,2025-08-02 14:20:14.826,2.643465984510353,0.0097895449626776,0.0317404230034427,0.074811414745232,,,,,,1
E,outdoor_phase1,session_E.csv,2025-08-02 14:20:14.921,2.640155291987261,0.008878775397851,0.0306618237822441,0.0927121689168756,,,,,,1
E,outdoor_phase1,session_E.csv,2025-08-02 14:20:15.021,2.641902539344207,0.0121541891400682,0.031541501561928,0.108116761833609,,,,,,1
E,outdoor_phase1,session_E.csv,2025-08-02 14:20:15.128,2.6443929274663884,0.017246994830638,0.0344331369949357,0.1306908146382251,,,,,,1
E,outdoor_phase1,session_E.csv,2025-08-02 14:20:15.224,2.643649253990644,0.0137789588248232,0.0335058277963091,0.0942547136250444,,,,,,1
E,outdoor_phase1,session_E.csv,2025-08-02 14:20:15.331,2.642513361120699,0.0142697533897952,0.0353678687840095,0.1405393866078417,,,,,,1
E,outdoor_phase1,session_E.csv,2025-08-02 14:20:15.438,2.6446245208029,0.0131991716668405,0.032372410415555,0.0983527821260851,,,,,,1
E,outdoor_phase1,session_E.csv,2025-08-02 14:20:15.543,2.6390822757036805,0.0108656028788966,0.0303370587253898,0.0951542320418401,,,,,,1
E,outdoor_phase1,session_E.csv,2025-08-02 14:20:15.633,2.6368409712657046,0.0135507076393935,0.0300961080572527,0.0826988757649067,,,,,,1
E,outdoor_phase1,session_E.csv,2025-08-02 14:20:15.728,2.6378746382360045,0.0132209436073349,0.0320423279516937,0.0966462058535717,,,,,,1
E,outdoor_phase1,session_E.csv,2025-08-02 14:20:15.819,2.639031683883555,0.0137435760291415,0.0339765873097843,0.1273193033639905,,,,,,1
E,outdoor_phase1,session_E.csv,2025-08-02 14:20:15.914,2.641584082916071,0.0130838524330354,0.031047307778662,0.1079465604041769,,,,,,1
E,outdoor_phase1,session_E.csv,2025-08-02 14:20:16.006,2.641221821886224,0.0113034128680446,0.0328937335226376,0.1189603643350174,,,,,,1
E,outdoor_phase1,session_E.csv,2025-08-02 14:20:16.099,2.640900993639874,0.0174750574753168,0.0347352354223277,0.1447480785653287,,,,,,1
E,outdoor_phase1,session_E.csv,2025-08-02 14:20:16.192,2.641003861032237,0.0104397904133894,0.0305106322427974,0.0984239362459086,,,,,,1
E,outdoor_phase1,session_E.csv,2025-08-02 14:20:16.287,2.641170062298436,0.0095226772718983,0.0317130896678831,0.1009872809748287,,,,,,1
F_flat,controlled_phase2,session_F_flat.csv,2026-08-31 00:47:11.903,0.9761322939207971,2.372553200811591,0.009383750385154,0.0,0.007321622145555,0.0116783787568964,0.0153216225255347,0.0166783789943837,0.0203216227630219,1
F_flat,controlled_phase2,session_F_flat.csv,2026-08-31 00:47:11.996,0.976854443792231,2.653934583078729,0.0104044975866254,0.0,0.0076455025474995,0.0126455027849867,0.0173544986399367,0.0186455030699714,0.0213544988299265,1
F_flat,controlled_phase2,session_F_flat.csv,2026-08-31 00:47:12.072,0.9761471051880268,2.80092577013862,0.0109567228259787,0.0,0.0091347635337334,0.0148652376062053,0.0178652377486977,0.0188652377961952,0.0218652379386875,1
F_flat,controlled_phase2,session_F_flat.csv,2026-08-31 00:47:12.153,0.9756508296307428,2.650076731644885,0.0104303180332795,0.0,0.0081065394876179,0.0128934615098285,0.0161065398675975,0.0181065399625924,0.0208934618898081,1
F_flat,controlled_phase2,session_F_flat.csv,2026-08-31 00:47:12.242,0.9747017721180556,2.607176654900687,0.0102717385701718,0.0,0.0086176805651282,0.0133823204798156,0.016382320622308,0.0166176809451078,0.0196176810876002,1
F_flat,controlled_phase2,session_F_flat.csv,2026-08-31 00:47:12.320,0.9744737991379704,2.8255455253577773,0.0110752702975157,0.0,0.0094577146916448,0.0135422864007965,0.0165422865432889,0.0175422865907863,0.0214577152616142,1
F_flat,controlled_phase2,session_F_flat.csv,2026-08-31 00:47:12.396,0.9738946972686032,2.6968791727807853,0.0105834243665746,0.0,0.0094019661123628,0.0134019663023526,0.0155980350750734,0.0174019664923424,0.0204019666348348,1
F_flat,controlled_phase2,session_F_flat.csv,2026-08-31 00:47:12.474,0.9733345750864686,2.7639379532801818,0.0108124499050469,0.0,0.0091486082480473,0.0141486084855345,0.0161486085805294,0.0178513930343838,0.0208513931768762,1
F_flat,controlled_phase2,session_F_flat.csv,2026-08-31 00:47:12.552,0.9718262180342664,2.594367532557103,0.0102055337760137,0.0,0.008180297046569,0.0128197039508773,0.0158197040933697,0.0171802974740461,0.0198197042833595,1
F_flat,controlled_phase2,session_F_flat.csv,2026-08-31 00:47:12.629,0.9713180799892976,2.5432956845335624,0.0099989307139509,0.0,0.0082079326814664,0.01279206831598,0.0157920684584723,0.0172079331089435,0.0202079332514358,1
F_flat,controlled_phase2,session_F_flat.csv,2026-08-31 00:47:12.708,0.9700586398253108,2.5422484676055177,0.009974634613508,0.0,0.0085801529155522,0.012580153105542,0.0145801532005369,0.0174198483193814,0.0194198484143763,1
F_flat,controlled_phase2,session_F_flat.csv,2026-08-31 00:47:12.786,0.9681188610873428,2.539057819850939,0.0099613450610556,2.1368434548484977e-05,0.0082015474642138,0.0117984534857351,0.0157984536757249,0.0167984537232224,0.0202015480341832,1
F_flat,controlled_phase2,session_F_flat.csv,2026-08-31 00:47:12.862,0.96934314499966,2.4903160110218514,0.0097415461230922,0.0,0.0086818390639349,0.0123181619335115,0.0146818393489196,0.0163181621235013,0.0193181622659937,1
F_flat,controlled_phase2,session_F_flat.csv,2026-08-31 00:47:12.942,0.9698955538800648,2.5102694535104533,0.009854531935417,0.0,0.0081430642804283,0.0121430644704181,0.014856936812013,0.0171430647079053,0.0198569370495003,1
F_flat,controlled_phase2,session_F_flat.csv,2026-08-31 00:47:13.019,0.9706471815199316,2.5821760182014835,0.0101189702248814,0.0,0.0088544979168936,0.0128544981068834,0.0158544982493757,0.0168544982968732,0.020854498486863,1
F_flat,controlled_phase2,session_F_flat.csv,2026-08-31 00:47:13.097,0.9708913221565276,2.627424843531572,0.0102807256915433,0.0,0.0085028290908356,0.0125028292808254,0.0155028294233178,0.0175028295183127,0.020502829660805,1
F_flat,controlled_phase2,session_F_flat.csv,2026-08-31 00:47:13.176,0.9700846814932144,2.41305389325927,0.0094939941472466,0.0,0.0083699406726925,0.0116300602772564,0.0146300604197487,0.0163699410526722,0.0186300606097385,1
F_flat,controlled_phase2,session_F_flat.csv,2026-08-31 00:47:13.254,0.969771204915825,2.374544289757004,0.0093773304557965,0.0001500761100272,0.0077524819838996,0.0112475189185519,0.0142475190610442,0.0157524823638792,0.0192475192985315,1
F_flat,controlled_phase2,session_F_flat.csv,2026-08-31 00:47:13.330,0.968523157981546,2.3260862070542303,0.0091719405364108,0.0001393623635856,0.007200735746489,0.010799265108465,0.0142007360789712,0.0147992652984548,0.0177992654409472,1
F_flat,controlled_phase2,session_F_flat.csv,2026-08-31 00:47:13.407,0.967717493880779,2.34348527418028,0.0092697686531152,0.0001597869507323,0.0081525436628575,0.0118474572870914,0.0148474574295838,0.0158474574770812,0.0178474575720761,1
F_flat,controlled_phase2,session_F_flat.csv,2026-08-31 00:47:13.486,0.967251348025305,2.3575665339557474,0.0092852052171602,7.457280436357438e-05,0.0083385502746127,0.011338550417105,0.0143385505595974,0.0156614508653261,0.0183385507495872,1
F_flat,controlled_phase2,session_F_flat.csv,2026-08-31 00:47:13.576,0.9663226370436936,2.491565609814069,0.0097934467537355,0.0001810899484426,0.0082892756078316,0.0117107253421173,0.0147107254846097,0.0172892760353087,0.0192892761303036,1
F_flat,controlled_phase2,session_F_flat.csv,2026-08-31 00:47:13.656,0.965529017214332,2.441764861585092,0.0095826829659875,0.000191748426065,0.0083424950432703,0.0116575059066786,0.014657506049171,0.0163424954232499,0.0193424955657423,1
F_flat,controlled_phase2,session_F_flat.csv,2026-08-31 00:47:13.748,0.9643916473686432,2.733459434506985,0.0107755688796091,0.0005183594452496,0.0094979005664346,0.0134979007564244,0.0155021006210016,0.0184979009939116,0.0205021008584889,1
F_flat,controlled_phase2,session_F_flat.csv,2026-08-31 00:47:13.826,0.9621930795558834,2.929284250731739,0.0115439555186003,0.0007069524020554,0.0096706767067868,0.0136706768967767,0.0176706770867665,0.0196706771817614,0.0243293249081264,1
F_flat,controlled_phase2,session_F_flat.csv,2026-08-31 00:47:13.907,0.9603704883234816,3.074034123206838,0.0121316941616873,0.0009043112513144,0.0096069720651394,0.0146069723026267,0.0193930293122865,0.0206069725876114,0.0253930295972713,1
F_flat,controlled_phase2,session_F_flat.csv,2026-08-31 00:47:13.997,0.9589801887782792,2.9034854931713623,0.0114947290692756,0.0009020159006523,0.0086939652972524,0.0143060357951889,0.0176939657247294,0.0206939658672218,0.0246939660572116,1
F_flat,controlled_phase2,session_F_flat.csv,2026-08-31 00:47:14.076,0.959509823931505,2.8305526107447347,0.0111815382452215,0.0005978289370181,0.0087316276631437,0.0137316279006309,0.01726837357179,0.0192683736667849,0.0232683738567747,1
F_flat,controlled_phase2,session_F_flat.csv,2026-08-31 00:47:14.155,0.9588558398140398,2.929176815199402,0.011559859451377,0.0007968545216251,0.0091246347715358,0.014124635009023,0.0178753665108953,0.0208753666533877,0.0241246354839975,1
F_flat,controlled_phase2,session_F_flat.csv,2026-08-31 00:47:14.232,0.9585708693655552,2.945170928925437,0.0116271423782216,0.0007448203514293,0.0090594182115738,0.0140594184490611,0.0179405830708573,0.0209405832133496,0.0240594189240356,1
F_flat,controlled_phase2,session_F_flat.csv,2026-08-31 00:47:14.308,0.9583743944786725,2.680887432274095,0.0106274861685486,0.0007024459798072,0.0080198680694566,0.0129801329279898,0.0169801331179796,0.0189801332129745,0.0230198687819184,1
F_flat,controlled_phase2,session_F_flat.csv,2026-08-31 00:47:14.388,0.961043990959638,2.664536550031159,0.0105466126223849,0.0004942581920666,0.0087722104869053,0.0127722106768951,0.0162277907005309,0.0187722109618798,0.0212277909380181,1
F_flat,controlled_phase2,session_F_flat.csv,2026-08-31 00:47:14.465,0.9625420379057914,2.4681811107485485,0.0098386432174442,0.0007515931657951,0.0077475391650158,0.0117475393550056,0.0152524619274255,0.0172524620224204,0.0207475397824826,1
F_flat,controlled_phase2,session_F_flat.csv,2026-08-31 00:47:14.544,0.9658268687909792,2.452352642026686,0.0097246302317777,0.0005006924470011,0.0077380529935098,0.0117380531834996,0.0152619480989315,0.0172619481939264,0.0197380535634792,1
F_flat,controlled_phase2,session_F_flat.csv,2026-08-31 00:47:14.623,0.9694723767766316,2.4347804768638106,0.0096444872817354,0.0004182574750117,0.0078197850224429,0.0111802158800086,0.0148197853549251,0.0178197854974174,0.0201802163074856,1
F_flat,controlled_phase2,session_F_flat.csv,2026-08-31 00:47:14.713,0.9772454831832909,2.4351005168075783,0.0096267717312076,8.722007806196986e-05,0.0077936158604627,0.0117936160504525,0.0142063851844811,0.0172063853269734,0.0192063854219683,1
F_flat,controlled_phase2,session_F_flat.csv,2026-08-31 00:47:14.789,0.9837207498492262,2.548302902333161,0.0100256540919441,0.0,0.0083244292256512,0.012324429415641,0.0153244295581334,0.0163244296056308,0.0183244297006257,1
F_flat,controlled_phase2,session_F_flat.csv,2026-08-31 00:47:14.867,0.988342494860414,2.5422741402844125,0.0099767447484675,0.0,0.0086056871159864,0.01239431388146,0.0146056874009711,0.0156056874484685,0.0186056875909609,1
F_flat,controlled_phase2,session_F_flat.csv,2026-08-31 00:47:14.942,0.98970479961262,2.68484478349534,0.0105164773268303,0.0,0.0094782235243712,0.013478223714361,0.0164782238568533,0.0174782239043508,0.0194782239993457,1
F_flat,controlled_phase2,session_F_flat.csv,2026-08-31 00:47:15.025,0.9894570782466872,2.7708746791471994,0.0108413227513926,0.0,0.0092475056518055,0.0132475058417953,0.0167524955831281,0.0177524956306256,0.0207524957731179,1
F_flat,controlled_phase2,session_F_flat.csv,2026-08-31 00:47:15.101,0.9873942526278748,2.8338100918414315,0.0111339770498271,0.0004224804046917,0.009825938539974,0.0141740625999647,0.0161740626949596,0.0181740627899545,0.0201740628849494,1
F_flat,controlled_phase2,session_F_flat.csv,2026-08-31 00:47:15.185,0.9871338359488392,2.856328074639796,0.0112674152900694,0.0007448665354812,0.0099100050288384,0.0140899961111004,0.0170899962535927,0.0189100054563154,0.0209100055513103,1
F_flat,controlled_phase2,session_F_flat.csv,2026-08-31 00:47:15.273,0.9870570130285236,2.9491635407946504,0.0116675397788754,0.0009227861470898,0.010454155813684,0.0144541560036738,0.0175458455162446,0.019454156241161,0.0215458457062344,1
F_flat,controlled_phase2,session_F_flat.csv,2026-08-31 00:47:15.350,0.9867760885360136,2.948944543747804,0.0116698129119397,0.0012007871827086,0.0100626526610481,0.0149373485263881,0.0170626529935302,0.0189373487163779,0.02106265318352,1
F_flat,controlled_phase2,session_F_flat.csv,2026-08-31 00:47:15.427,0.9861989400711004,2.8406802172261982,0.0113254891174563,0.0012629899625534,0.0095882768064855,0.0144117243334532,0.0165882771389677,0.018411724523443,0.0214117246659354,1
F_flat,controlled_phase2,session_F_flat.csv,2026-08-31 00:47:15.506,0.9860098124579508,2.9136664322995784,0.0116428650595194,0.0015394497851415,0.0103264967470719,0.0143264969370617,0.0173264970795541,0.0186735046303541,0.0216735047728464,1
F_flat,controlled_phase2,session_F_flat.csv,2026-08-31 00:47:15.588,0.9868353333304944,2.954648352133189,0.011742504677734,0.0014450545785998,0.0103089420427486,0.0146910591446876,0.0173089423752308,0.0193089424702257,0.0216910594771697,1
F_flat,controlled_phase2,session_F_flat.csv,2026-08-31 00:47:15.661,0.9859902780270736,2.9752302628937715,0.0119009706701689,0.0017056341304034,0.0102452352328263,0.0142452354228161,0.0177547660971022,0.0197547661920971,0.0237547663820869,1
F_flat,controlled_phase2,session_F_flat.csv,2026-08-31 00:47:15.738,0.986117559858902,3.073657560877483,0.0122532970664469,0.0016947275143996,0.0103824661555244,0.0146175350319118,0.018382466535504,0.0203824666304989,0.021617535364394,1
F_flat,controlled_phase2,session_F_flat.csv,2026-08-31 00:47:15.813,0.9862389791355024,2.844309517708252,0.0114258853582077,0.0016954599350627,0.0096688095371574,0.0143311916027814,0.0173311917452737,0.0183311917927712,0.0213311919352635,1
F_flat,controlled_phase2,session_F_flat.csv,2026-08-31 00:47:15.890,0.987154394005518,2.7828627974243694,0.0110093617041351,0.0011119759813188,0.0095045929122468,0.014495408227692,0.0155045931972315,0.0184954084176818,0.0205045934347187,1
F_flat,controlled_phase2,session_F_flat.csv,2026-08-31 00:47:15.969,0.9901494610920736,2.7571623589656755,0.0109109271884064,0.0007473007941465,0.0092383113159265,0.0137616897765148,0.0162383116484087,0.0177616899665046,0.0202383118383985,1
F_flat,controlled_phase2,session_F_flat.csv,2026-08-31 00:47:16.045,0.9942064274306024,2.9138432649728947,0.0114316018998778,6.757822179172393e-05,0.0096858293069425,0.0146858295444297,0.0176858296869221,0.0186858297344195,0.0223141722129759,1
F_flat,controlled_phase2,session_F_flat.csv,2026-08-31 00:47:16.123,0.9974355942506464,3.0546690716068747,0.0119703674319161,0.0001133414183545,0.0099785562776032,0.015021444909833,0.0190214450998228,0.0200214451473202,0.0220214452423151,1
F_flat,controlled_phase2,session_F_flat.csv,2026-08-31 00:47:16.202,0.9975150213377524,3.089224999641712,0.0120928866204334,0.0001927503203056,0.0101550964606624,0.0151550966981497,0.0188449049167636,0.0201550969356369,0.0238449051542508,1
F_flat,controlled_phase2,session_F_flat.csv,2026-08-31 00:47:16.278,0.9983868491196196,3.195510314574381,0.0124780208435029,0.0002163319214828,0.0104671977463339,0.0154671979838212,0.019467198173811,0.020532803726087,0.0244671984112982,1
F_flat,controlled_phase2,session_F_flat.csv,2026-08-31 00:47:16.356,0.9982801649475928,3.2659712602507627,0.012752025562215,0.0002276478288088,0.0107193335010026,0.0157193337384898,0.0192806679239209,0.0212806680189158,0.0242806681614081,1
F_flat,controlled_phase2,session_F_flat.csv,2026-08-31 00:47:16.434,0.9972150310785252,3.244802143942171,0.012710713486524,0.0002268293789411,0.0102969088046419,0.0162969090896266,0.0197030926202815,0.0212969093271139,0.0252969095171037,1
F_flat,controlled_phase2,session_F_flat.csv,2026-08-31 00:47:16.512,0.996822638492366,3.248964303083712,0.0127135255295653,0.0002608774556508,0.0102806479180944,0.0162806482030791,0.019719353506829,0.0212806484405664,0.0247193537443163,1
F_flat,controlled_phase2,session_F_flat.csv,2026-08-31 00:47:16.588,0.9961058415833198,3.266502111021245,0.0127358892075783,0.0003280357445845,0.0104958208706755,0.0164958211556602,0.0195041805542479,0.0205041806017454,0.0235041807442377,1
F_flat,controlled_phase2,session_F_flat.csv,2026-08-31 00:47:16.668,0.99500655767694,3.3471230741685805,0.0130441185581915,0.0002940278421749,0.0111263759567938,0.0161263761942811,0.0201263763842709,0.021873625610622,0.0248736257531143,1
F_flat,controlled_phase2,session_F_flat.csv,2026-08-31 00:47:16.744,0.9931898258198164,3.375764369468678,0.0132086207774007,0.0006403702913123,0.0106148009221018,0.0166148012070865,0.0203852005503191,0.0213852005978165,0.0253852007878063,1
F_flat,controlled_phase2,session_F_flat.csv,2026-08-31 00:47:16.824,0.9925937971456732,3.3056381813082023,0.012947773609292,0.0007523018189984,0.0110312266636362,0.0160312269011234,0.0199687748087847,0.0209687748562822,0.024968775046272,1
F_flat,controlled_phase2,session_F_flat.csv,2026-08-31 00:47:16.903,0.9908848126895008,3.3192846513734686,0.0130033649302076,0.0008084891359272,0.0112111958612326,0.0162111960987199,0.0192111962412122,0.0217888057061832,0.0252111965261969,1
F_flat,controlled_phase2,session_F_flat.csv,2026-08-31 00:47:16.979,0.9913236147936764,3.346621390752132,0.0131137194206763,0.0008196445212939,0.0112650264156164,0.0162650266531036,0.0202650268430935,0.0217349751517994,0.0247349752942918,1
F_flat,controlled_phase2,session_F_flat.csv,2026-08-31 00:47:17.056,0.9910078595703452,3.4484894514545354,0.0134690452372458,0.0006514218967608,0.0110228789098293,0.0169771224200993,0.0209771226100891,0.0220228794323013,0.0260228796222911,1
F_flat,controlled_phase2,session_F_flat.csv,2026-08-31 00:47:17.135,0.9915990054317566,3.277896599690368,0.0128656454958546,0.0007857134839658,0.0114631225208752,0.0164631227583624,0.0194631229008548,0.0214631229958497,0.024536879189033,1
F_flat,controlled_phase2,session_F_flat.csv,2026-08-31 00:47:17.211,0.9921602033750788,3.44634100173106,0.0135060173791369,0.0008423748231012,0.0115657619438676,0.0165657621813548,0.0204342395760508,0.0224342396710457,0.025434239813538,1
F_flat,controlled_phase2,session_F_flat.csv,2026-08-31 00:47:17.289,0.9917767398151984,3.393927475031039,0.0132928925591929,0.0007185601850292,0.0116353200312427,0.0163646812986858,0.0196353204112224,0.0216353205062173,0.0253646817261629,1
F_flat,controlled_phase2,session_F_flat.csv,2026-08-31 00:47:17.367,0.993360073223736,3.5528240974046192,0.0139294845707077,0.0009319769139212,0.0124661125640819,0.0174661128015691,0.0205338890033339,0.0234661130865538,0.0255338892408212,1
F_flat,controlled_phase2,session_F_flat.csv,2026-08-31 00:47:17.444,0.9929108544523992,3.518488114973379,0.0137808417872617,0.0009320920412815,0.0124492801852313,0.0174492804227186,0.0205507213821845,0.0234492807077033,0.0254492808026982,1
F_flat,controlled_phase2,session_F_flat.csv,2026-08-31 00:47:17.523,0.9928363101780254,3.5461322397389607,0.0138674451633359,0.0009545306516636,0.0115546277765213,0.0174453736009047,0.0205546282039984,0.0234453738858894,0.0255546284414857,1
F_flat,controlled_phase2,session_F_flat.csv,2026-08-31 00:47:17.600,0.991853562735514,3.504547945197666,0.0137863120047388,0.0013477088948787,0.0116172287638283,0.0173827726135977,0.0203827727560901,0.022382772851085,0.0263827730410748,1
F_flat,controlled_phase2,session_F_flat.csv,2026-08-31 00:47:17.678,0.9918649559652218,3.459097248544811,0.0136080118768165,0.0013250684993037,0.0110373831770795,0.016962618152849,0.0209626183428388,0.0229626184378337,0.0259626185803261,1
F_flat,controlled_phase2,session_F_flat.csv,2026-08-31 00:47:17.758,0.9908988100859992,3.5314996505125453,0.0139289696160319,0.0017296957307964,0.0115628817280961,0.0165628819655834,0.0214371198393197,0.0225628822505681,0.0275628824880553,1
F_flat,controlled_phase2,session_F_flat.csv,2026-08-31 00:47:17.836,0.9890563620818208,3.468335798305807,0.0138638747085776,0.0023974932256877,0.0118968302984455,0.0168968305359328,0.0208968307259226,0.0231031713639652,0.027103171553955,1
F_flat,controlled_phase2,session_F_flat.csv,2026-08-31 00:47:17.911,0.989863328265983,3.607835147968848,0.0143166244679336,0.0019970991855405,0.0124331702881897,0.017433170525677,0.0215668313267235,0.0234331708106617,0.0274331710006515,1
F_flat,controlled_phase2,session_F_flat.csv,2026-08-31 00:47:17.989,0.9891579245866448,3.58378187028346,0.0142374023521571,0.0021303649504773,0.0123907831351531,0.0173907833726404,0.0216092184797601,0.023609218574755,0.0276092187647448,1
F_flat,controlled_phase2,session_F_flat.csv,2026-08-31 00:47:18.068,0.9895085105407968,3.472578218500511,0.0138409842166426,0.002319642239793,0.0124207257011952,0.0174207259386824,0.0205792758662206,0.0224207261761697,0.0264207263661595,1
F_flat,controlled_phase2,session_F_flat.csv,2026-08-31 00:47:18.144,0.9894245261618076,3.502031798092278,0.0140006569560222,0.0024979369716974,0.0123396196507122,0.0173396198881995,0.0206603819167036,0.0226603820116985,0.027339620363174,1
F_flat,controlled_phase2,session_F_flat.csv,2026-08-31 00:47:18.224,0.9892389792779946,3.4736009776914094,0.0138506926340607,0.002364699058582,0.0119531527562063,0.0170468486212197,0.0209531531836834,0.0229531532786783,0.0269531534686681,1
F_flat,controlled_phase2,session_F_flat.csv,2026-08-31 00:47:18.304,0.9880717315187004,3.4955870984807165,0.0140349076477982,0.002622299589359,0.0117421448176755,0.016257856512253,0.0207421452451526,0.0227421453401475,0.0282578570822225,1
F_flat,controlled_phase2,session_F_flat.csv,2026-08-31 00:47:18.378,0.9881358333227298,3.568493869542896,0.0142546034910807,0.0025874952599763,0.0122036989133867,0.0167963024640392,0.0212036993408638,0.0232036994358587,0.0272036996258485,1
F_flat,controlled_phase2,session_F_flat.csv,2026-08-31 00:47:18.457,0.98899451312055,3.5563627017813264,0.0142759057122393,0.0027660357577041,0.0122271835741014,0.0167728178033246,0.0212271840015785,0.0232271840965734,0.0277728183257965,1
F_flat,controlled_phase2,session_F_flat.csv,2026-08-31 00:47:18.537,0.988198221643544,3.559916743490451,0.0142612994170304,0.0025782976538607,0.0123741551070166,0.0166258462704094,0.0213741555344937,0.0233741556294886,0.0283741558669758,1
F_flat,controlled_phase2,session_F_flat.csv,2026-08-31 00:47:18.611,0.9887349867214258,3.5760321280506147,0.0143333116174374,0.0026112574208811,0.0120947200316838,0.0169052813457422,0.0210947204591609,0.0239052816782243,0.0280947207916431,1
F_flat,controlled_phase2,session_F_flat.csv,2026-08-31 00:47:18.694,0.990555240796812,3.6035010749315215,0.0144225795185617,0.0025095508576165,0.0121565226087956,0.0171565228462828,0.0211565230362726,0.0231565231312675,0.0281565233687548,1
F_flat,controlled_phase2,session_F_flat.csv,2026-08-31 00:47:18.783,0.9926445783980852,3.608936062297469,0.0144365250226626,0.0025501606488866,0.0116400459389914,0.0173599554384346,0.0216400464139659,0.0243599557709167,0.0276400466989507,1
F_flat,controlled_phase2,session_F_flat.csv,2026-08-31 00:47:18.862,0.9917203860872392,3.6377406230075455,0.0145585393062886,0.0026843677696161,0.0115214642577328,0.0174785371196932,0.0215214647327073,0.0245214648751996,0.027521465017692,1
F_flat,controlled_phase2,session_F_flat.csv,2026-08-31 00:47:18.940,0.992034552327444,3.822313722553112,0.0151888844871619,0.0024491905312945,0.0122448859302733,0.0187551155421475,0.0237551157796348,0.0252448865477402,0.0297551160646195,1
F_flat,controlled_phase2,session_F_flat.csv,2026-08-31 00:47:19.019,0.9906774559088186,3.755580751466689,0.0150125186793602,0.0029314973099861,0.0117881016010917,0.0182118998238317,0.0227881021235637,0.0252119001563139,0.0287881024085484,1
F_flat,controlled_phase2,session_F_flat.csv,2026-08-31 00:47:19.094,0.9908363100830304,3.690888482601381,0.0147982019539758,0.002997776929468,0.0119873694868014,0.018012631938122,0.0220126321281118,0.0249873701042683,0.029012632460594,1
F_flat,controlled_phase2,session_F_flat.csv,2026-08-31 00:47:19.172,0.991305060105295,3.7818915894094856,0.0151881051712001,0.0027631445933347,0.0121895680232892,0.0178104334016342,0.0228104336391214,0.0258104337816138,0.0308104340191011,1
F_flat,controlled_phase2,session_F_flat.csv,2026-08-31 00:47:19.249,0.9905823214066012,3.753114614734904,0.014958698738178,0.0024533691816501,0.0121229939102648,0.0178770075146587,0.0228770077521459,0.0251229945277317,0.0291229947177215,1
F_flat,controlled_phase2,session_F_flat.csv,2026-08-31 00:47:19.326,0.9902825991192308,3.858043680481978,0.0153364123529737,0.0020203598696253,0.0121513712964519,0.018848630175969,0.0238486304134563,0.0261513719614162,0.0291513721039086,1
F_flat,controlled_phase2,session_F_flat.csv,2026-08-31 00:47:19.404,0.9899508933743087,3.863374858090249,0.0154824215205693,0.0025226592847256,0.0128549923505445,0.0178549925880318,0.0238549928730165,0.026145009501856,0.0301450096918458,1
F_flat,controlled_phase2,session_F_flat.csv,2026-08-31 00:47:19.480,0.98933207824075,3.893543003042,0.015754226675506,0.0025683975432719,0.0125021781482603,0.0175021783857476,0.0234978235616478,0.0265021788132246,0.0305021790032145,1
F_flat,controlled_phase2,session_F_flat.csv,2026-08-31 00:47:19.561,0.989525951203282,3.952702598108036,0.0159720656297342,0.0027154175373509,0.0132341076138023,0.018765893906116,0.0237658941436033,0.0272341082787667,0.0312341084687565,1
F_flat,controlled_phase2,session_F_flat.csv,2026-08-31 00:47:19.637,0.9904606590235212,3.9703529866968457,0.0158384644187327,0.0024572494443265,0.0134503362767921,0.0184503365142794,0.0235496654806135,0.0265496656231059,0.0315496658605931,1
F_flat,controlled_phase2,session_F_flat.csv,2026-08-31 00:47:19.717,0.991543015845764,3.985844107005761,0.0159201238356028,0.0026983270372369,0.0134432120974137,0.0194432123823984,0.0244432126198856,0.0264432127148805,0.0315567900399715,1
F_flat,controlled_phase2,session_F_flat.csv,2026-08-31 00:47:19.792,0.9934814925003366,4.007608426990982,0.0158579898231843,0.002101052773502,0.0131326815446367,0.0191326818296214,0.0241326820671087,0.0261326821621036,0.030867320545251,1
F_flat,controlled_phase2,session_F_flat.csv,2026-08-31 00:47:19.872,0.9927018700674732,3.865137740941104,0.015387289990128,0.0021129293292573,0.0125961613607383,0.018596161645723,0.0235961618832103,0.0255961619782052,0.029596162168195,1
F_flat,controlled_phase2,session_F_flat.csv,2026-08-31 00:47:19.951,0.9927419091318748,3.8803057098211617,0.0155382593947364,0.0025622295892566,0.0121914822894649,0.018808519182956,0.0241914828594344,0.0258085195154381,0.0301914831444191,1
F_flat,controlled_phase2,session_F_flat.csv,2026-08-31 00:47:20.027,0.9920072085761452,3.912112625354024,0.0156478761964293,0.0023154913112874,0.01211703404899,0.0191170343814721,0.0241170346189594,0.0261170347139543,0.0301170349039441,1
F_flat,controlled_phase2,session_F_flat.csv,2026-08-31 00:47:20.108,0.9902770652648012,3.880893383796949,0.0154742639159551,0.0019437648714769,0.0128791297156949,0.0188791300006796,0.0231208719942133,0.0261208721367056,0.030879130570649,1
F_flat,controlled_phase2,session_F_flat.csv,2026-08-31 00:47:20.185,0.9890365053100444,3.90796468485174,0.0155548933310751,0.0020106564793405,0.0127239933213126,0.0177239935587999,0.0237239938437846,0.0272760085785853,0.0312760087685751,1
F_flat,controlled_phase2,session_F_flat.csv,2026-08-31 00:47:20.262,0.9874261055321428,3.906751888599126,0.0157683985143772,0.0035300275052616,0.0127226317553933,0.018722632040378,0.0237226322778653,0.0267226324203576,0.0317226326578449,1
F_flat,controlled_phase2,session_F_flat.csv,2026-08-31 00:47:20.338,0.9858508125471322,4.054666247416587,0.0165068481615066,0.003221327409053,0.0132854657795955,0.0192854660645802,0.0242854663020675,0.0272854664445598,0.0337145364527846,1
F_flat,controlled_phase2,session_F_flat.csv,2026-08-31 00:47:20.419,0.9846746551246256,4.040527740107303,0.0164987186160052,0.0038535645472061,0.0128950684928008,0.0188950687777855,0.0251049333121022,0.0281049334545946,0.0328950694427498,1
F_flat,controlled_phase2,session_F_flat.csv,2026-08-31 00:47:20.495,0.9842292880378628,4.050254676013514,0.0163580584625211,0.0034128180125875,0.0123988127509543,0.0186011887214666,0.0253988133684212,0.0283988135109135,0.0336011894339284,1
F_flat,controlled_phase2,session_F_flat.csv,2026-08-31 00:47:20.572,0.984604932759708,4.088493790600182,0.0166145529071898,0.0036649910312908,0.0125215919316349,0.0185215922166196,0.0254784098732682,0.0285215926915941,0.0334784102532478,1
F_flat,controlled_phase2,session_F_flat.csv,2026-08-31 00:47:20.649,0.9855830546251808,4.084401010861571,0.0166024248241162,0.0034442530970501,0.0125040837004061,0.0194959178195123,0.025495918104497,0.0284959182469893,0.0334959184844766,1
F_flat,controlled_phase2,session_F_flat.csv,2026-08-31 00:47:20.728,0.98591627890152,4.134582262997021,0.0168321904368187,0.0039870725558356,0.0134211865416713,0.0195788150257445,0.0255788153107292,0.0284211872541331,0.0335788156907088,1
F_flat,controlled_phase2,session_F_flat.csv,2026-08-31 00:47:20.807,0.9863842865120857,4.08660409425531,0.016560663740991,0.0031072443181818,0.0135160473394209,0.0194839542279949,0.0245160478618928,0.0275160480043852,0.0325160482418724,1
F_flat,controlled_phase2,session_F_flat.csv,2026-08-31 00:47:20.886,0.9872262838698967,4.116370134147176,0.0164697126706077,0.0025635881317015,0.0137239467942096,0.0192760547732062,0.0252760550581909,0.0282760552006833,0.0332760554381705,1
F_flat,controlled_phase2,session_F_flat.csv,2026-08-31 00:47:20.961,0.9869961406297988,4.091846584782259,0.0164145500126178,0.0023176520402023,0.0134761109959742,0.0195238905714416,0.0254761115659436,0.028476111708436,0.0344761119934207,1
F_flat,controlled_phase2,session_F_flat.csv,2026-08-31 00:47:21.039,0.98753064586352,4.132040429985355,0.0164592528141744,0.0023424428332403,0.0139751261517917,0.0190248754156241,0.0259751267217611,0.0289751268642535,0.0339751271017407,1
F_flat,controlled_phase2,session_F_flat.csv,2026-08-31 00:47:21.121,0.9871507630329764,4.09353919520797,0.0163578969988135,0.0021294386532136,0.0130655115186217,0.0190655118036064,0.0250655120885912,0.0280655122310835,0.0320655124210733,1
F_flat,controlled_phase2,session_F_flat.csv,2026-08-31 00:47:21.194,0.9872533021003468,4.090647974857575,0.0163664221916063,0.0029657048566204,0.0131676632932268,0.0191676635782115,0.0251676638631962,0.0281676640056885,0.0328323388916559,1
F_flat,controlled_phase2,session_F_flat.csv,2026-08-31 00:47:21.275,0.9872923646022022,4.006746006211488,0.0160060239761907,0.002551844794348,0.0126937569407452,0.0186937572257299,0.0243062448166604,0.0283062450066502,0.03230624519664,1
F_flat,controlled_phase2,session_F_flat.csv,2026-08-31 00:47:21.351,0.9872800859685054,4.038628466329424,0.0162194329086416,0.0029308846145273,0.0128075206118906,0.0191924809080278,0.0251924811930125,0.0281924813355048,0.0328075215618396,1
F_flat,controlled_phase2,session_F_flat.csv,2026-08-31 00:47:21.428,0.9859476379758312,4.054920418458733,0.0164427690352669,0.0028990336554481,0.0126585810744259,0.0193414204454924,0.0256585816918928,0.0276585817868877,0.0326585820243749,1
F_flat,controlled_phase2,session_F_flat.csv,2026-08-31 00:47:21.509,0.984701154984613,4.047724769248556,0.0164982362160588,0.0032872527642807,0.0127755266225881,0.0192244748973302,0.025775527240055,0.0287755273825474,0.0327755275725372,1
F_flat,controlled_phase2,session_F_flat.csv,2026-08-31 00:47:21.587,0.983065278265174,4.15222817463601,0.016982347530915,0.0032669605085383,0.0132531070105824,0.0192531072955671,0.0257468948418181,0.0292531077705416,0.0347468952692952,1
F_flat,controlled_phase2,session_F_flat.csv,2026-08-31 00:47:21.668,0.98336578895859,4.18569488218293,0.0171424932340609,0.0038663933972192,0.0130154661917902,0.0190154664767749,0.0260154668092571,0.0299845358506001,0.0349845360880873,1
F_flat,controlled_phase2,session_F_flat.csv,2026-08-31 00:47:21.742,0.982976593920151,4.0802903612090144,0.0165971810285213,0.0029239120840321,0.0122295331962833,0.0187704682761375,0.0252295338137502,0.0287704687511121,0.0337704689885993,1
F_flat,controlled_phase2,session_F_flat.csv,2026-08-31 00:47:21.820,0.9840658019489488,4.091168603057134,0.0165988432963356,0.0033754994079042,0.0124446811360401,0.0194446814685222,0.025555320668863,0.0285553208113553,0.034444682180984,1
F_flat,controlled_phase2,session_F_flat.csv,2026-08-31 00:47:21.896,0.9854881303863636,3.967368046944308,0.0159867975794324,0.0027865976863467,0.0125363817931281,0.0185363820781128,0.0235363823156,0.0274636201067699,0.0325363827430771,1
F_flat,controlled_phase2,session_F_flat.csv,2026-08-31 00:47:21.974,0.9864919088350158,3.985674645456018,0.0159516408386289,0.0024872307350655,0.012665468067711,0.0186654683526957,0.0246654686376804,0.0276654687801728,0.0316654689701626,1
F_flat,controlled_phase2,session_F_flat.csv,2026-08-31 00:47:22.053,0.9874043437741876,4.048431001120524,0.0163193258403836,0.0027081545542689,0.0125732712231944,0.019426730296724,0.0254267305817087,0.0285732719831536,0.0325732721731434,1
F_flat,controlled_phase2,session_F_flat.csv,2026-08-31 00:47:22.129,0.9870713359458704,3.989992718988256,0.0160888065273331,0.0027203300072467,0.0127672563062839,0.0192327452136344,0.0247672568762533,0.0282327456411115,0.0312327457836039,1
F_flat,controlled_phase2,session_F_flat.csv,2026-08-31 00:47:22.207,0.9867765212910032,4.01872522318093,0.0161257049658656,0.0026527268471561,0.0130715685161837,0.0190715688011684,0.0249284332887194,0.0280715692286455,0.0320715694186353,1
F_flat,controlled_phase2,session_F_flat.csv,2026-08-31 00:47:22.287,0.9864001119556556,4.043682994128378,0.0164715950803266,0.0032956058588548,0.0127484915065416,0.0192515100133767,0.024748492076511,0.0277484922190034,0.033251510678341,1
F_flat,controlled_phase2,session_F_flat.csv,2026-08-31 00:47:22.360,0.9843061359737824,4.10768989072643,0.016664063177192,0.0037626435891193,0.0131970635515076,0.0191970638364923,0.025197064121477,0.0288029384433853,0.0338029386808725,1
F_flat,controlled_phase2,session_F_flat.csv,2026-08-31 00:47:22.437,0.9829170414367082,4.196615483978847,0.0170169974868015,0.003397833329656,0.013410619969318,0.0195893815980978,0.02658938193058,0.0295893820730723,0.0345893823105596,1
F_flat,controlled_phase2,session_F_flat.csv,2026-08-31 00:47:22.515,0.9810108556358014,4.117577163378229,0.0168685842493711,0.003886038882406,0.0128716622507731,0.0198716625832553,0.02587166286824,0.0298716630582298,0.0351283400291044,1
F_flat,controlled_phase2,session_F_flat.csv,2026-08-31 00:47:22.593,0.98032934675935,4.200898033635693,0.0172732027929814,0.0040610142630744,0.0133294710504429,0.0196705305169729,0.0263294716679097,0.0296705309919474,0.0356705312769322,1
F_flat,controlled_phase2,session_F_flat.csv,2026-08-31 00:47:22.672,0.9807048895129176,4.046081509045978,0.0169436130686601,0.0045663105311224,0.0117248335839784,0.019724833963958,0.0262751682209246,0.029275168363417,0.0362751686958991,1
F_flat,controlled_phase2,session_F_flat.csv,2026-08-31 00:47:22.749,0.9798612391117792,4.018185903013553,0.0167364932417375,0.0048513784075157,0.0121598760478497,0.0198401254720687,0.0258401257570534,0.0281598768078089,0.0358401262320279,1
F_flat,controlled_phase2,session_F_flat.csv,2026-08-31 00:47:22.827,0.9812796270737004,3.999958153914471,0.016570656086194,0.0044440044440044,0.0121200986957719,0.019120099028254,0.0251200993132387,0.0291200995032285,0.0348799035366083,1
F_flat,controlled_phase2,session_F_flat.csv,2026-08-31 00:47:22.905,0.9825485492727164,3.812593960040515,0.0158419576165334,0.004276943087997,0.0124564209666523,0.018456421251637,0.0235435807432559,0.0275435809332457,0.0334564219640988,1
F_flat,controlled_phase2,session_F_flat.csv,2026-08-31 00:47:22.981,0.983563137685113,3.834217252883668,0.0157217636959933,0.0031756218465079,0.0116435342345465,0.0186435345670287,0.0243564674753616,0.027356467617854,0.032643535231993,1
F_flat,controlled_phase2,session_F_flat.csv,2026-08-31 00:47:23.060,0.9839990679446234,3.8019998163618185,0.015625423693153,0.003639058490399,0.0119258257146632,0.0180741757102602,0.0239258262846326,0.0279258264746224,0.0320741763752245,1
F_flat,controlled_phase2,session_F_flat.csv,2026-08-31 00:47:23.136,0.984710238891055,3.717412850411851,0.0152020061344133,0.0037162797385331,0.0118276359681953,0.0171723654092307,0.0231723656942154,0.0261723658367077,0.0318276369181443,1
F_flat,controlled_phase2,session_F_flat.csv,2026-08-31 00:47:23.214,0.9864676469849476,3.620533417185472,0.0149246253447112,0.0036061826614737,0.0119818808882281,0.0170181204891979,0.0219818813632026,0.0259818815531924,0.0309818817906797,1
F_flat,controlled_phase2,session_F_flat.csv,2026-08-31 00:47:23.293,0.986973679691232,3.608652093006641,0.014809902103559,0.0039601757606096,0.0111758501331381,0.0171758504181228,0.0218241514342777,0.02482415157677,0.0308241518617548,1
F_flat,controlled_phase2,session_F_flat.csv,2026-08-31 00:47:23.369,0.9879772604680662,3.571311690672862,0.0145887043274889,0.003280920443259,0.0116650899982027,0.0163349113317259,0.0216650904731772,0.0243349117117055,0.0293349119491928,1
F_flat,controlled_phase2,session_F_flat.csv,2026-08-31 00:47:23.449,0.9878040833765076,3.617530719347334,0.0147393871547341,0.0033492609297548,0.0119725254648372,0.0160274758650913,0.0219725259398118,0.0240274762450709,0.0290274764825582,1
F_flat,controlled_phase2,session_F_flat.csv,2026-08-31 00:47:23.525,0.9862567243691084,3.6500537133536,0.0149000524485556,0.0036597537983808,0.0118728296645168,0.0171271717129092,0.0221271719503964,0.0251271720928888,0.030127172330376,1
F_flat,controlled_phase2,session_F_flat.csv,2026-08-31 00:47:23.604,0.9854553923085728,3.719727947526516,0.0150989304837525,0.0034967363793792,0.0123106550849689,0.0176893463399545,0.0233106556074409,0.0256893467199341,0.0313106559874205,1
F_flat,controlled_phase2,session_F_flat.csv,2026-08-31 00:47:23.682,0.9849192387003431,3.661347493085618,0.0150532174491495,0.0036622312976506,0.0116564610625913,0.017656461347576,0.0226564615850632,0.0253435406948143,0.0306564619650429,1
F_flat,controlled_phase2,session_F_flat.csv,2026-08-31 00:47:23.759,0.9842511868145672,3.632166418830099,0.0149667474762526,0.003442207440038,0.0119652685845678,0.0179652688695525,0.0229652691070397,0.0250347331728378,0.0300347334103251,1
F_flat,controlled_phase2,session_F_flat.csv,2026-08-31 00:47:23.838,0.983426474116448,3.609473033932937,0.014846444546044,0.0034890289423257,0.0111345109017992,0.0178654904756268,0.0221345114242712,0.0248654908081089,0.0301345118042508,1
F_flat,controlled_phase2,session_F_flat.csv,2026-08-31 00:47:23.913,0.984742959773756,3.656571910881784,0.0151366808794504,0.0040262369064342,0.0116266666289788,0.0176266669139635,0.0226266671514507,0.0256266672939431,0.0313733354134115,1
F_flat,controlled_phase2,session_F_flat.csv,2026-08-31 00:47:23.991,0.9842549359282168,3.6280041954548894,0.0149126472480241,0.0034955752212389,0.0118036067553314,0.0171963946220946,0.0221963948595819,0.0251963950020742,0.0311963952870589,1
F_flat,controlled_phase2,session_F_flat.csv,2026-08-31 00:47:24.066,0.9842070219754846,3.6899038297430033,0.0151848173074603,0.0033432968006199,0.0118228390426794,0.0178228393276641,0.0228228395651514,0.0258228397076437,0.0318228399926284,1
F_flat,controlled_phase2,session_F_flat.csv,2026-08-31 00:47:24.145,0.9856133280641188,3.705636500444347,0.0150818070111918,0.0037269147579169,0.0117561871259669,0.0172438142514591,0.0232438145364438,0.0262438146789362,0.0307561880284185,1
F_flat,controlled_phase2,session_F_flat.csv,2026-08-31 00:47:24.221,0.9862174947594818,3.637634004629165,0.0150009707612648,0.0038605327091399,0.0117491879602951,0.0172508134171309,0.0217491884352696,0.0252508137971105,0.0307491888627466,1
F_flat,controlled_phase2,session_F_flat.csv,2026-08-31 00:47:24.302,0.9857819478637944,3.600383918486485,0.0147271627130076,0.0036521468851294,0.0117986218472033,0.0172013795302227,0.0217986223221778,0.0252013799102023,0.0302013801476895,1
F_flat,controlled_phase2,session_F_flat.csv,2026-08-31 00:47:24.378,0.9850329243907178,3.583426711158994,0.0147906785661404,0.0038378348399977,0.0113426326722938,0.0173426329572785,0.021657368895122,0.0256573690851118,0.0306573693225991,1
F_flat,controlled_phase2,session_F_flat.csv,2026-08-31 00:47:24.458,0.9847681485352274,3.645945241506456,0.0150876344572541,0.0040173976559646,0.0115774986961437,0.0175774989811284,0.0225774992186157,0.025577499361108,0.0304225032987491,1
F_flat,controlled_phase2,session_F_flat.csv,2026-08-31 00:47:24.532,0.9842580480560822,3.679966147468015,0.0151418731525538,0.0034314810715076,0.0118528564407754,0.0178528567257602,0.0228528569632474,0.0261471453641276,0.0301471455541174,1
F_flat,controlled_phase2,session_F_flat.csv,2026-08-31 00:47:24.611,0.9842012841290106,3.769699548934609,0.0154739044377668,0.0039604398522025,0.012027093077396,0.0179729083475275,0.0229729085850147,0.0260270937423603,0.0319729090124918,1
F_flat,controlled_phase2,session_F_flat.csv,2026-08-31 00:47:24.689,0.9831595899275888,3.726198284427426,0.0153116333619668,0.0036299247454625,0.0115744582744141,0.0175744585593988,0.0234255433879966,0.0264255435304889,0.0315744592243631,1
F_flat,controlled_phase2,session_F_flat.csv,2026-08-31 00:47:24.767,0.9832604905665948,3.6689861242862807,0.0150450815610235,0.0039391860490849,0.0114169235511046,0.0175830778263214,0.0234169241210741,0.025416924216069,0.0305830784437882,1
F_flat,controlled_phase2,session_F_flat.csv,2026-08-31 00:47:24.844,0.9828258783842662,3.752683144124671,0.0155988942115772,0.0043757164271228,0.0116918707607832,0.0183081306641402,0.0236918713307526,0.0273081310916173,0.0313081312816071,1
F_flat,controlled_phase2,session_F_flat.csv,2026-08-31 00:47:24.919,0.9831051899241552,3.680966929501676,0.0152761463059794,0.0039481542102585,0.0115380886239404,0.0175380889089251,0.0234619130384703,0.0264619131809626,0.0315380895738894,1
F_flat,controlled_phase2,session_F_flat.csv,2026-08-31 00:47:24.998,0.9840463008113502,3.704896302623735,0.0151614296430716,0.0033866790623547,0.0123524365607667,0.0176475648641567,0.022647565101644,0.0256475652441363,0.0313524374632183,1
F_flat,controlled_phase2,session_F_flat.csv,2026-08-31 00:47:25.073,0.9842415500169368,3.6745563457408,0.0152234394365814,0.004050599289485,0.0123272137510656,0.0176727876738579,0.0226727879113451,0.0256727880538375,0.0313272146535171,1
F_flat,controlled_phase2,session_F_flat.csv,2026-08-31 00:47:25.151,0.9850615902590948,3.751282130436112,0.0153339239815586,0.0037485582468281,0.0122002046430044,0.0177997967819191,0.0232002051654763,0.0257997971618987,0.0307997973993859,1
F_flat,controlled_phase2,session_F_flat.csv,2026-08-31 00:47:25.230,0.9855401904137782,3.750733838636048,0.0153594201793627,0.0033755649074495,0.0124127855416625,0.0175872158832609,0.0234127860641345,0.0255872162632405,0.0314127864441141,1
F_flat,controlled_phase2,session_F_flat.csv,2026-08-31 00:47:25.308,0.9845625467642094,3.661229196974624,0.0149945344601727,0.003207680736218,0.0118229476458886,0.0171770537315374,0.0228229481683606,0.0258229483108529,0.0311770543965017,1
F_flat,controlled_phase2,session_F_flat.csv,2026-08-31 00:47:25.384,0.9839478444511628,3.71896323142192,0.0152523662854849,0.0031979285390224,0.0122583246021127,0.0177416768228108,0.022741677060298,0.0257416772027904,0.0312583255045643,1
F_flat,controlled_phase2,session_F_flat.csv,2026-08-31 00:47:25.463,0.9835726405181702,3.6936609519904873,0.0153017232336129,0.0039600893785535,0.0114229226018061,0.0175770787756199,0.0235770790606046,0.026577079203097,0.0314229235517551,1
F_flat,controlled_phase2,session_F_flat.csv,2026-08-31 00:47:25.540,0.9824959361760802,3.713705854207965,0.015452943034864,0.0041025641025641,0.0105726721316208,0.0175726724641029,0.0235726727490876,0.02657267289158,0.0315726731290673,1
F_flat,controlled_phase2,session_F_flat.csv,2026-08-31 00:47:25.616,0.981216315798346,3.8467651505508953,0.0159918107547087,0.0035327911251004,0.0129811480583243,0.0180188534140965,0.0240188536990813,0.0270188538415736,0.0320188540790609,1
F_flat,controlled_phase2,session_F_flat.csv,2026-08-31 00:47:25.693,0.9811714658099592,3.8694564003088407,0.0160712495424818,0.0036755804996148,0.012932530602157,0.0180674708702639,0.0249325311721264,0.027067471297741,0.0320674715352282,1
F_flat,controlled_phase2,session_F_flat.csv,2026-08-31 00:47:25.771,0.9810446075407596,3.814762445170937,0.0158844651024246,0.0039057342780442,0.0116051143126004,0.018394887112323,0.0236051148825698,0.0266051150250622,0.0316051152625495,1
F_flat,controlled_phase2,session_F_flat.csv,2026-08-31 00:47:25.850,0.9814067483225956,3.795261767554381,0.0158191964851845,0.0043543279380717,0.011799745458417,0.0182002559665065,0.0237997460283864,0.0262002563464861,0.031799746408366,1
F_flat,controlled_phase2,session_F_flat.csv,2026-08-31 00:47:25.926,0.9813266239233588,3.778409627769161,0.0155552663891144,0.0033781925019531,0.011530178700542,0.0175301789855267,0.0244698230093661,0.0274698231518585,0.0315301796504911,1
F_flat,controlled_phase2,session_F_flat.csv,2026-08-31 00:47:26.003,0.982054515007772,3.793923844004274,0.0155092106092288,0.0035390229650617,0.0124139229516243,0.018413923236609,0.0235860787582838,0.0264139236165886,0.030586079090766,1
F_flat,controlled_phase2,session_F_flat.csv,2026-08-31 00:47:26.083,0.981944961894118,3.788248235842671,0.0155428577682661,0.0034308335166043,0.0124456130828877,0.0184456133678724,0.0235543886270205,0.0265543887695128,0.0314456139853392,1
F_flat,controlled_phase2,session_F_flat.csv,2026-08-31 00:47:26.159,0.983009492944515,3.720399153707176,0.0150882817646521,0.0032411694668606,0.012119537992413,0.0178804634325104,0.023119538514885,0.02588046381249,0.0308804640499773,1
F_flat,controlled_phase2,session_F_flat.csv,2026-08-31 00:47:26.235,0.9817653660576868,3.638082934138523,0.0149772536302667,0.0037043958097457,0.0108445258138023,0.0178445261462845,0.0228445263837717,0.0251554758961058,0.0301554761335931,1
F_flat,controlled_phase2,session_F_flat.csv,2026-08-31 00:47:26.313,0.9817896578706616,3.523143615067768,0.014450705771326,0.0032993500280444,0.0111628784432593,0.0168371228866692,0.0221628789657313,0.0251628791082236,0.0298371235041361,1
F_flat,controlled_phase2,session_F_flat.csv,2026-08-31 00:47:26.392,0.9819615097366824,3.4431239997223337,0.0141109103786241,0.0030451272467432,0.0100536474846132,0.0169463537978179,0.0209463539878077,0.0239463541303001,0.0290536483870648,1
F_flat,controlled_phase2,session_F_flat.csv,2026-08-31 00:47:26.469,0.9817993930381954,3.383746632270345,0.0139039184549728,0.0029777929170283,0.0101071131197491,0.016892888162682,0.0201071135947236,0.0228928884476667,0.0281071139747032,1
F_flat,controlled_phase2,session_F_flat.csv,2026-08-31 00:47:26.546,0.981837567026297,3.371825569057369,0.0138918967311562,0.0030775318194807,0.010068673402551,0.0160686736875357,0.0200686738775255,0.0229313281648648,0.0280686742575051,1
F_flat,controlled_phase2,session_F_flat.csv,2026-08-31 00:47:26.625,0.9816735693171632,3.40740964566524,0.0140856893077041,0.0031437899156892,0.0105969688345921,0.016403032447839,0.0205969693095666,0.0234030327803211,0.0275969696420488,1
F_flat,controlled_phase2,session_F_flat.csv,2026-08-31 00:47:26.701,0.9806537672051842,3.3990799096038,0.0138290220075508,0.0029265179936848,0.0105424075067774,0.0164575937756537,0.0205424079817519,0.0225424080767469,0.0284575943456231,1
F_flat,controlled_phase2,session_F_flat.csv,2026-08-31 00:47:26.777,0.9800059289007228,3.345052426549149,0.0136339342368906,0.0027699613084769,0.0114770274533251,0.0164770276908123,0.0214770279282996,0.0215229741140907,0.026522974351578,1
F_flat,controlled_phase2,session_F_flat.csv,2026-08-31 00:47:26.856,0.9795347390607516,3.355919670953704,0.0136334205595602,0.0024960689662755,0.0112093294527272,0.0162093296902144,0.0212093299277017,0.0227906721621861,0.0272093302126864,1
F_flat,controlled_phase2,session_F_flat.csv,2026-08-31 00:47:26.933,0.9797861097089462,3.31944876821085,0.0135542344772253,0.0028357569162792,0.0112666606070207,0.016266660844508,0.0207333409128976,0.0222666611294927,0.0267333411978824,1
F_flat,controlled_phase2,session_F_flat.csv,2026-08-31 00:47:27.010,0.9796336840789928,3.20521135650381,0.0130757081683745,0.0023605880609141,0.0101558212533546,0.015844179981579,0.0201558217283291,0.022155821823324,0.0258441804565535,1
F_flat,controlled_phase2,session_F_flat.csv,2026-08-31 00:47:27.089,0.978834689583179,3.0770878638721486,0.0126485409910741,0.0021717541006864,0.0100174399886314,0.0149825611988048,0.0190174404161085,0.0210174405111034,0.0240174406535957,1
F_flat,controlled_phase2,session_F_flat.csv,2026-08-31 00:47:27.170,0.9771731611673308,3.1063378264020365,0.0127352645178192,0.0022929268665516,0.0099357330074623,0.0150642681799739,0.0199357334824368,0.0220642685124561,0.024935733719924,1
F_flat,controlled_phase2,session_F_flat.csv,2026-08-31 00:47:27.246,0.9777320320935108,3.104567938055382,0.0127684353097693,0.0024226286612248,0.0099776184406493,0.0140223826992894,0.0190223829367767,0.022022383079269,0.0260223832692588,1
F_flat,controlled_phase2,session_F_flat.csv,2026-08-31 00:47:27.327,0.9784749159267596,3.113683273645161,0.0127200144162141,0.0021281239768634,0.0103643571440321,0.0146356440434041,0.0196356442808913,0.0216356443758862,0.0246356445183786,1
F_flat,controlled_phase2,session_F_flat.csv,2026-08-31 00:47:27.402,0.9788392096175698,3.0311125886008456,0.012384220968133,0.0019326730943515,0.0096014439553835,0.0143985571845552,0.0193985574220425,0.0206014444778555,0.0236014446203478,1
F_flat,controlled_phase2,session_F_flat.csv,2026-08-31 00:47:27.483,0.9798161797850132,3.000593195490397,0.0122496849944786,0.0021540355196061,0.0097085242874005,0.0147085245248878,0.018291477042528,0.0202914771375229,0.0242914773275128,1
F_flat,controlled_phase2,session_F_flat.csv,2026-08-31 00:47:27.559,0.97948503346821,3.0187605346279054,0.0124492817305148,0.0023609768953702,0.0095328564661396,0.0145328567036269,0.0184671448637889,0.0205328569886116,0.0235328571311039,1
F_flat,controlled_phase2,session_F_flat.csv,2026-08-31 00:47:27.635,0.9785967891518608,2.938284254056516,0.0121449221911724,0.0022263936787881,0.009430425645459,0.0145695754944797,0.0184304260729361,0.0205695757794645,0.0235695759219568,1
F_flat,controlled_phase2,session_F_flat.csv,2026-08-31 00:47:27.713,0.9787703079270014,2.928949474408034,0.0122390128536623,0.0024119528086699,0.0095211350522929,0.0135211352422827,0.0185211354797699,0.0205211355747648,0.0234788665151229,1
F_flat,controlled_phase2,session_F_flat.csv,2026-08-31 00:47:27.790,0.9787804309796356,2.792425388271218,0.0118238384493605,0.0029139564325315,0.0086551167510793,0.0133448842938646,0.0176551171785563,0.0203448846263467,0.023655117463541,1
F_flat,controlled_phase2,session_F_flat.csv,2026-08-31 00:47:27.867,0.9790397859155732,2.814905779461152,0.0117717016742775,0.0023680649526387,0.0094126985133413,0.0135873025791,0.0175873027690898,0.0204126990358133,0.022587303006577,1
F_flat,controlled_phase2,session_F_flat.csv,2026-08-31 00:47:27.944,0.9784052667001392,2.820943002708121,0.0119102492151759,0.0027730165835125,0.0094949729937559,0.0134949731837457,0.0175050282886752,0.0204949735162278,0.0234949736587202,1
F_flat,controlled_phase2,session_F_flat.csv,2026-08-31 00:47:28.021,0.9798077011016636,2.884499748802257,0.0119089354518268,0.0023730526685856,0.0085349150414087,0.0144650860510325,0.0184650862410223,0.0204650863360172,0.0224650864310121,1
F_flat,controlled_phase2,session_F_flat.csv,2026-08-31 00:47:28.100,0.980032125108764,2.9133981363323693,0.0120115478368894,0.0024722829610258,0.0086352342881197,0.0143647668043216,0.0183647669943114,0.0203647670893063,0.022635234953084,1
F_flat,controlled_phase2,session_F_flat.csv,2026-08-31 00:47:28.177,0.9800186922794968,2.912496589747466,0.0120267577803243,0.0022746252911959,0.0091265553101967,0.014873445829742,0.0181265557376738,0.0201265558326687,0.0228734462097216,1
F_flat,controlled_phase2,session_F_flat.csv,2026-08-31 00:47:28.256,0.980197367693758,2.855501778140075,0.0117023535048124,0.0021418685881241,0.00886365675544,0.0141363443370012,0.018136344526991,0.0191363445744885,0.0218636573729069,1
F_flat,controlled_phase2,session_F_flat.csv,2026-08-31 00:47:28.334,0.9803323995044648,2.891128797044752,0.0119689855474739,0.0022733762382761,0.009255013948057,0.0142550141855443,0.0177449873343741,0.019744987429369,0.0222550145655239,1
F_flat,controlled_phase2,session_F_flat.csv,2026-08-31 00:47:28.409,0.9815778752686192,2.874336140099508,0.0119975668342677,0.0028449033391915,0.0093990887592623,0.0143990889967495,0.0176009125231688,0.0196009126181637,0.0226009127606561,1
F_flat,controlled_phase2,session_F_flat.csv,2026-08-31 00:47:28.488,0.9802617805886172,3.0052551696199,0.0123556939689777,0.0024927523499956,0.0095548629681072,0.0145548632055945,0.0184451383618213,0.0204451384568162,0.0225548635855741,1
F_flat,controlled_phase2,session_F_flat.csv,2026-08-31 00:47:28.563,0.9808666694533164,2.907203805749906,0.0120989023636507,0.0027134508063453,0.0091930838834995,0.0141930841209868,0.0178069173989315,0.0198069174939264,0.0231930845484639,1
F_flat,controlled_phase2,session_F_flat.csv,2026-08-31 00:47:28.641,0.98056787095193,2.970642785496,0.0122702695735047,0.0027239277280465,0.009214454828349,0.0147855463115897,0.0182144552558261,0.020214455350821,0.0232144554933133,1
F_flat,controlled_phase2,session_F_flat.csv,2026-08-31 00:47:28.719,0.9813837294441542,3.0955990877870256,0.0126398492971886,0.002701011232254,0.0103564900556825,0.0153564902931697,0.0183564904356621,0.020356490530657,0.0233564906731493,1
F_flat,controlled_phase2,session_F_flat.csv,2026-08-31 00:47:28.795,0.9808804419764688,3.0950217588838367,0.0126757485849514,0.0024497956672672,0.0096564028842818,0.0156564031692665,0.0193435984931442,0.0203435985406417,0.0246564035967435,1
F_flat,controlled_phase2,session_F_flat.csv,2026-08-31 00:47:28.875,0.9815866351645278,2.9966366103237654,0.0123518822158544,0.0025035961743293,0.0099017233397792,0.015098277847657,0.0180982779901494,0.0200982780851443,0.0230982782276366,1
F_flat,controlled_phase2,session_F_flat.csv,2026-08-31 00:47:28.953,0.9816168111383192,2.939656318056377,0.0120592128975869,0.0025269171610635,0.0098263792845701,0.0148263795220574,0.0181736220453584,0.0201736221403533,0.022826379902037,1
F_flat,controlled_phase2,session_F_flat.csv,2026-08-31 00:47:29.028,0.9809928687806294,2.877914930917818,0.011807135934888,0.0023186303597723,0.0092516432604663,0.0142516434979536,0.0177483580219648,0.0197483581169597,0.0222516438779332,1
F_flat,controlled_phase2,session_F_flat.csv,2026-08-31 00:47:29.106,0.9802502912575938,2.973973165575818,0.0122278914850683,0.0024168918770461,0.0092720655646496,0.0147279355752891,0.0182720659921267,0.0207279358602738,0.0237279360027662,1
F_flat,controlled_phase2,session_F_flat.csv,2026-08-31 00:47:29.184,0.9798523933462258,2.8729741559532327,0.0118538024938314,0.0025157647265616,0.0088094175080476,0.0141905835843937,0.0181905837743835,0.0198094180305196,0.0231905840118707,1
F_flat,controlled_phase2,session_F_flat.csv,2026-08-31 00:47:29.261,0.9798000465380028,2.906470670146515,0.0119649451106869,0.0024938477764106,0.0087706872684045,0.0142293138240368,0.0182293140140266,0.0202293141090215,0.0227706879333688,1
F_flat,controlled_phase2,session_F_flat.csv,2026-08-31 00:47:29.338,0.9802762463647346,2.8915571553931625,0.0118878372930134,0.0024942314031425,0.0090638945080857,0.014063894745573,0.0179361067743454,0.0199361068693403,0.0220638951255526,1
F_flat,controlled_phase2,session_F_flat.csv,2026-08-31 00:47:29.415,0.98125959606864,2.840231734240937,0.0117121217917707,0.0020665699336059,0.0091610499888353,0.0141610502263226,0.0171610503688149,0.0191610504638098,0.0221610506063022,1
F_flat,controlled_phase2,session_F_flat.csv,2026-08-31 00:47:29.494,0.9815498019229062,2.947239498465568,0.0122879884826837,0.0031210849066971,0.0098040424904158,0.0141959586495229,0.0178040428703954,0.0198040429653904,0.0228040431078827,1
F_flat,controlled_phase2,session_F_flat.csv,2026-08-31 00:47:29.573,0.9814191906854732,2.8975160877303225,0.012005443337962,0.0025941762940652,0.0096560412619526,0.0143439598779862,0.0173439600204785,0.0196560417369271,0.0226560418794194,1
F_flat,controlled_phase2,session_F_flat.csv,2026-08-31 00:47:29.663,0.9821667678011188,2.906881647072764,0.011961850346123,0.0022920867907479,0.0099551725446492,0.0149551727821365,0.0179551729246288,0.0199551730196237,0.0229551731621161,1
F_flat,controlled_phase2,session_F_flat.csv,2026-08-31 00:47:29.742,0.9812317936725,2.920915176256485,0.0119790835333074,0.0023624815946201,0.0094744307073569,0.0145255704325818,0.0175255705750742,0.0195255706700691,0.0224744313248238,1
F_flat,controlled_phase2,session_F_flat.csv,2026-08-31 00:47:29.819,0.981247186194839,2.9504153204711567,0.012207085646907,0.0024076517150395,0.009295009236564,0.0147049919033748,0.0177049920458671,0.019704992140862,0.0222950098540308,1
F_flat,controlled_phase2,session_F_flat.csv,2026-08-31 00:47:29.896,0.9794338796366472,2.8629526899346245,0.011751163863684,0.0023316945480142,0.0098029392806298,0.0131970618118115,0.0178029396606094,0.0198029397556043,0.0221970622392886,1
F_flat,controlled_phase2,session_F_flat.csv,2026-08-31 00:47:29.975,0.9806999813491754,2.9023449219137385,0.0118560465352426,0.0022649060503776,0.0092561877011979,0.0142561879386852,0.0177438135812332,0.0192561881761724,0.0222561883186648,1
F_flat,controlled_phase2,session_F_flat.csv,2026-08-31 00:47:30.052,0.9824312333252854,2.871568745902409,0.0118383586494601,0.002601812449011,0.0095974802256615,0.0144025209142772,0.0175974806056411,0.019597480700636,0.0215974807956309,1
F_flat,controlled_phase2,session_F_flat.csv,2026-08-31 00:47:30.130,0.9834733540041422,2.885185685627813,0.0117689447972526,0.0023893276697418,0.0094489175081565,0.0144489177456438,0.0174489178881361,0.0184489179356336,0.0215510839642644,1
F_flat,controlled_phase2,session_F_flat.csv,2026-08-31 00:47:30.224,0.9840984822050096,2.7894334258424744,0.0115616548771964,0.0028416315609071,0.0085826896746917,0.0144173114177496,0.0174173115602419,0.0175826901021688,0.0204173117027343,1
F_flat,controlled_phase2,session_F_flat.csv,2026-08-31 00:47:30.300,0.9862930155964024,2.798394208889372,0.011478179300874,0.0021732381248059,0.0099108755317249,0.0139108757217147,0.0169108758642071,0.0180891257982036,0.021089125940696,1
F_flat,controlled_phase2,session_F_flat.csv,2026-08-31 00:47:30.377,0.9864888127300102,2.7745429378014435,0.0113478664199194,0.0021070141391738,0.0097712119972376,0.0137712121872274,0.0167712123297197,0.0177712123772172,0.0202287894276859,1
F_flat,controlled_phase2,session_F_flat.csv,2026-08-31 00:47:30.455,0.9857345543215076,2.823439592423829,0.0116797568376847,0.0027279380780234,0.0098434101683507,0.0138434103583405,0.0168434105008329,0.0178434105483303,0.0218434107383201,1
F_flat,controlled_phase2,session_F_flat.csv,2026-08-31 00:47:30.533,0.9842137275294004,2.870369239953978,0.0118052072551124,0.0022783830116684,0.0092722782704156,0.0142722785079029,0.0172722786503952,0.0182722786978927,0.0222722788878825,1
F_flat,controlled_phase2,session_F_flat.csv,2026-08-31 00:47:30.609,0.9829451267789192,2.857991444640634,0.011757519126464,0.0026545066032228,0.0091720477100983,0.0141720479475856,0.0171720480900779,0.0181720481375754,0.0208279537148251,1
F_flat,controlled_phase2,session_F_flat.csv,2026-08-31 00:47:30.687,0.9828093687148364,2.783366387649216,0.0114568101620127,0.0024337866857551,0.0092443151794591,0.0142443154169463,0.0167556860554746,0.0182443156069361,0.0207556862454644,1
F_flat,controlled_phase2,session_F_flat.csv,2026-08-31 00:47:30.767,0.9817599290224676,2.747228567931111,0.0113341159764295,0.0027348211932167,0.0095341362932829,0.0135341364832727,0.016534136625765,0.0175341366732625,0.0204658651316406,1
F_flat,controlled_phase2,session_F_flat.csv,2026-08-31 00:47:30.844,0.9826791316420722,2.809174302815996,0.0114303573093707,0.0019276099839182,0.0090042962442167,0.0140042964817039,0.016995704990717,0.0180042966716937,0.0209957051807068,1
F_flat,controlled_phase2,session_F_flat.csv,2026-08-31 00:47:30.925,0.9829105042020816,2.924268595983541,0.0119689793167006,0.0022699974655368,0.009970270118407,0.0149702703558942,0.0179702704983866,0.019029731259019,0.0210297313540139,1
F_flat,controlled_phase2,session_F_flat.csv,2026-08-31 00:47:31.000,0.983402064938256,3.0408923236882464,0.0123929299972608,0.0025083981612446,0.0104300305519768,0.0154300307894641,0.0184300309319564,0.0185699708254492,0.0244300312169412,1
F_flat,controlled_phase2,session_F_flat.csv,2026-08-31 00:47:31.077,0.9830010245257648,3.0884722391988144,0.0126041133339882,0.0025881342305532,0.0102635496455227,0.0157364515894109,0.0187364517319033,0.0192635500729998,0.0232635502629896,1
F_flat,controlled_phase2,session_F_flat.csv,2026-08-31 00:47:31.156,0.9825386087595808,3.008053303017169,0.0124292468751383,0.0027544567109583,0.0099126291039529,0.0149126293414402,0.0180873722259756,0.0190873722734731,0.0229126297214198,1
F_flat,controlled_phase2,session_F_flat.csv,2026-08-31 00:47:31.237,0.983676383097608,2.9081062887786686,0.0118801789380471,0.0024649327393913,0.0099109423403351,0.0149109425778224,0.017089058942096,0.0189109427678122,0.0209109428628071,1
F_flat,controlled_phase2,session_F_flat.csv,2026-08-31 00:47:31.315,0.9827889355688564,2.762786533614653,0.0113603083390905,0.0023461767232833,0.0090651316181986,0.0139348694742427,0.0160651319506808,0.0179348696642325,0.0199348697592274,1
F_flat,controlled_phase2,session_F_flat.csv,2026-08-31 00:47:31.393,0.982984406415547,2.745878500981773,0.0112489143981197,0.0022019883955211,0.0091021286541121,0.0138978724383291,0.0168978725808215,0.0178978726283189,0.0208978727708113,1
F_flat,controlled_phase2,session_F_flat.csv,2026-08-31 00:47:31.467,0.9821845665728812,2.700563382293583,0.0111388200271775,0.0025873648514742,0.009462026741453,0.0135379743509883,0.0164620270739351,0.0174620271214326,0.0205189878285841,1
F_flat,controlled_phase2,session_F_flat.csv,2026-08-31 00:47:31.544,0.9820170401073566,2.802199391218265,0.0114464382416683,0.0021705118882351,0.009895044651475,0.0141049564884637,0.0168950449839572,0.0181049566784535,0.0201049567734484,1
F_flat,controlled_phase2,session_F_flat.csv,2026-08-31 00:47:31.624,0.9805462431127856,2.766036424521083,0.0114083353200104,0.002570383470457,0.0089114320389869,0.0139114322764741,0.0169114324189665,0.0189114325139614,0.0210885693859366,1
F_flat,controlled_phase2,session_F_flat.csv,2026-08-31 00:47:31.703,0.9815955817513228,2.8838613865059712,0.0118524233734335,0.0022870965968442,0.0090596958506213,0.0149403052893174,0.0170596962306009,0.0190596963255959,0.0210596964205908,1
F_flat,controlled_phase2,session_F_flat.csv,2026-08-31 00:47:31.779,0.9787815618390722,2.7531991571884684,0.011312735153138,0.002465633864281,0.0093296862384668,0.0133296864284566,0.016329686570949,0.0183296866659439,0.0216703152339541,1
F_flat,controlled_phase2,session_F_flat.csv,2026-08-31 00:47:31.858,0.9784674769166076,2.7316166365364944,0.0111647809482749,0.0021829294913774,0.0093788260294039,0.0133788262193937,0.0166211752055297,0.0186211753005246,0.0213788265993734,1
F_flat,controlled_phase2,session_F_flat.csv,2026-08-31 00:47:31.935,0.9779523807630086,2.60204286645921,0.0107779488472335,0.0023573837406004,0.0089521760939494,0.0129521762839392,0.0159521764264316,0.0179521765214265,0.0200478252834765,1
F_flat,controlled_phase2,session_F_flat.csv,2026-08-31 00:47:32.011,0.9779482549191028,2.6265673616033065,0.0108775131828109,0.002313955772883,0.0087756012812776,0.0132243997636662,0.0162243999061586,0.0172243999536561,0.020775601851247,1
F_flat,controlled_phase2,session_F_flat.csv,2026-08-31 00:47:32.090,0.9787778605188152,2.620160599157811,0.0109159801071733,0.002520018327406,0.0089632474311641,0.0129632476211539,0.0159632477636463,0.0170367538037695,0.0209632480011335,1
F_flat,controlled_phase2,session_F_flat.csv,2026-08-31 00:47:32.167,0.979532637419504,2.6172548842311065,0.0108088511917585,0.0023175098301957,0.0080573779720553,0.0129426230253911,0.0159426231678835,0.0169426232153809,0.0200573785420247,1
F_flat,controlled_phase2,session_F_flat.csv,2026-08-31 00:47:32.244,0.9779980914182014,2.4289433987998827,0.0100822455836371,0.0017139925108352,0.0079465172608114,0.0120534836891376,0.0140534837841325,0.0169465176882884,0.0190534840216197,1
F_flat,controlled_phase2,session_F_flat.csv,2026-08-31 00:47:32.321,0.9782541341035556,2.428404009206816,0.0100834257102832,0.0018564018564018,0.008073917937408,0.0119260830125409,0.0140739182223927,0.0169260832500282,0.01907391845988,1
F_flat,controlled_phase2,session_F_flat.csv,2026-08-31 00:47:32.400,0.9778153101188066,2.372941429411958,0.0098732956709905,0.001877708758638,0.0082667551224016,0.0117332458275474,0.0137332459225423,0.0162667555023812,0.0182667555973761,1
F_flat,controlled_phase2,session_F_flat.csv,2026-08-31 00:47:32.478,0.9777405693159998,2.1707020518301183,0.009128467583438,0.0018569290762324,0.0065820711162449,0.0105820713062347,0.013417929833704,0.0144179298812014,0.0184179300711913,1
F_flat,controlled_phase2,session_F_flat.csv,2026-08-31 00:47:32.558,0.9782466847062686,2.106568119900836,0.0089172184322262,0.0018243988769568,0.0067991744274039,0.0102008263800527,0.013200826522545,0.0142008265700425,0.0182008267600323,1
F_flat,controlled_phase2,session_F_flat.csv,2026-08-31 00:47:32.635,0.9783118920170576,2.1696405880608056,0.0091712635289032,0.0019222997695424,0.0072208463733135,0.0107791544816405,0.0127791545766354,0.0142208467057957,0.0187791548616201,1
F_flat,controlled_phase2,session_F_flat.csv,2026-08-31 00:47:32.709,0.9789351199063826,2.1960897188451987,0.0092328691767932,0.0018455221517259,0.0071676370892678,0.0108323637656863,0.0131676373742525,0.0151676374692474,0.0178323640981684,1
F_flat,controlled_phase2,session_F_flat.csv,2026-08-31 00:47:32.787,0.979363087146344,2.11796582220609,0.0087948075020578,0.0016711928138709,0.0072566054044264,0.0102566055469187,0.0127433955455226,0.01374339559302,0.0172566058794009,1
F_flat,controlled_phase2,session_F_flat.csv,2026-08-31 00:47:32.864,0.9794231234431768,2.099333693780767,0.008801800602057,0.0017252368079822,0.0064779898024244,0.0104779899924142,0.0125220111000271,0.0135220111475246,0.0175220113375144,1
F_flat,controlled_phase2,session_F_flat.csv,2026-08-31 00:47:32.944,0.979246290796482,2.1508229053709065,0.0090246951152787,0.0019155410582543,0.0071055740146787,0.010105574157171,0.0128944269352703,0.0141055743471608,0.0178944271727575,1
F_flat,controlled_phase2,session_F_flat.csv,2026-08-31 00:47:33.020,0.978768776130714,2.2528495249301965,0.009306683946307,0.0015388981052999,0.0072214707001131,0.0112214708901029,0.0137785302973333,0.0157785303923282,0.0192214712700825,1
F_flat,controlled_phase2,session_F_flat.csv,2026-08-31 00:47:33.098,0.9788676069907712,2.288731848804282,0.0094651808039788,0.0015177157831522,0.0072801881494699,0.0112801883394597,0.0137198128479765,0.0157198129429714,0.0177198130379663,1
F_flat,controlled_phase2,session_F_flat.csv,2026-08-31 00:47:33.174,0.9798824763263726,2.375988576677356,0.0098506762214259,0.0018126290811618,0.0078965047473449,0.012103496202604,0.014896505079827,0.0161034963925938,0.0191034965350862,1
F_flat,controlled_phase2,session_F_flat.csv,2026-08-31 00:47:33.254,0.9800311634831432,2.32941281518191,0.0096694367057524,0.0017905201296204,0.0078358217595599,0.0118358219495497,0.0141641792853839,0.0158358221395396,0.0188358222820319,1
F_flat,controlled_phase2,session_F_flat.csv,2026-08-31 00:47:33.332,0.980669648666717,2.312488995084016,0.0095624253324181,0.0018127485662806,0.0070620183091045,0.0110620184990943,0.0140620186415867,0.0159379827833368,0.0180620188315765,1
F_flat,controlled_phase2,session_F_flat.csv,2026-08-31 00:47:33.413,0.9821401117957296,2.304650284999729,0.0094800880749896,0.0014428742937075,0.0078375944069167,0.0108375945494091,0.0141624066380271,0.0151624066855245,0.0181624068280169,1
F_flat,controlled_phase2,session_F_flat.csv,2026-08-31 00:47:33.487,0.9825054195092232,2.237938912950864,0.009282982875631,0.001938923897237,0.0065580798955047,0.0105580800854945,0.0135580802279868,0.0154419211494392,0.0175580804179766,1
F_flat,controlled_phase2,session_F_flat.csv,2026-08-31 00:47:33.565,0.9831773031337347,2.287980440908536,0.0094002681854399,0.0016914113888366,0.0071697384481533,0.0111697386381431,0.013830262549293,0.0151697388281329,0.0181697389706253,1
F_flat,controlled_phase2,session_F_flat.csv,2026-08-31 00:47:33.639,0.98275853231821,2.3061581580686457,0.0095331753961026,0.001377577447404,0.0070428264622012,0.0109571743927529,0.0140428267946833,0.0159571746302401,0.0180428269846731,1
F_flat,controlled_phase2,session_F_flat.csv,2026-08-31 00:47:33.715,0.9823248915812044,2.390057357111476,0.0098105724677345,0.0017396474461314,0.00783899490015,0.0108389950426424,0.0148389952326322,0.0161610062397887,0.018838995422622,1
F_flat,controlled_phase2,session_F_flat.csv,2026-08-31 00:47:33.794,0.9803943714194606,2.364907099088884,0.0097916516985493,0.0017797699482548,0.007719840407102,0.0112801604953495,0.0147198407395842,0.0162801607328367,0.0192801608753291,1
F_flat,controlled_phase2,session_F_flat.csv,2026-08-31 00:47:33.871,0.9789725955183088,2.43017990141811,0.0100518477751621,0.001921208614874,0.0076000178265143,0.0123999831234347,0.0146000181589964,0.0163999833134245,0.0193999834559168,1
F_flat,controlled_phase2,session_F_flat.csv,2026-08-31 00:47:33.950,0.9780039552474812,2.446993329063253,0.0100972835194964,0.001735883663042,0.0078341197659607,0.0121658811839883,0.0141658812789832,0.0168341201934377,0.0198341203359301,1
F_flat,controlled_phase2,session_F_flat.csv,2026-08-31 00:47:34.028,0.9786424845534256,2.36479473400594,0.0098615356775704,0.0019967920390192,0.0070464284774525,0.0110464286674423,0.0139535725199939,0.0159535726149888,0.0189535727574812,1
F_flat,controlled_phase2,session_F_flat.csv,2026-08-31 00:47:34.106,0.9783353425103042,2.4568482280540254,0.0101800389902632,0.0019537858694347,0.0075380773524836,0.0125380775899709,0.0144619236924602,0.0165380777799607,0.0185380778749556,1
F_flat,controlled_phase2,session_F_flat.csv,2026-08-31 00:47:34.184,0.9789304698639466,2.4156447340727047,0.0099897913239089,0.0017574884289581,0.0076164967376265,0.0123835042123224,0.0136164970226112,0.0166164971651036,0.0193835045448046,1
F_flat,controlled_phase2,session_F_flat.csv,2026-08-31 00:47:34.262,0.9785436596766288,2.3994923019326064,0.0099116628734395,0.0017361679824417,0.0069962986911362,0.0119962989286235,0.0140037023063102,0.0169962991661107,0.0190037025437974,1
F_flat,controlled_phase2,session_F_flat.csv,2026-08-31 00:47:34.338,0.978254200912282,2.436361546124665,0.0100880440700299,0.0018658752155031,0.0082175330704069,0.011782467879542,0.0142175333553916,0.0167824681170293,0.0192175335928789,1
F_flat,controlled_phase2,session_F_flat.csv,2026-08-31 00:47:34.418,0.977619405492636,2.4142752889422336,0.0100635555985398,0.001997293285602,0.0083575049809119,0.0116424959690371,0.0143575052658966,0.0166424962065243,0.0196424963490167,1
F_flat,controlled_phase2,session_F_flat.csv,2026-08-31 00:47:34.496,0.977425168774305,2.378688508082809,0.0099179470366043,0.0019104803493449,0.0083986357700928,0.0116013651798562,0.0136013652748511,0.0163986361500724,0.0186013655123383,1
F_flat,controlled_phase2,session_F_flat.csv,2026-08-31 00:47:34.572,0.9777977400178572,2.463658602318343,0.0102383467567817,0.002020202020202,0.008331881367624,0.0126681196298223,0.0143318816526087,0.0166681198198122,0.0196681199623045,1
F_flat,controlled_phase2,session_F_flat.csv,2026-08-31 00:47:34.649,0.9772515141273258,2.33142526264627,0.0096186486232694,0.0018117128326021,0.0069481045799026,0.0110518962750514,0.0139481049123848,0.0160518965125386,0.019051896655031,1
F_flat,controlled_phase2,session_F_flat.csv,2026-08-31 00:47:34.726,0.9764142668599004,2.4098154414124613,0.0100400639520415,0.0019752278059693,0.0080025321638069,0.011997468786142,0.0139974688811369,0.0160025325437865,0.0190025326862789,1
F_flat,controlled_phase2,session_F_flat.csv,2026-08-31 00:47:34.804,0.976875617920981,2.383338222922957,0.0098396554678694,0.0017028894540929,0.0075438115559015,0.0115438117458913,0.0145438118883837,0.0154561895365398,0.0185438120783735,1
F_flat,controlled_phase2,session_F_flat.csv,2026-08-31 00:47:34.881,0.9770140849299992,2.4760153562110263,0.0102192038313959,0.001866445458316,0.0086531471725558,0.0116531473150481,0.0143468539198855,0.0156531475050379,0.0193468541573728,1
F_flat,controlled_phase2,session_F_flat.csv,2026-08-31 00:47:34.960,0.9762175087615628,2.4829438354878683,0.0103147039655324,0.0020474619095849,0.0080625677694969,0.0120625679594867,0.0149374333229443,0.0159374333704418,0.0199374335604316,1
F_flat,controlled_phase2,session_F_flat.csv,2026-08-31 00:47:35.036,0.9753161964065974,2.4617744666233423,0.0102549734017964,0.0018441778221344,0.0076067457128881,0.0123932552370609,0.0156067460928677,0.0163932554270507,0.0196067462828575,1
F_flat,controlled_phase2,session_F_flat.csv,2026-08-31 00:47:35.114,0.974243360037936,2.51059964935948,0.0104064107199371,0.0019963328234004,0.0080073889817041,0.0120073891716939,0.0159926121582346,0.0169926122057321,0.0199926123482244,1
F_flat,controlled_phase2,session_F_flat.csv,2026-08-31 00:47:35.191,0.9741317025902344,2.448616101676562,0.0102187552069924,0.0021367289608121,0.0084050786555621,0.0125949223418843,0.0145949224368792,0.0165949225318741,0.0195949226743664,1
F_flat,controlled_phase2,session_F_flat.csv,2026-08-31 00:47:35.268,0.9749151899091176,2.480522610018864,0.0102732138833451,0.0018875292892475,0.0082638965133158,0.0122638967033056,0.015736104626623,0.0162638968932954,0.0197361048166128,1
F_flat,controlled_phase2,session_F_flat.csv,2026-08-31 00:47:35.345,0.974675413341904,2.3794609654631227,0.0099773003609703,0.0020833785455413,0.0077250595044887,0.0117250596944785,0.0147250598369709,0.01627494163545,0.0177250599794632,1
F_flat,controlled_phase2,session_F_flat.csv,2026-08-31 00:47:35.423,0.9736045678688972,2.1989232319898484,0.0093069064997419,0.0020309971435708,0.0074649575081293,0.0104649576506217,0.013464957793114,0.0154649578881089,0.0184649580306013,1
F_flat,controlled_phase2,session_F_flat.csv,2026-08-31 00:47:35.503,0.9739961259748436,2.14184343957058,0.0091813038439025,0.0022041020184362,0.0067204702380986,0.010279530569358,0.0132795307118503,0.0152795308068452,0.0182795309493376,1
F_flat,controlled_phase2,session_F_flat.csv,2026-08-31 00:47:35.580,0.9729990696524736,1.913622499358551,0.0086311099134977,0.0027251492343628,0.0060494530946698,0.0090494532371622,0.0119505477602842,0.0139505478552791,0.0180494536646392,1
F_flat,controlled_phase2,session_F_flat.csv,2026-08-31 00:47:35.657,0.9736669302101896,1.9058253093346988,0.0085381951709995,0.0026245295910288,0.006458544668906,0.0094585448113984,0.0124585449538907,0.0134585450013882,0.0175414564710327,1
F_flat,controlled_phase2,session_F_flat.csv,2026-08-31 00:47:35.735,0.973251431945904,1.8824314024547355,0.0084169097906829,0.0028123309897241,0.0061501246836782,0.0091501248261706,0.0121501249686629,0.0128498762187733,0.0158498763612656,1
F_flat,controlled_phase2,session_F_flat.csv,2026-08-31 00:47:35.814,0.9718391865050466,1.841001631408047,0.0084051442608132,0.0028644963978419,0.0064772943277494,0.0085227063847123,0.0115227065272046,0.0125227065747021,0.0165227067646919,1
F_flat,controlled_phase2,session_F_flat.csv,2026-08-31 00:47:35.891,0.9698144991887148,1.7172102717589763,0.0081656775663564,0.002966338506513,0.0054001980123961,0.0085998026525682,0.0114001982973808,0.0124001983448782,0.0145998029375529,1
F_flat,controlled_phase2,session_F_flat.csv,2026-08-31 00:47:35.971,0.969574687512559,1.8006735246447556,0.0084790193475911,0.0035550113846286,0.0059321543394156,0.0089321544819079,0.011067846468041,0.0129321546718977,0.0169321548618875,1
F_flat,controlled_phase2,session_F_flat.csv,2026-08-31 00:47:36.046,0.9683219860969908,1.7881920346522475,0.0084584447992354,0.0032012847965738,0.0064972701158843,0.0085027305965774,0.0114972703533715,0.0125027307865672,0.016502730976557,1
F_flat,controlled_phase2,session_F_flat.csv,2026-08-31 00:47:36.123,0.9680016735817768,1.82946361716018,0.008620542650018,0.003104227100973,0.0061206690910929,0.0091206692335853,0.0118793317638611,0.0121206693760776,0.0161206695660675,1
F_flat,controlled_phase2,session_F_flat.csv,2026-08-31 00:47:36.202,0.9674635876187192,1.884945863559709,0.0085929821787763,0.002615509437185,0.006174940510221,0.0091749406527134,0.011825060344733,0.0131749408427032,0.0161749409851955,1
F_flat,controlled_phase2,session_F_flat.csv,2026-08-31 00:47:36.298,0.9677790173212012,1.8914702127269003,0.008648784105373,0.0027558214056825,0.0063795452720358,0.0086204554404258,0.0116204555829182,0.013379545604518,0.0163795457470103,1
F_flat,controlled_phase2,session_F_flat.csv,2026-08-31 00:47:36.391,0.9669603323864824,1.935460581589573,0.0087133948594352,0.0026695711600888,0.0060482661338515,0.0089517345786102,0.0120482664188362,0.0130482664663337,0.016048266608826,1
F_flat,controlled_phase2,session_F_flat.csv,2026-08-31 00:47:36.484,0.9684611335930512,1.9491448157253428,0.0089589364332093,0.0030714239849318,0.0069017361639485,0.0099017363064408,0.012098264738503,0.0140982648334979,0.016901736638923,1
F_flat,controlled_phase2,session_F_flat.csv,2026-08-31 00:47:36.561,0.9685505017328448,1.9514600933156747,0.0088958504681312,0.0031258391965196,0.0068107205555129,0.0101892802519437,0.0118107207930001,0.013810720887995,0.0171892805844259,1
F_flat,controlled_phase2,session_F_flat.csv,2026-08-31 00:47:36.640,0.9689460095641304,1.9697909559188616,0.0090827955468674,0.0034914700700442,0.0065344852916785,0.0104655155157781,0.0125344855766632,0.0144655157057679,0.0164655158007628,1
F_flat,controlled_phase2,session_F_flat.csv,2026-08-31 00:47:36.718,0.969841191898316,1.955892461221622,0.0088554757104984,0.0026331345048095,0.0055701759859942,0.0095701761759841,0.0124298248689598,0.0135701763659739,0.0175701765559637,1
F_flat,controlled_phase2,session_F_flat.csv,2026-08-31 00:47:36.797,0.9706400200612584,1.94561121600502,0.0088751298497165,0.0029762864111573,0.0061011510489032,0.0091011511913956,0.0128988498535482,0.0131011513813854,0.0178988500910355,1
F_flat,controlled_phase2,session_F_flat.csv,2026-08-31 00:47:36.890,0.971381479362898,2.0049997702635127,0.0090409651576977,0.0031239227852464,0.0061262283157992,0.010126228505789,0.0121262286007839,0.0131262286482813,0.0178737728241396,1
F_flat,controlled_phase2,session_F_flat.csv,2026-08-31 00:47:36.966,0.9715447006439392,1.983517996082041,0.0090384886101597,0.0030700620475698,0.0066787964220172,0.0103212043854393,0.0123212044804342,0.0133212045279317,0.0176787969444892,1
F_flat,controlled_phase2,session_F_flat.csv,2026-08-31 00:47:37.043,0.972480671393868,1.9206407280558648,0.008786157843384,0.0030708346398797,0.006784490444755,0.0092155103152041,0.011215510410199,0.0137844907772372,0.0172155106951837,1
F_flat,controlled_phase2,session_F_flat.csv,2026-08-31 00:47:37.124,0.9729294081908316,1.997244576663456,0.0088504493079228,0.0026162727842764,0.0067258214182939,0.0097258215607862,0.0117258216557811,0.0142741795791525,0.0167258218932684,1
F_flat,controlled_phase2,session_F_flat.csv,2026-08-31 00:47:37.201,0.972459356085172,1.947952601795533,0.0088705211094592,0.0032429277151412,0.0069174029596543,0.0100825978478023,0.0110825978952997,0.0139174032921365,0.0170825981802844,1
F_flat,controlled_phase2,session_F_flat.csv,2026-08-31 00:47:37.279,0.9715892388563436,1.989209450103248,0.0089304035283886,0.0031342560180946,0.0063035384543914,0.0096964623055677,0.0123035387393761,0.0133035387868736,0.0173035389768634,1
F_flat,controlled_phase2,session_F_flat.csv,2026-08-31 00:47:37.356,0.9695941215740808,1.9855339120189195,0.0090723269300833,0.0029442420725744,0.0063265640261438,0.0093265641686361,0.0123265643111285,0.013326564358626,0.0186734371612924,1
F_flat,controlled_phase2,session_F_flat.csv,2026-08-31 00:47:37.435,0.9691647595745204,2.0394429578973217,0.0092100192272099,0.0032014438726727,0.0072610039653039,0.0102610041077962,0.012738996984645,0.014261004297786,0.0182610044877759,1
F_flat,controlled_phase2,session_F_flat.csv,2026-08-31 00:47:37.511,0.967811243885232,1.954677796810724,0.0092338587275295,0.0037269999252464,0.0062136353481534,0.0092136354906458,0.0122136356331381,0.0137863656017955,0.0167863657442879,1
F_flat,controlled_phase2,session_F_flat.csv,2026-08-31 00:47:37.589,0.9680960746279272,1.953672501052796,0.0090636293645032,0.0036176816868243,0.0061709196980049,0.0091709198404973,0.0118290811569491,0.013829081251944,0.0161709201729794,1
F_flat,controlled_phase2,session_F_flat.csv,2026-08-31 00:47:37.669,0.9683356579726402,1.9754335991983647,0.0090292490337296,0.0030095319695833,0.0067008249942922,0.0097008251367846,0.0122991759081593,0.0142991760031542,0.0167008254692667,1
F_flat,controlled_phase2,session_F_flat.csv,2026-08-31 00:47:37.745,0.9690811007163802,1.9411435780514663,0.0089149826703617,0.0029893115980988,0.006322501859476,0.0096774989004831,0.011677498995478,0.013677499090473,0.0173225023819479,1
F_flat,controlled_phase2,session_F_flat.csv,2026-08-31 00:47:37.823,0.969841191898316,1.915355434894159,0.0086908424512032,0.0028486047211592,0.0062501830375479,0.0092501831800403,0.0122501833225326,0.0132501833700301,0.0162501835125224,1
F_flat,controlled_phase2,session_F_flat.csv,2026-08-31 00:47:37.901,0.9707712049633224,1.8766821843564168,0.0084285313011642,0.0025215245525371,0.0064969669361041,0.009503033823855,0.0124969672210888,0.0125030339663474,0.0164969674110786,1
F_flat,controlled_phase2,session_F_flat.csv,2026-08-31 00:47:37.979,0.972318405557644,1.913525214306728,0.0085270467059092,0.0023343023569969,0.0068828205099862,0.0091171802499729,0.0111171803449678,0.0138828208424683,0.0171171806299526,1
F_flat,controlled_phase2,session_F_flat.csv,2026-08-31 00:47:38.056,0.9721502579700304,1.769845272250452,0.0080908067794504,0.0029287482033048,0.0056313022095243,0.0083686984554399,0.011631302494509,0.0123686986454297,0.0166313027319963,1
F_flat,controlled_phase2,session_F_flat.csv,2026-08-31 00:47:38.133,0.9718118951169192,1.743448700160313,0.0077819235417787,0.0019281105593674,0.0056713489773251,0.0083286516876391,0.0113286518301315,0.0123286518776289,0.0163286520676188,1
F_flat,controlled_phase2,session_F_flat.csv,2026-08-31 00:47:38.211,0.9712754367581056,1.7290043169291731,0.0078570899251245,0.0023477464864573,0.0057178937614351,0.0082821069035291,0.0112821070460215,0.0122821070935189,0.0152821072360113,1
F_flat,controlled_phase2,session_F_flat.csv,2026-08-31 00:47:38.289,0.9703848117158032,1.7606937745900433,0.0081174998932938,0.0027708566028009,0.0059283768603266,0.008928377002819,0.01107162394713,0.0120716239946274,0.0159283773353011,1
F_flat,controlled_phase2,session_F_flat.csv,2026-08-31 00:47:38.365,0.9695859835528609,1.6476706599018551,0.0076159019549959,0.0024703822648034,0.0059521930154937,0.0080478076494705,0.0100478077444654,0.0110478077919629,0.0139521933954733,1
F_flat,controlled_phase2,session_F_flat.csv,2026-08-31 00:47:38.443,0.9676094209589792,1.6297568702263538,0.0076500049123682,0.0027322695981642,0.0059115003608281,0.0080885003041362,0.0099115005508179,0.0109115005983153,0.0129115006933102,1
F_flat,controlled_phase2,session_F_flat.csv,2026-08-31 00:47:38.520,0.9665260875741902,1.6642471528463638,0.0077491711525563,0.0029661875953607,0.0050130066506185,0.0080130067931109,0.0099869940618432,0.0109869941093406,0.0130130070305981,1
F_flat,controlled_phase2,session_F_flat.csv,2026-08-31 00:47:38.600,0.9663034313136146,1.700900482109685,0.0079228888946251,0.0029774927163484,0.0063536922860323,0.0083536923810272,0.0103536924760221,0.0113536925235195,0.0136463086639166,1
F_flat,controlled_phase2,session_F_flat.csv,2026-08-31 00:47:38.674,0.9649974416682502,1.7424149357251733,0.0080579520273195,0.0026506562769456,0.0063840686880298,0.0086159320244318,0.0103840688780196,0.0116159321669242,0.0146159323094166,1
F_flat,controlled_phase2,session_F_flat.csv,2026-08-31 00:47:38.754,0.965038782816047,1.710158934130094,0.0081848591859689,0.0033752488846772,0.0063720230030669,0.0086279777093948,0.0106279778043897,0.0116279778518871,0.0133720233355491,1
F_flat,controlled_phase2,session_F_flat.csv,2026-08-31 00:47:38.833,0.9652305145959872,1.7642589061033778,0.0082663120563304,0.0033184306277275,0.0062089013715296,0.0087910993409321,0.0102089015615194,0.0122089016565143,0.0137910995784193,1
F_flat,controlled_phase2,session_F_flat.csv,2026-08-31 00:47:38.924,0.965665410449977,1.696926699058941,0.0079310912409985,0.0027632561613144,0.0063145634067217,0.0083145635017166,0.0103145635967115,0.011314563644209,0.0143145637867013,1
F_flat,controlled_phase2,session_F_flat.csv,2026-08-31 00:47:39.003,0.9658743948349032,1.704519721750973,0.0080628160243457,0.0031475060016004,0.0063154230793743,0.0086845776330873,0.0103154232693641,0.0116845777755797,0.0143154234593539,1
F_flat,controlled_phase2,session_F_flat.csv,2026-08-31 00:47:39.080,0.9649766083339272,1.8074275955030623,0.0083822049479872,0.0032048210730294,0.0063712165375373,0.0093712166800297,0.0113712167750246,0.012371216822522,0.0143712169175169,1
F_flat,controlled_phase2,session_F_flat.csv,2026-08-31 00:47:39.156,0.9648763479124984,1.839865099184986,0.0084139438264165,0.0029915663289662,0.0067930624347838,0.0092069383251753,0.0112069384201702,0.0122069384676677,0.0142069385626626,1
F_flat,controlled_phase2,session_F_flat.csv,2026-08-31 00:47:39.237,0.9655618948200604,1.803807558543261,0.0082001081321509,0.0030846737610605,0.0064217040269028,0.0094217041693952,0.0105782967805537,0.0115782968280512,0.0144217044068825,1
F_flat,controlled_phase2,session_F_flat.csv,2026-08-31 00:47:39.330,0.9658962047317724,1.7674003689842352,0.0081632570132624,0.0031798877435601,0.006164287379029,0.0088357133334326,0.0108357134284275,0.011835713475925,0.0148357136184174,1
F_flat,controlled_phase2,session_F_flat.csv,2026-08-31 00:47:39.406,0.966848353214497,1.7327685978632976,0.0078534377916866,0.0024971453573372,0.0052737471423972,0.008726253522567,0.0107262536175619,0.0117262536650594,0.0147262538075517,1
F_flat,controlled_phase2,session_F_flat.csv,2026-08-31 00:47:39.486,0.9669225719680222,1.7529230163281573,0.0080505156104081,0.0029231967396754,0.0055545541562662,0.0085545542987586,0.0104454466036929,0.0124454466986878,0.0145545545837433,1
F_flat,controlled_phase2,session_F_flat.csv,2026-08-31 00:47:39.577,0.9674245251168636,1.7632969581400408,0.0080339583804865,0.0025813333333333,0.0057323309389377,0.0087323310814301,0.010732331176425,0.0117323312239224,0.0147323313664148,1
F_flat,controlled_phase2,session_F_flat.csv,2026-08-31 00:47:39.655,0.9663971813180676,1.7985288917490452,0.0081151603546335,0.0024531763300482,0.0063097191443561,0.0086902815681055,0.0106902816631004,0.0116902817105979,0.0143097195243357,1
F_flat,controlled_phase2,session_F_flat.csv,2026-08-31 00:47:39.735,0.9656188609685992,1.819584848048772,0.0082731076020502,0.0027109816101523,0.006485692942509,0.0094856930850013,0.0105143078649476,0.0124856932274937,0.0144856933224886,1
F_flat,controlled_phase2,session_F_flat.csv,2026-08-31 00:47:39.829,0.9636602020214012,1.8436071398332967,0.008508006015723,0.0034582621702186,0.0059920865926487,0.009007914119813,0.0119920868776334,0.0120079142623054,0.0149920870201257,1
F_flat,controlled_phase2,session_F_flat.csv,2026-08-31 00:47:39.920,0.9630902150151618,1.7686448760256674,0.0082484479629029,0.0030221732076392,0.005443114475473,0.0085568861894912,0.0114431147604577,0.0124431148079552,0.0145568864744759,1
F_flat,controlled_phase2,session_F_flat.csv,2026-08-31 00:47:39.998,0.9638756968233034,1.81159562046579,0.0081786866083247,0.0027781312295881,0.0058288589102698,0.0088288590527622,0.0111711418971868,0.0121711419446842,0.0148288593377469,1
F_flat,controlled_phase2,session_F_flat.csv,2026-08-31 00:47:40.088,0.9625892384288668,1.7127488214946178,0.0082397591975678,0.0032644755111341,0.0050368845729363,0.0090368847629261,0.0109631161870228,0.0120368849054185,0.01596311642451,1
F_flat,controlled_phase2,session_F_flat.csv,2026-08-31 00:47:40.166,0.9621507618455402,1.8356144842802709,0.0084833960684395,0.0028119284966753,0.0064774361671497,0.0094774363096421,0.011477436404637,0.0134774364996319,0.0154774365946268,1
F_flat,controlled_phase2,session_F_flat.csv,2026-08-31 00:47:40.244,0.9616488086966988,1.8889989308284656,0.0086239387332906,0.0031302214420168,0.0058677695729237,0.0098677697629135,0.0111322312345328,0.0128677699054059,0.0158677700478983,1
F_flat,controlled_phase2,session_F_flat.csv,2026-08-31 00:47:40.321,0.9599902799720894,1.698520931199052,0.0081273824572175,0.0029074054566522,0.0053046668483975,0.0083046669908899,0.011695333959059,0.0123046671808797,0.0156953341490488,1
F_flat,controlled_phase2,session_F_flat.csv,2026-08-31 00:47:40.401,0.9590924934711136,1.604139146032551,0.0078673070874429,0.0027223039730922,0.0053307654413415,0.0076692351761252,0.0103307656788288,0.0123307657738237,0.0143307658688186,1
F_flat,controlled_phase2,session_F_flat.csv,2026-08-31 00:47:40.478,0.9581549934265846,1.42548762427859,0.0071563835635569,0.0027340217459883,0.0049748682671669,0.0069748683621618,0.0090251323977973,0.0109748685521516,0.013974868694644,1
F_flat,controlled_phase2,session_F_flat.csv,2026-08-31 00:47:40.556,0.9573639777640134,1.3374663619743103,0.0071618275670199,0.0026108839257628,0.0041008495184665,0.0068991510040053,0.0088991510990003,0.0101008498034512,0.014100849993441,1
F_flat,controlled_phase2,session_F_flat.csv,2026-08-31 00:47:40.633,0.955680306403796,1.263502951697233,0.0071643544904328,0.0030236451140405,0.004275539018729,0.0062755391137239,0.0087244615987378,0.0097244616462353,0.013275539446206,1
F_flat,controlled_phase2,session_F_flat.csv,2026-08-31 00:47:40.709,0.9542744135566472,1.2659149695627194,0.007376702460443,0.0031091218295825,0.0044468373579159,0.006553163164556,0.0094468375954032,0.0104468376429006,0.0125531634495407,1
F_flat,controlled_phase2,session_F_flat.csv,2026-08-31 00:47:40.791,0.9524255069792068,1.1976956766875002,0.0073329714909543,0.0031852769421341,0.0039000074718216,0.0060999930031528,0.0089000077093088,0.0099000077568063,0.0149000079942935,1
F_flat,controlled_phase2,session_F_flat.csv,2026-08-31 00:47:40.868,0.9524442343391312,1.3275537228823429,0.0077026175958931,0.002957932779936,0.0041645508315738,0.0061645509265687,0.008835449785893,0.0108354498808879,0.0148354500708777,1
F_flat,controlled_phase2,session_F_flat.csv,2026-08-31 00:47:40.945,0.9538023366288736,1.321063730185482,0.0075941060986243,0.0028628536925607,0.0040778177622382,0.0060778178572331,0.0090778179997255,0.0109221829502235,0.0139221830927158,1
F_flat,controlled_phase2,session_F_flat.csv,2026-08-31 00:47:41.022,0.9533495375843242,1.2387568308840793,0.0075585336752321,0.0030501769727253,0.0040859256573231,0.0059140748176513,0.0080859258473129,0.0100859259423078,0.0140859261322976,1
F_flat,controlled_phase2,session_F_flat.csv,2026-08-31 00:47:41.103,0.9535675862756344,1.3147396898587471,0.0079142417366831,0.0032698796184446,0.0040329801557333,0.0060329802507282,0.0089670204617334,0.0109670205567283,0.0140329806307079,1
F_flat,controlled_phase2,session_F_flat.csv,2026-08-31 00:47:41.192,0.9546043548417614,1.365749625634372,0.0074155634695997,0.0029106290309071,0.0041086776388237,0.0068913228836482,0.0098913230261405,0.010891323073638,0.0141086781137982,1
F_flat,controlled_phase2,session_F_flat.csv,2026-08-31 00:47:41.271,0.9555586954521312,1.412899432464802,0.0074706504587567,0.0025546795657044,0.0040332424359175,0.0070332425784098,0.0090332426734047,0.0109667582765442,0.0159667585140315,1
F_flat,controlled_phase2,session_F_flat.csv,2026-08-31 00:47:41.347,0.9568947651371528,1.2447107878925454,0.007248792396066,0.0028540250146898,0.0042717621436347,0.0067282383788371,0.008728238473832,0.0097282385213295,0.0127282386638218,1
F_flat,controlled_phase2,session_F_flat.csv,2026-08-31 00:47:41.424,0.9581371344051948,1.0740780288019829,0.0069451392032269,0.0035227929964772,0.0032207267947556,0.0057792736327214,0.0077792737277163,0.0087792737752138,0.013779274012701,1
F_flat,controlled_phase2,session_F_flat.csv,2026-08-31 00:47:41.503,0.9581941191034404,1.0066975286323276,0.0065168151014149,0.0036376634845872,0.0029839565738762,0.0059839567163686,0.0070160439010982,0.0090160439960931,0.0130160441860829,1
F_flat,controlled_phase2,session_F_flat.csv,2026-08-31 00:47:41.579,0.9590524714724415,1.1067110588321802,0.0071890766274622,0.0035547142030814,0.003357659096221,0.0056423413312559,0.0076423414262508,0.0093576593812058,0.0126423416637381,1
F_flat,controlled_phase2,session_F_flat.csv,2026-08-31 00:47:41.655,0.958642949178928,1.1448643147889233,0.0070982468682313,0.0031466397255372,0.0033815960015802,0.0063815961440726,0.0083815962390675,0.0093815962865649,0.0116184047108814,1
F_flat,controlled_phase2,session_F_flat.csv,2026-08-31 00:47:41.735,0.9580179549791498,1.183858370988223,0.0071565426600445,0.0034085529430329,0.0034790912177964,0.0064790913602887,0.0084790914552836,0.0095209093996704,0.0134790916927709,1
F_flat,controlled_phase2,session_F_flat.csv,2026-08-31 00:47:41.813,0.9571829922131788,1.2157891158865182,0.0076612210264715,0.0035458760831707,0.004132865641843,0.0061328657368379,0.0088671349756238,0.0101328659268277,0.0141328661168175,1
F_flat,controlled_phase2,session_F_flat.csv,2026-08-31 00:47:41.892,0.9569931916688346,1.2623764291220152,0.0072655616442536,0.0032978689884784,0.0047759656937467,0.0067759657887416,0.0082240349237201,0.0097759659312339,0.0127759660737263,1
F_flat,controlled_phase2,session_F_flat.csv,2026-08-31 00:47:41.969,0.955546950923502,1.2535964295928497,0.0073476883387771,0.0036068152031454,0.0038895729239322,0.0061104275510422,0.0091104276935346,0.0101104277410321,0.0131104278835244,1
F_flat,controlled_phase2,session_F_flat.csv,2026-08-31 00:47:42.049,0.9556021430615582,1.2475106646477718,0.0080168666953517,0.0043444579372723,0.0035684541705811,0.0064315463043933,0.0094315464468857,0.0104315464943831,0.0145684546930531,1
F_flat,controlled_phase2,session_F_flat.csv,2026-08-31 00:47:42.142,0.9551264821476806,1.183348670002143,0.0081367438330564,0.004489138169185,0.0035519653438798,0.0064480351310947,0.0084480352260896,0.0095519656288645,0.0145519658663517,1
F_flat,controlled_phase2,session_F_flat.csv,2026-08-31 00:47:42.235,0.955861083508716,1.0885260937708936,0.0079358262601042,0.0041956578603191,0.0031756109277102,0.0061756110702025,0.0078243895947617,0.0091756112126949,0.0121756113551872,1
F_flat,controlled_phase2,session_F_flat.csv,2026-08-31 00:47:42.310,0.9555548018427736,1.027402692142299,0.0070680112848707,0.0034421787212672,0.0032433485883303,0.0057566518391467,0.0067566518866442,0.0087566519816391,0.0117566521241314,1
F_flat,controlled_phase2,session_F_flat.csv,2026-08-31 00:47:42.390,0.9555188793185448,0.9836208271525716,0.0071331719592071,0.0035219018269865,0.003475729439849,0.0045242709401305,0.0065242710351254,0.0085242711301203,0.0115242712726126,1
F_flat,controlled_phase2,session_F_flat.csv,2026-08-31 00:47:42.467,0.9544302475508756,1.0917029190581398,0.0075600176773268,0.0039543057996485,0.003847811715107,0.0051521887123699,0.0071521888073649,0.0091521889023598,0.0121521890448521,1
F_flat,controlled_phase2,session_F_flat.csv,2026-08-31 00:47:42.545,0.9550154249419484,1.1133948406442902,0.0072000898993089,0.003307480558085,0.0036746006078559,0.0063253998671185,0.007325399914616,0.0093254000096109,0.012674601035333,1
F_flat,controlled_phase2,session_F_flat.csv,2026-08-31 00:47:42.637,0.9569443088161684,1.0762249191725883,0.0069731828768559,0.003932095334962,0.0033574328682113,0.0053574329632062,0.0076425676542606,0.008642567701758,0.0123574332956883,1
F_flat,controlled_phase2,session_F_flat.csv,2026-08-31 00:47:42.714,0.9577251269227252,0.964138673476188,0.0068815568714752,0.0045886457209307,0.0023595802195615,0.0046404201129206,0.0073595804570487,0.0083595805045462,0.0136404205403977,1
F_flat,controlled_phase2,session_F_flat.csv,2026-08-31 00:47:42.795,0.9588567687808484,0.8904174795722867,0.0064991357629826,0.0043311887641394,0.0025033010734439,0.0045033011684388,0.0065033012634337,0.0075033013109312,0.011503301500921,1
F_flat,controlled_phase2,session_F_flat.csv,2026-08-31 00:47:42.873,0.9588164785377504,0.8253364580610401,0.0068278611740067,0.0052709499259757,0.0029264693375424,0.0040735309949396,0.0060735310899345,0.007073531137432,0.0120735313749192,1
F_flat,controlled_phase2,session_F_flat.csv,2026-08-31 00:47:42.956,0.9581379203461344,0.7074311604561513,0.0057238325931565,0.0032707577430719,0.0017983909988122,0.0032016092386749,0.005798391188802,0.0067983912362995,0.0092016095236596,1
F_flat,controlled_phase2,session_F_flat.csv,2026-08-31 00:47:43.044,0.9573883728292276,0.756424863024654,0.0058335428183097,0.0033010909319556,0.0021386144817595,0.0038613858032251,0.00586138589822,0.0068613859457175,0.0098613860882098,1
F_flat,controlled_phase2,session_F_flat.csv,2026-08-31 00:47:43.122,0.9575877046406618,0.8952642171810115,0.0066385004787934,0.0038656958776386,0.002499502502042,0.0044995025970369,0.0064995026920318,0.0074995027395292,0.011499502929519,1
F_flat,controlled_phase2,session_F_flat.csv,2026-08-31 00:47:43.199,0.9576048710462276,0.9984345035190466,0.0069792697568952,0.0049631429050092,0.002563976499735,0.0045639765947299,0.0065639766897248,0.0084360240227369,0.0134360242602241,1
F_flat,controlled_phase2,session_F_flat.csv,2026-08-31 00:47:43.276,0.9574048773384748,0.9722641510096638,0.0070207227893466,0.0048578248670379,0.0029190817584822,0.0049190818534771,0.006919081948472,0.0079190819959694,0.0120809189539795,1
F_flat,controlled_phase2,session_F_flat.csv,2026-08-31 00:47:43.355,0.9571496852788024,1.2313316451997265,0.0066090320617427,0.0030435330170857,0.0043256477433439,0.0053256477908414,0.0083256479333337,0.0093256479808312,0.0143256482183184,1
F_flat,controlled_phase2,session_F_flat.csv,2026-08-31 00:47:43.434,0.9570945695794985,1.2096617898007995,0.0066057492331548,0.0032526808385621,0.0039913543540598,0.0050086460734172,0.0080086462159095,0.009008646263407,0.0129913547815369,1
F_flat,controlled_phase2,session_F_flat.csv,2026-08-31 00:47:43.526,0.9572633234082631,1.1650100158703436,0.0069744406299992,0.003939854351129,0.003861120317516,0.0058611204125109,0.0078611205075058,0.0088611205550033,0.014138880537438,1
F_flat,controlled_phase2,session_F_flat.csv,2026-08-31 00:47:43.605,0.9589247521957625,1.2436209940400642,0.006586364716909,0.0031457458784416,0.003283285619235,0.0062832857617274,0.0077167149032368,0.0097167149982317,0.0132832860942095,1
F_flat,controlled_phase2,session_F_flat.csv,2026-08-31 00:47:43.681,0.9592256314982706,1.3248249396981249,0.0066349157063331,0.002841925773109,0.0041097406326482,0.0068902598898237,0.008109740822638,0.0091097408701354,0.0118902601273109,1
F_flat,controlled_phase2,session_F_flat.csv,2026-08-31 00:47:43.760,0.9599489221825558,1.2370800000518969,0.0066788865192407,0.0030593299012574,0.0042379000240593,0.0062379001190542,0.0082379002140491,0.0092379002615465,0.0122379004040389,1
F_flat,controlled_phase2,session_F_flat.csv,2026-08-31 00:47:43.839,0.9607969206354028,1.3514474875123217,0.0069336946167553,0.0026452238428463,0.0035710839736811,0.0064289165012934,0.0085710842111683,0.0104289166912832,0.014428916881273,1
F_flat,controlled_phase2,session_F_flat.csv,2026-08-31 00:47:43.915,0.9610847914117878,1.201810383833221,0.0062165447507523,0.0025732696343636,0.0036537477611033,0.0063462527138711,0.0076537479510931,0.009653748046088,0.0116537481410829,1
F_flat,controlled_phase2,session_F_flat.csv,2026-08-31 00:47:43.992,0.9629352670911354,1.2624593552527932,0.00657007569465,0.0028308788447469,0.0042504004478621,0.0057496000271123,0.0087496001696046,0.0097496002171021,0.011749600312097,1
F_flat,controlled_phase2,session_F_flat.csv,2026-08-31 00:47:44.071,0.963075566576966,1.317963939158806,0.0066124561427471,0.0024084114033505,0.0041994633465254,0.0061994634415203,0.0081994635365152,0.0098005373184388,0.012199463726505,1
F_flat,controlled_phase2,session_F_flat.csv,2026-08-31 00:47:44.148,0.9634906056591792,1.3144704390299855,0.0066536793039783,0.0027468157088163,0.0040986310290065,0.0060986311240014,0.0080986312189963,0.0099013696359577,0.0119013697309526,1
F_flat,controlled_phase2,session_F_flat.csv,2026-08-31 00:47:44.225,0.9634268035728156,1.2326444885428791,0.0065899488971347,0.0028829439945732,0.0041825053921971,0.0058174950827774,0.0081825055821869,0.0091825056296843,0.0118174953677621,1
F_flat,controlled_phase2,session_F_flat.csv,2026-08-31 00:47:44.308,0.963624394728034,1.2623786777800137,0.0064898468750747,0.0027154600901617,0.0044018564806229,0.0055981439943515,0.0084018566706127,0.0094018567181102,0.0124018568606025,1
F_flat,controlled_phase2,session_F_flat.csv,2026-08-31 00:47:44.398,0.9611981557880545,1.1956187209757705,0.0067465746794559,0.0029628536181609,0.0039119159184533,0.0059119160134482,0.0079119161084431,0.009911916203438,0.0119119162984329,1
F_flat,controlled_phase2,session_F_flat.csv,2026-08-31 00:47:44.475,0.9603145643726878,1.110533328734758,0.0067245019758613,0.0039404507285619,0.0038426350165212,0.0051573654109557,0.0071573655059506,0.0081573655534481,0.0118426353965008,1
F_flat,controlled_phase2,session_F_flat.csv,2026-08-31 00:47:44.555,0.9593265295838278,1.066249184809647,0.0074546017001974,0.0050446132988618,0.002874399774996,0.0051256006049835,0.0071256006999784,0.0081256007474759,0.0131256009849631,1
F_flat,controlled_phase2,session_F_flat.csv,2026-08-31 00:47:44.633,0.959916630800499,1.1229946202749663,0.006869712908573,0.0037419232431406,0.0038770753704567,0.0051229250570202,0.0078770755604465,0.0081229251995126,0.0121229253895024,1
F_flat,controlled_phase2,session_F_flat.csv,2026-08-31 00:47:44.711,0.9593936002562486,1.0214702661157111,0.0069285550490047,0.0040465830022492,0.0027594439098392,0.0047594440048341,0.0072405565651352,0.0082405566126326,0.0122405568026224,1
F_flat,controlled_phase2,session_F_flat.csv,2026-08-31 00:47:44.806,0.9582603598567694,0.8549537612812455,0.0060997802528959,0.0035759736640057,0.0028341065093118,0.0041658938231703,0.0061658939181652,0.0071658939656626,0.0108341068892914,1
F_flat,controlled_phase2,session_F_flat.csv,2026-08-31 00:47:44.899,0.958165410093746,0.9493932887141948,0.0064766826132156,0.0035979169954237,0.0025959077557223,0.0045959078507172,0.0065959079457121,0.0074040927192521,0.0114040929092419,1
F_flat,controlled_phase2,session_F_flat.csv,2026-08-31 00:47:44.990,0.9576090949631558,0.738787290148236,0.0055033859494641,0.0031455443364474,0.0019101633444789,0.0040898369405057,0.0059101635344687,0.0070898370829981,0.0100898372254905,1
F_flat,controlled_phase2,session_F_flat.csv,2026-08-31 00:47:45.086,0.9579544725837272,0.7314508090628661,0.005650811546198,0.0034500894078047,0.0024098980843809,0.0035901022006037,0.0055901022955986,0.006590102343096,0.0105901025330858,1
F_flat,controlled_phase2,session_F_flat.csv,2026-08-31 00:47:45.176,0.9583842097436792,0.6744682800458797,0.0055022514233506,0.0032089724975275,0.0017675547416989,0.0032324454957882,0.0052324455907831,0.0062324456382806,0.0102324458282704,1
F_flat,controlled_phase2,session_F_flat.csv,2026-08-31 00:47:45.270,0.9584502408364416,0.6306283928039723,0.0052979110286408,0.0030680970443297,0.0019229719425966,0.0030770282948906,0.0050770283898855,0.006077028437383,0.0090770285798753,1
F_flat,controlled_phase2,session_F_flat.csv,2026-08-31 00:47:45.364,0.9582254526793884,0.5510946764624793,0.0051708630160328,0.0029044376861313,0.0015267030095744,0.0025267030570719,0.0035267031045693,0.0054732973229076,0.0094732975128974,1
F_flat,controlled_phase2,session_F_flat.csv,2026-08-31 00:47:45.459,0.957967776922147,0.4979081595369182,0.0046744090771009,0.0025655044791184,0.0012458784290292,0.0027541217609605,0.003754121808458,0.005245878619019,0.0092458788090088,1
F_flat,controlled_phase2,session_F_flat.csv,2026-08-31 00:47:45.549,0.95891248044173,0.5833902600375904,0.0046403026761128,0.0022280843729308,0.0021620301818299,0.0028379700556573,0.0051620303243222,0.0061620303718197,0.0101620305618095,1
F_flat,controlled_phase2,session_F_flat.csv,2026-08-31 00:47:45.628,0.9589928840913824,0.5662539793410497,0.0046346808055503,0.0024997374225396,0.0021656024555546,0.0028343977819326,0.0041656025505495,0.0051656025980469,0.0081656027405393,1
F_flat,controlled_phase2,session_F_flat.csv,2026-08-31 00:47:45.720,0.9585771939674714,0.6192767464863301,0.0047902293215392,0.0022171085122256,0.0017238387268148,0.0037238388218097,0.0047238388693071,0.0057238389168046,0.0097238391067944,1
F_flat,controlled_phase2,session_F_flat.csv,2026-08-31 00:47:45.813,0.959145553369467,0.6388374630807737,0.0046871150043028,0.0020699365359559,0.0016674022563082,0.0036674023513031,0.0046674023988005,0.005667402446298,0.0086674025887903,1
F_flat,controlled_phase2,session_F_flat.csv,2026-08-31 00:47:45.890,0.9598249153809016,0.7311604816697952,0.0050441607881874,0.0022948093097676,0.0016522417282135,0.0036522418232084,0.0046522418707058,0.0056522419182033,0.0096522421081931,1
F_flat,controlled_phase2,session_F_flat.csv,2026-08-31 00:47:45.969,0.9595462996476628,0.8105287194084577,0.0052922483689248,0.0022169221555627,0.0024850437735381,0.0044850438685331,0.0054850439160305,0.006485043963528,0.0095149567964312,1
F_flat,controlled_phase2,session_F_flat.csv,2026-08-31 00:47:46.046,0.958918990858706,0.7918564157640968,0.0051074095976181,0.0020173788784634,0.0020897314306218,0.0040897315256167,0.0050897315731142,0.0069102689968552,0.009089731763104,1
F_flat,controlled_phase2,session_F_flat.csv,2026-08-31 00:47:46.124,0.9584134223574292,0.7572970492451513,0.0048872645971393,0.0019759937777217,0.0024081164037152,0.0035918838812694,0.0054081165462076,0.0065918840237617,0.0094081167361974,1
F_flat,controlled_phase2,session_F_flat.csv,2026-08-31 00:47:46.203,0.9574554491225248,0.7155958598525496,0.0049855322989292,0.0022509789140858,0.002707069249336,0.0032929310356486,0.0057070693918284,0.006292931178141,0.0092929313206333,1
F_flat,controlled_phase2,session_F_flat.csv,2026-08-31 00:47:46.295,0.9572327928619492,0.7260668973486072,0.0049563635725273,0.0023146935911266,0.0023105880000242,0.0036894122849604,0.0056894123799553,0.006310588190014,0.0093105883325064,1
F_flat,controlled_phase2,session_F_flat.csv,2026-08-31 00:47:46.373,0.9574412315301054,0.7879440699181756,0.0057638705175315,0.0029615521463404,0.002214508571246,0.0042145086662409,0.0057854918087335,0.0062145087612358,0.0097854919987233,1
F_flat,controlled_phase2,session_F_flat.csv,2026-08-31 01:03:53.950,0.966564499034348,3.862942509720136,0.0149725930768702,0.0,0.0121651283241729,0.019165128656655,0.0241651288941423,0.0251651289416398,0.0278348735757251,1
F_flat,controlled_phase2,session_F_flat.csv,2026-08-31 01:03:54.032,0.9662357229770654,3.9262146300120975,0.015200916222631,0.0,0.0130878552306243,0.018912146289294,0.0239121465267813,0.0259121466217762,0.0289121467642685,1
F_flat,controlled_phase2,session_F_flat.csv,2026-08-31 01:03:54.107,0.9655010224213356,3.886832704873117,0.0150610437669056,0.0,0.0124217619058223,0.0185782395665986,0.0235782398040859,0.0255782398990808,0.029421762713279,1
F_flat,controlled_phase2,session_F_flat.csv,2026-08-31 01:03:54.186,0.9652044729280836,4.043349306491786,0.0156488849095724,0.0,0.0128450249930782,0.0198450253255604,0.0241549767643274,0.0271549769068197,0.0301549770493121,1
F_flat,controlled_phase2,session_F_flat.csv,2026-08-31 01:03:54.263,0.9651266734452216,3.964826469324108,0.0153571512683249,0.0,0.0131699699428501,0.0191699702278348,0.0241699704653221,0.026169970560317,0.0298300320995402,1
F_flat,controlled_phase2,session_F_flat.csv,2026-08-31 01:03:54.341,0.9662923636047556,3.8733600904028256,0.0150125768406786,0.0,0.0122099046073783,0.0187900968650426,0.0237900971025298,0.0252099052248452,0.0287900973400171,1
F_flat,controlled_phase2,session_F_flat.csv,2026-08-31 01:03:54.418,0.9650186005234218,3.9823931671015145,0.0154555621049686,0.0,0.0134262764594971,0.0204262767919792,0.024573725345406,0.0255737253929034,0.0285737255353958,1
F_flat,controlled_phase2,session_F_flat.csv,2026-08-31 01:03:54.496,0.965240280221451,4.140303929450656,0.0160161787180101,0.0,0.0138917742141767,0.0198917744991614,0.0258917747841461,0.027891774879141,0.0308917750216334,1
F_flat,controlled_phase2,session_F_flat.csv,2026-08-31 01:03:54.575,0.9637663218181084,4.172458425753987,0.0161825280242186,0.0,0.012742798502014,0.0202572030654017,0.025257203302889,0.0272572033978839,0.0307427993569682,1
F_flat,controlled_phase2,session_F_flat.csv,2026-08-31 01:03:54.652,0.9606543425036308,4.582469969333977,0.0177341300380908,0.0,0.0139715590614593,0.0220284426484489,0.0280284429334336,0.0300284430284285,0.0329715599639108,1
F_flat,controlled_phase2,session_F_flat.csv,2026-08-31 01:03:54.729,0.961553105567153,4.847362603086264,0.0187683923556455,0.0,0.0146039581624756,0.0236039585899526,0.0303960439749096,0.0326039590174297,0.0346039591124246,1
F_flat,controlled_phase2,session_F_flat.csv,2026-08-31 01:03:54.810,0.961737024846722,5.018718898870351,0.0194379135744606,0.0,0.0150039911693369,0.0249960107305611,0.0309960110155458,0.033003992024291,0.035996011253033,1
F_flat,controlled_phase2,session_F_flat.csv,2026-08-31 01:03:54.888,0.9625485483227672,4.926303376084477,0.0190463899446011,0.0,0.0146217513800945,0.024621751855069,0.0296217520925563,0.033378250899783,0.0353782509947779,1
F_flat,controlled_phase2,session_F_flat.csv,2026-08-31 01:03:54.962,0.9652809703275504,4.625343629538929,0.0178708662825186,0.0,0.0142801127230868,0.0217198889868214,0.0287198893193035,0.0317198894617959,0.0362801137680307,1
F_flat,controlled_phase2,session_F_flat.csv,2026-08-31 01:03:55.041,0.9655231578390536,5.0625531913438895,0.0195590582329457,0.0,0.0159413990189344,0.0240586028809636,0.0319413997788936,0.0350586034034355,0.0389414001113758,1
F_flat,controlled_phase2,session_F_flat.csv,2026-08-31 01:03:55.120,0.964201543192947,5.186033467932387,0.0200600466470312,0.0,0.0159075818377949,0.024907582265272,0.0330924204895801,0.0360924206320725,0.0409075830252312,1
F_flat,controlled_phase2,session_F_flat.csv,2026-08-31 01:03:55.197,0.9618760222491574,5.253282691716341,0.0203408341100771,0.0,0.0155149024824909,0.0255149029574655,0.0334850998448841,0.0365149034799374,0.0395149036224298,1
F_flat,controlled_phase2,session_F_flat.csv,2026-08-31 01:03:55.276,0.9621507618455402,5.415428156685735,0.0210037316858802,0.0,0.0165896198948869,0.0264103821475034,0.034410382527483,0.0375896208923334,0.0425896211298206,1
F_flat,controlled_phase2,session_F_flat.csv,2026-08-31 01:03:55.352,0.9628144988562326,5.254008353429369,0.0203243123087506,2.116850127011008e-05,0.0163199944246077,0.0253199948520848,0.0336800079502648,0.0363199953745567,0.0403199955645465,1
F_flat,controlled_phase2,session_F_flat.csv,2026-08-31 01:03:55.431,0.9654115041879172,5.324914920634767,0.0205614028072661,0.0004155478839023,0.0160909950957819,0.0250909955232589,0.0339090072790906,0.0370909960932284,0.0419090076590702,1
F_flat,controlled_phase2,session_F_flat.csv,2026-08-31 01:03:55.511,0.9670221813477534,5.209522843827207,0.0201457189857867,0.0005539339966337,0.0157477903382817,0.0242522115616162,0.0327477911457384,0.0362522121315856,0.0422522124165704,1
F_flat,controlled_phase2,session_F_flat.csv,2026-08-31 01:03:55.585,0.9680732881685116,5.157666109346785,0.0199186137463251,0.0,0.0159594226887745,0.0239594230687542,0.0329594234962312,0.0360405797810928,0.0410405800185801,1
F_flat,controlled_phase2,session_F_flat.csv,2026-08-31 01:03:55.662,0.9697985486671238,5.2032244786440565,0.0201375745979495,0.0003431929817035,0.0162593903177633,0.0242593906977429,0.0327406120096117,0.0362593912677123,0.042259391552697,1
F_flat,controlled_phase2,session_F_flat.csv,2026-08-31 01:03:55.740,0.9701842908729456,5.154812951904682,0.0199593635573627,0.0010191930137,0.0157318135161002,0.0242681883837978,0.0317318142760594,0.0367318145135466,0.0427318147985313,1
F_flat,controlled_phase2,session_F_flat.csv,2026-08-31 01:03:55.818,0.9709001112194452,5.25692477692504,0.020310511674013,0.0001183355566074,0.0157665246956832,0.0252334772517122,0.0332334776316918,0.0372334778216816,0.0437665260256119,1
F_flat,controlled_phase2,session_F_flat.csv,2026-08-31 01:03:55.897,0.9718096164709776,5.281033842765407,0.0204273891544776,0.0003979992470284,0.0162679833467747,0.0252679837742517,0.0332679841542313,0.0377320192180876,0.0437320195030723,1
F_flat,controlled_phase2,session_F_flat.csv,2026-08-31 01:03:55.974,0.9734366292158676,5.282623115035975,0.0204796922914025,2.1592908888720944e-05,0.0156169533345339,0.0253830486128615,0.0333830489928411,0.0373830491828309,0.0436169546644625,1
F_flat,controlled_phase2,session_F_flat.csv,2026-08-31 01:03:56.049,0.973432575570636,5.214398896093226,0.0201899406141667,0.0003023235726008,0.0160963987951157,0.0249036031522797,0.0320963995550749,0.0370963997925621,0.0439036040547313,1
F_flat,controlled_phase2,session_F_flat.csv,2026-08-31 01:03:56.128,0.9748296324863456,5.050680751251873,0.0195558846342813,0.0,0.0152704659020233,0.0247295359978747,0.0317295363303569,0.0352704668519723,0.041270467136957,1
F_flat,controlled_phase2,session_F_flat.csv,2026-08-31 01:03:56.207,0.97531568150416,4.900855028575251,0.0189687402339163,0.0,0.0149386708123065,0.0239386712397836,0.0300613313250787,0.0349386717622556,0.0409386720472403,1
F_flat,controlled_phase2,session_F_flat.csv,2026-08-31 01:03:56.283,0.9745250381201878,4.862291631246975,0.0188231447093463,0.0,0.014363746375539,0.023636255429364,0.0303637471354982,0.0336362559043386,0.0413637476579702,1
F_flat,controlled_phase2,session_F_flat.csv,2026-08-31 01:03:56.361,0.974236202625526,5.032798093884054,0.0194721011646252,0.0,0.0164844817117325,0.0235155201881654,0.0314844824241943,0.0344844825666866,0.0405155209956221,1
F_flat,controlled_phase2,session_F_flat.csv,2026-08-31 01:03:56.440,0.9741389895176492,5.148320175903952,0.0198990869883042,0.0,0.016223002947926,0.0247769989994695,0.0317769993319516,0.0357769995219414,0.0417769998069261,1
F_flat,controlled_phase2,session_F_flat.csv,2026-08-31 01:03:56.515,0.9734902678810684,5.228899851485614,0.0202293324056117,0.0001407200536901,0.0164478802382694,0.024552121709126,0.0315521220416081,0.0364478811882185,0.0425521225640801,1
F_flat,controlled_phase2,session_F_flat.csv,2026-08-31 01:03:56.595,0.9743293543721536,5.262304577333394,0.0203621151905182,0.0,0.0157431450530921,0.0252568568943033,0.0332568572742829,0.0367431460505386,0.0427431463355233,1
F_flat,controlled_phase2,session_F_flat.csv,2026-08-31 01:03:56.673,0.9751772656395812,5.289249217801052,0.0204802859727825,0.0,0.0160428849713827,0.0249571169760127,0.0330428857788394,0.0360428859213317,0.0420428862063164,1
F_flat,controlled_phase2,session_F_flat.csv,2026-08-31 01:03:56.749,0.9756819237869918,5.227850721986784,0.0202572556223959,0.0,0.0159123002673654,0.02508770168003,0.0329123010748221,0.036087702202502,0.0429123015497966,1
F_flat,controlled_phase2,session_F_flat.csv,2026-08-31 01:03:56.825,0.9779762756926678,5.185031015754986,0.0200690987421208,0.0,0.0157238977736128,0.0242761041262852,0.0322761045062648,0.0362761046962546,0.0417238990085465,1
F_flat,controlled_phase2,session_F_flat.csv,2026-08-31 01:03:56.904,0.9784961376812822,5.343383723233356,0.0207059335234582,0.0,0.016132365726091,0.0258676362688019,0.0331323665335476,0.0371323667235374,0.043867637123756,1
F_flat,controlled_phase2,session_F_flat.csv,2026-08-31 01:03:56.981,0.9780899157378216,5.443723588010955,0.0211180928050415,0.0006542932542365,0.0162073463020752,0.0262073467770497,0.0337926560727973,0.0387926563102846,0.0447926565952693,1
F_flat,controlled_phase2,session_F_flat.csv,2026-08-31 01:03:57.062,0.9775558931395671,5.597426338859804,0.0217200454236806,0.0018863192786191,0.01742275441754,0.0274227548925145,0.0355772480998248,0.0394227554624839,0.0464227557949661,1
F_flat,controlled_phase2,session_F_flat.csv,2026-08-31 01:03:57.153,0.9760075333370348,5.76042067007376,0.0224191546733759,0.0011748835994952,0.018046963565509,0.0269530385718762,0.0360469644204631,0.0400469646104529,0.0470469649429351,1
F_flat,controlled_phase2,session_F_flat.csv,2026-08-31 01:03:57.232,0.9782240098976864,5.7521170072382,0.0223222142088674,0.0039581720441832,0.0179679102189229,0.0270320919184623,0.0369679111213745,0.0419679113588618,0.0479679116438465,1
F_flat,controlled_phase2,session_F_flat.csv,2026-08-31 01:03:57.310,0.9769136145678976,6.08632272716759,0.0236630743026213,0.0099326195512331,0.0185489661877295,0.0294510360921481,0.0384510365196252,0.0435489673751657,0.0495489676601504,1
F_flat,controlled_phase2,session_F_flat.csv,2026-08-31 01:03:57.386,0.974811244217714,6.44660662841505,0.0252253931492777,0.0162373534955263,0.0209415508549358,0.0300584515674341,0.0410584520899061,0.0469415520898696,0.0519415523273568,1
F_flat,controlled_phase2,session_F_flat.csv,2026-08-31 01:03:57.463,0.9768783016075608,6.358810739348071,0.0246787851732951,0.0235858310626703,0.019337287022014,0.0293372874969886,0.0403372880194605,0.0463372883044452,0.0516627163503049,1
F_flat,controlled_phase2,session_F_flat.csv,2026-08-31 01:03:57.543,0.974877936242346,6.539223903557785,0.0255099382818995,0.0251042399956679,0.020071696410115,0.0309283060122549,0.0419283065347269,0.0470716976925462,0.0530716979775309,1
F_flat,controlled_phase2,session_F_flat.csv,2026-08-31 01:03:57.620,0.9737581055151092,6.493190451628118,0.0253514969517782,0.0245588187500677,0.0203275096591316,0.0306724927632383,0.0413275106565781,0.0466724935231975,0.0526724938081822,1
F_flat,controlled_phase2,session_F_flat.csv,2026-08-31 01:03:57.698,0.9745999159553956,6.432107380302532,0.0251339646829448,0.0252147259198284,0.0200560192354523,0.0300560197104268,0.0410560202328987,0.046056020470386,0.0520560207553707,1
F_flat,controlled_phase2,session_F_flat.csv,2026-08-31 01:03:57.773,0.974600306707695,6.377204037181717,0.0248787612971538,0.0198479729729729,0.0197588908380118,0.0297588913129863,0.0412411120593326,0.0462411122968199,0.0517588923579303,1
F_flat,controlled_phase2,session_F_flat.csv,2026-08-31 01:03:57.849,0.97458609583403,6.377369874087505,0.0248602230912313,0.0176567442263529,0.0200930942426414,0.0309069081797285,0.040906908654703,0.0449069088446928,0.0510930957150624,1
F_flat,controlled_phase2,session_F_flat.csv,2026-08-31 01:03:57.929,0.975523158314028,6.09272603944767,0.0237592601809649,0.0073462488623065,0.0187207242454905,0.028720724720465,0.0392792785093616,0.0422792786518539,0.0492792789843361,1
F_flat,controlled_phase2,session_F_flat.csv,2026-08-31 01:03:58.006,0.9768847369532788,6.090649437540236,0.0236967333806775,0.0109340252038547,0.0190659866030522,0.0289340156768254,0.0380659875055038,0.0420659876954936,0.0500659880754732,1
F_flat,controlled_phase2,session_F_flat.csv,2026-08-31 01:03:58.080,0.9781335320985344,5.98645686670289,0.0232764110141569,0.0087533792622307,0.0175472887029901,0.0284527134818926,0.0375472896529391,0.0425472898904264,0.0495472902229086,1
F_flat,controlled_phase2,session_F_flat.csv,2026-08-31 01:03:58.158,0.9778575154607408,5.984496475444093,0.0232955495928027,0.0054929485363035,0.0185531429785742,0.0285531434535487,0.0375531438810258,0.042553144118513,0.0485531444034977,1
F_flat,controlled_phase2,session_F_flat.csv,2026-08-31 01:03:58.235,0.9780342595528616,5.943538354755605,0.0231190333026544,0.0049482828150715,0.0180309875701775,0.028030988045152,0.037030988472629,0.0420309887101163,0.0489690156121517,1
F_flat,controlled_phase2,session_F_flat.csv,2026-08-31 01:03:58.318,0.979114164536074,5.971828770364317,0.0232729214472682,0.0063778291395926,0.0185216527919898,0.0285216532669643,0.0374783498678674,0.0424783501053547,0.0494783504378368,1
F_flat,controlled_phase2,session_F_flat.csv,2026-08-31 01:03:58.395,0.98059561805088,5.850919643729371,0.0227577996493765,0.0034889079059969,0.017601530250374,0.0283984719345087,0.0366015311528256,0.0413984725519755,0.0473984728369603,1
F_flat,controlled_phase2,session_F_flat.csv,2026-08-31 01:03:58.475,0.9798362028915116,5.741457289404267,0.022283994165097,0.0018111766061843,0.0171016901461029,0.0281016906685749,0.0361016910485545,0.0408983126087492,0.0471016915710265,1
F_flat,controlled_phase2,session_F_flat.csv,2026-08-31 01:03:58.550,0.97951909569431,5.870239976188402,0.0228283530357095,0.0023272918885095,0.0175573323522668,0.0285573328747388,0.0374426702600929,0.0414426704500827,0.0465573337296929,1
F_flat,controlled_phase2,session_F_flat.csv,2026-08-31 01:03:58.629,0.980391677818147,5.6807645341010895,0.0220731666300534,0.0004279647532618,0.0170031282423406,0.0279968738950446,0.0359968742750242,0.040003129334782,0.0460031296197667,1
F_flat,controlled_phase2,session_F_flat.csv,2026-08-31 01:03:58.706,0.9811885043802796,5.646206738741993,0.0219614284455502,0.0008120980663286,0.0172226254311868,0.0272226259061613,0.0352226262861409,0.0407773773236653,0.0472226268561103,1
F_flat,controlled_phase2,session_F_flat.csv,2026-08-31 01:03:58.782,0.9826337164869876,5.496872933728328,0.0212915754003217,0.0002531980008366,0.0160298450996493,0.0260298455746238,0.0349701573227206,0.0390298461920907,0.0440298464295779,1
F_flat,controlled_phase2,session_F_flat.csv,2026-08-31 01:03:58.860,0.983959316856118,5.549541524856505,0.0215498723361118,0.0009831212442559,0.0167830844839688,0.0262169175584215,0.0352169179858986,0.0397830855764101,0.0457830858613949,1
F_flat,controlled_phase2,session_F_flat.csv,2026-08-31 01:03:58.940,0.9849274556357084,5.558259988467245,0.0215657942746677,0.0004541024277866,0.0158099976497472,0.0268099981722191,0.0358099985996962,0.0391900049626126,0.0448099990271733,1
F_flat,controlled_phase2,session_F_flat.csv,2026-08-31 01:03:59.015,0.9851923544864314,5.747178932344736,0.0223448771673539,0.0022044243572275,0.0168587957892846,0.0278587963117565,0.0371412067755777,0.0408587969292234,0.0458587971667107,1
F_flat,controlled_phase2,session_F_flat.csv,2026-08-31 01:03:59.097,0.9840023320787694,5.771498696744893,0.0224975760323375,0.0026732946699806,0.0174917544900238,0.0275082476473614,0.0365082480748385,0.0414917556299626,0.046508248549813,1
F_flat,controlled_phase2,session_F_flat.csv,2026-08-31 01:03:59.186,0.9826093808750944,5.80901721650703,0.0226581442768749,0.0041940029060807,0.0177181660478553,0.0277181665228298,0.036281836517007,0.0417181671877942,0.0487181675202763,1
F_flat,controlled_phase2,session_F_flat.csv,2026-08-31 01:03:59.263,0.9820348887151388,5.751513544955828,0.0224182347631893,0.0035652977683876,0.0172623803260593,0.0277376218113259,0.0362623812285108,0.0407376224287928,0.047737622761275,1
F_flat,controlled_phase2,session_F_flat.csv,2026-08-31 01:03:59.341,0.9812671698953588,5.782902891410001,0.0225562112107722,0.0030520606898974,0.0174932489700059,0.0284932494924778,0.0365067535948564,0.0405067537848462,0.0484932504424269,1
F_flat,controlled_phase2,session_F_flat.csv,2026-08-31 01:03:59.419,0.9795471917135948,5.961448516449597,0.0232538935027886,0.0072330150367687,0.0171807822889881,0.0291807828589575,0.0378192203233717,0.0431807835239218,0.0491807838089065,1
F_flat,controlled_phase2,session_F_flat.csv,2026-08-31 01:03:59.494,0.9773596555426116,6.336936289250036,0.0247388785431678,0.0171626086292811,0.0197795366549314,0.0297795371299059,0.0402204661949155,0.0452204664324028,0.0512204667173875,1
F_flat,controlled_phase2,session_F_flat.csv,2026-08-31 01:03:59.573,0.976914974693016,6.3680188993904,0.0249104134080689,0.0212007197775233,0.0197230610818411,0.0297230615568157,0.0407230620792876,0.0462769420529906,0.0522769423379753,1
F_flat,controlled_phase2,session_F_flat.csv,2026-08-31 01:03:59.650,0.975929408333324,6.536283042306527,0.0256289422350835,0.0305013973010884,0.0198231472068948,0.0311768552154751,0.0418231482518387,0.0478231485368234,0.0531768562604191,1
F_flat,controlled_phase2,session_F_flat.csv,2026-08-31 01:03:59.728,0.9752067064569512,6.863884459785296,0.0269987009288684,0.0457279732937363,0.0214162458824392,0.032583756682423,0.0445837572523925,0.0494162472123679,0.05641624754485,1
F_flat,controlled_phase2,session_F_flat.csv,2026-08-31 01:03:59.805,0.9735770194974804,7.071890448356999,0.0278345022029765,0.0512242198173971,0.0227899752751745,0.0337899757976465,0.0452100279546521,0.0502100281921393,0.0577899769375853,1
F_flat,controlled_phase2,session_F_flat.csv,2026-08-31 01:03:59.883,0.9735166478020574,6.927134818882788,0.0273139642696616,0.0426219201543581,0.0220208133772387,0.0330208138997106,0.0440208144221826,0.0490208146596699,0.0569791903750599,1
F_flat,controlled_phase2,session_F_flat.csv,2026-08-31 01:03:59.962,0.974701806400152,6.541189630757682,0.0257800770244667,0.0278593487565693,0.0206117471999514,0.031388255269916,0.0416117481973978,0.0473882560298752,0.0536117487673672,1
F_flat,controlled_phase2,session_F_flat.csv,2026-08-31 01:04:00.052,0.9735672881826986,6.632297585236182,0.026087382233529,0.0299821147905262,0.0205603500091369,0.0314396524607305,0.0434396530306999,0.0475603512915681,0.0544396535531719,1
F_flat,controlled_phase2,session_F_flat.csv,2026-08-31 01:04:00.144,0.973890020215625,6.684151964655959,0.0263131851214303,0.0305038780712697,0.0217746932292849,0.0317746937042594,0.0432253098580494,0.0472253100480392,0.0542253103805213,1
F_flat,controlled_phase2,session_F_flat.csv,2026-08-31 01:04:00.220,0.9736821309379712,6.646721197965506,0.0262010779405685,0.030680832610581,0.0208472147803022,0.0318472153027742,0.0431527882595346,0.0478472160627334,0.0548472163952156,1
F_flat,controlled_phase2,session_F_flat.csv,2026-08-31 01:04:00.301,0.972831096435306,6.816398470111408,0.026790556544805,0.0385430406296624,0.0217035601806464,0.0327035607031184,0.0437035612255903,0.0487035614630776,0.0557035617955598,1
F_flat,controlled_phase2,session_F_flat.csv,2026-08-31 01:04:00.377,0.9737620905220488,6.783245844730105,0.0266889377624068,0.0342474669675207,0.021835218324657,0.0321647842402053,0.0431647847626772,0.0478352195595908,0.0548352198920729,1
F_flat,controlled_phase2,session_F_flat.csv,2026-08-31 01:04:00.455,0.9748753718249268,6.438022631806128,0.0253081736800156,0.0237656395689225,0.020026238564223,0.0300262390391975,0.0410262395616695,0.0460262397991567,0.0530262401316389,1
F_flat,controlled_phase2,session_F_flat.csv,2026-08-31 01:04:00.535,0.975742559366116,6.257986766311563,0.0245228581164061,0.0119470806292056,0.0197869645985286,0.0297869650735032,0.0397869655484777,0.0447869657859649,0.0507869660709496,1
F_flat,controlled_phase2,session_F_flat.csv,2026-08-31 01:04:00.612,0.9747404371771632,6.356629825113789,0.0248593063595176,0.0158150719802419,0.0201195672326951,0.0301195677076696,0.0401195681826441,0.0451195684201314,0.0511195687051161,1
F_flat,controlled_phase2,session_F_flat.csv,2026-08-31 01:04:00.692,0.9729674941301406,6.78437454409855,0.026658621071237,0.0313010019346959,0.0223981377031038,0.0326018649092559,0.0433981387005503,0.0483981389380375,0.0546018659541999,1
F_flat,controlled_phase2,session_F_flat.csv,2026-08-31 01:04:00.769,0.9720514784616322,6.953186311839805,0.0272874669760464,0.0388933181064017,0.0216410620289941,0.0333589405833656,0.0443589411058376,0.0486410633114253,0.056358941675807,1
F_flat,controlled_phase2,session_F_flat.csv,2026-08-31 01:04:00.846,0.9720046049433824,6.968656724314466,0.027305415221585,0.040331521446639,0.0219176480998558,0.0339176486698252,0.0440823550349759,0.048917649382287,0.0560823556049453,1
F_flat,controlled_phase2,session_F_flat.csv,2026-08-31 01:04:00.923,0.9712793430082912,6.984257601277864,0.0273124873541809,0.0414571917623881,0.0216176389034338,0.033382363708926,0.0443823642313979,0.048617640185865,0.0563823648013673,1
F_flat,controlled_phase2,session_F_flat.csv,2026-08-31 01:04:01.001,0.9712810109312844,6.916574263838459,0.0269916335120683,0.0373121474400378,0.0214973850799781,0.0335026175323817,0.0435026180073562,0.0474973863149118,0.0545026185298281,1
F_flat,controlled_phase2,session_F_flat.csv,2026-08-31 01:04:01.080,0.97172530657114,6.789115776970819,0.0264890337137586,0.0293452752599737,0.0214245924874608,0.0324245930099328,0.0434245935324048,0.0465754107423658,0.0535754110748479,1
F_flat,controlled_phase2,session_F_flat.csv,2026-08-31 01:04:01.157,0.9702965955657796,6.921437334432,0.0270604161955369,0.0369626830420406,0.0219252490338355,0.0339252496038049,0.042925250031282,0.0470747542434886,0.0550747546234682,1
F_flat,controlled_phase2,session_F_flat.csv,2026-08-31 01:04:01.234,0.9694830858392324,7.001856783813508,0.0274632011024916,0.0338713661307817,0.022106920302146,0.0341069208721154,0.0431069212995924,0.0478930830226755,0.0551069218695619,1
F_flat,controlled_phase2,session_F_flat.csv,2026-08-31 01:04:01.314,0.9707697529494778,6.955887871576847,0.027161006990698,0.0371830075916653,0.0223388047007282,0.0333388052232002,0.0433388056981747,0.0476611986240933,0.0546611989565755,1
F_flat,controlled_phase2,session_F_flat.csv,2026-08-31 01:04:01.391,0.9703790757225724,6.934056652046002,0.027108835514656,0.0289690123907488,0.0225641559453627,0.0335641564678347,0.0435641569428092,0.0474358473794588,0.0535641574177837,1
F_flat,controlled_phase2,session_F_flat.csv,2026-08-31 01:04:01.468,0.9715549142675132,6.794438146671858,0.0265188912629571,0.0236193346969533,0.0218943599590779,0.0328943604815499,0.0431056431282563,0.0468943611465142,0.0528943614314989,1
F_flat,controlled_phase2,session_F_flat.csv,2026-08-31 01:04:01.547,0.9741220691068124,6.426564494296387,0.0250510454739688,0.0140062394384505,0.0204950505856641,0.0304950510606386,0.0405049523116803,0.0445049525016701,0.0505049527866549,1
F_flat,controlled_phase2,session_F_flat.csv,2026-08-31 01:04:01.625,0.9727800331667604,6.694880756369747,0.0261662321175588,0.0234008517261505,0.0220918426368891,0.0320918431118636,0.0429081604504452,0.046908160640435,0.0529081609254197,1
F_flat,controlled_phase2,session_F_flat.csv,2026-08-31 01:04:01.705,0.9745293042150832,6.613421183938406,0.0258365244090226,0.0253876409973019,0.0211040654087648,0.0318959371086,0.0418959375835745,0.0461040665962011,0.0521040668811858,1
F_flat,controlled_phase2,session_F_flat.csv,2026-08-31 01:04:01.781,0.9757086103293424,6.589932577132608,0.0258629175418487,0.0246481171275045,0.0209632354900113,0.0319632360124833,0.0419632364874578,0.0470367677398153,0.0530367680248,1
F_flat,controlled_phase2,session_F_flat.csv,2026-08-31 01:04:01.860,0.976733988355203,6.4763095260815255,0.0253614343687649,0.0213816865473101,0.0203203664491702,0.0303203669241447,0.0413203674466167,0.0463203676841039,0.0523203679690886,1
F_flat,controlled_phase2,session_F_flat.csv,2026-08-31 01:04:01.937,0.97810151464656,6.374454307090188,0.0249819655914668,0.0166968394878618,0.0200915772842656,0.0300915777592402,0.0399084255655813,0.0450915784717019,0.0509084260880533,1
F_flat,controlled_phase2,session_F_flat.csv,2026-08-31 01:04:02.014,0.978252979971692,6.248433843131293,0.0244412681212443,0.0108926760655523,0.0200640267726667,0.0300640272476412,0.0389359760296829,0.0440640279126055,0.0500640281975902,1
F_flat,controlled_phase2,session_F_flat.csv,2026-08-31 01:04:02.093,0.9785251606327,6.174034320514981,0.0242059635551984,0.0106240251311641,0.0187834954765331,0.029783495999005,0.039216507278319,0.0437834966639694,0.050216507800791,1
F_flat,controlled_phase2,session_F_flat.csv,2026-08-31 01:04:02.170,0.9767219244485328,6.452134095420316,0.0252621657613438,0.013623918758249,0.0208595295530092,0.0311404729168581,0.0401404733443352,0.0458595307404455,0.0508595309779328,1
F_flat,controlled_phase2,session_F_flat.csv,2026-08-31 01:04:02.247,0.9777876685922572,6.28493606014915,0.0246487611877248,0.0147605498686376,0.0200316587334457,0.0300316592084202,0.0390316596358972,0.0449683443538886,0.0509683446388733,1
F_flat,controlled_phase2,session_F_flat.csv,2026-08-31 01:04:02.325,0.9794247531694602,6.056889043960741,0.0237302531350725,0.0080916985979512,0.0186864667805558,0.0293135354993218,0.0386864677305048,0.0433135361642861,0.0496864682529768,1
F_flat,controlled_phase2,session_F_flat.csv,2026-08-31 01:04:02.402,0.9807016752453228,5.987627171075949,0.0234398638516203,0.0054887152015456,0.0181035070511411,0.0298964952287364,0.0371035079535927,0.04210350819108,0.048896496131188,1
F_flat,controlled_phase2,session_F_flat.csv,2026-08-31 01:04:02.480,0.9818271950717872,6.078112672112729,0.0239179323202974,0.0081895226803671,0.0188447183236097,0.0301552840037653,0.0391552844312423,0.0428447194635486,0.0498447197960307,1
F_flat,controlled_phase2,session_F_flat.csv,2026-08-31 01:04:02.558,0.9822094247051936,5.982552287140558,0.0233851837650606,0.0051299551954556,0.0183111007277211,0.029311101250193,0.0383111016776701,0.0416889021221259,0.0483111021526446,1
F_flat,controlled_phase2,session_F_flat.csv,2026-08-31 01:04:02.634,0.9817121925096456,6.07690294015036,0.0238017983169843,0.0068069782506065,0.0188303534299931,0.0298303539524651,0.0388303543799422,0.042830354569932,0.0488303548549167,1
F_flat,controlled_phase2,session_F_flat.csv,2026-08-31 01:04:02.713,0.9823692924974498,6.060638749992101,0.0237216543797072,0.0076541850220264,0.0183423907390581,0.0296576115408194,0.0386576119682965,0.0426576121582863,0.0493423922114791,1
F_flat,controlled_phase2,session_F_flat.csv,2026-08-31 01:04:02.790,0.981714192652388,6.140826443972448,0.0240432453484173,0.0111873524729648,0.0188136365086845,0.0308136370786539,0.0388136374586335,0.0431863664361574,0.0501863667686396,1
F_flat,controlled_phase2,session_F_flat.csv,2026-08-31 01:04:02.867,0.9823005053723646,6.100220706281941,0.0238212115465603,0.0091517807977797,0.0184037254616941,0.0295962768181835,0.0384037264116431,0.0425962774356504,0.0494037269341151,1
F_flat,controlled_phase2,session_F_flat.csv,2026-08-31 01:04:02.945,0.9834613085621812,6.032066286599867,0.0235694959838045,0.006164928407283,0.0178373925742945,0.0288373930967664,0.0388373935717409,0.04316261032305,0.0491626106080347,1
F_flat,controlled_phase2,session_F_flat.csv,2026-08-31 01:04:03.021,0.9844735081732008,5.955718999396142,0.0232811193201738,0.0057762610030593,0.0177800721918237,0.0287800727142957,0.0377800731417727,0.0417800733317625,0.0477800736167473,1
F_flat,controlled_phase2,session_F_flat.csv,2026-08-31 01:04:03.098,0.9850948800138236,5.90100030571814,0.0230161226540213,0.0033927244908141,0.0170298146525191,0.0280298151749911,0.0370298156024682,0.0419701881498304,0.0470298160774427,1
F_flat,controlled_phase2,session_F_flat.csv,2026-08-31 01:04:03.180,0.9840841680326516,5.949505915063875,0.0232295447391499,0.0062430249389509,0.0179740895378263,0.0289740900602982,0.0379740904877753,0.0420259133120207,0.0489740910102473,1
F_flat,controlled_phase2,session_F_flat.csv,2026-08-31 01:04:03.259,0.9815637481532176,6.120901046836854,0.0239265670419496,0.0065720900123981,0.018813897737034,0.0301861045903411,0.0391861050178181,0.0428138988769728,0.0488138991619575,1
F_flat,controlled_phase2,session_F_flat.csv,2026-08-31 01:04:03.337,0.98012382505501,6.213025597669014,0.0242915206268541,0.0072420830864441,0.0196856945290685,0.029685695004043,0.0396856954790175,0.0436856956690073,0.0493143087482556,1
F_flat,controlled_phase2,session_F_flat.csv,2026-08-31 01:04:03.412,0.9798688559869908,6.277559414648636,0.0245310930299759,0.0184506300215129,0.0198927106959176,0.0308927112183896,0.0398927116458667,0.0451072923914166,0.0518927122158361,1
F_flat,controlled_phase2,session_F_flat.csv,2026-08-31 01:04:03.489,0.9797891243661302,6.357147866414397,0.0247953969528158,0.0172436502535508,0.0197694014175595,0.0307694019400315,0.03923060138479,0.0437694025574983,0.0512306019547594,1
F_flat,controlled_phase2,session_F_flat.csv,2026-08-31 01:04:03.565,0.9808197400980104,6.273307593643066,0.0244875433795374,0.0132432165545692,0.0193693736501612,0.0296306286772138,0.0403693746476077,0.0436306293421782,0.0506306296746603,1
F_flat,controlled_phase2,session_F_flat.csv,2026-08-31 01:04:03.643,0.9793173981132516,6.338216896755198,0.0247058804908302,0.0127612111668799,0.0199662553633753,0.0309662558858473,0.0400337474864717,0.0449662565508116,0.0509662568357963,1
F_flat,controlled_phase2,session_F_flat.csv,2026-08-31 01:04:03.721,0.9797880740153536,6.333188806976309,0.0246771176860157,0.0124147923732999,0.0190513065985691,0.0309486957763034,0.0399486962037805,0.0450513078335028,0.0509486967262524,1
F_flat,controlled_phase2,session_F_flat.csv,2026-08-31 01:04:03.796,0.9778449470642347,6.380054705983979,0.0248895594377588,0.0153940081112903,0.0203563744351066,0.0306436279872633,0.0396436284147404,0.0446436286522277,0.0513563759075276,1
F_flat,controlled_phase2,session_F_flat.csv,2026-08-31 01:04:03.874,0.9781067000779254,6.446531064849932,0.0251423722625946,0.0176448777508778,0.0200745936381743,0.0309254087841956,0.0409254092591702,0.0450745948256106,0.0510745951105953,1
F_flat,controlled_phase2,session_F_flat.csv,2026-08-31 01:04:03.952,0.97669756920681,6.411564272351348,0.0249232120520643,0.0181292924888259,0.0202037074896583,0.0302037079646328,0.0392037083921099,0.0452037086770946,0.0512037089620793,1
F_flat,controlled_phase2,session_F_flat.csv,2026-08-31 01:04:04.030,0.9761156062588346,6.399352020002351,0.0250606716222382,0.0148032214940167,0.0200413238947313,0.0300413243697058,0.0399586789551157,0.0459586792401004,0.0510413253671523,1
F_flat,controlled_phase2,session_F_flat.csv,2026-08-31 01:04:04.109,0.9757126563145366,6.44947067590376,0.0252333051641218,0.0106430396260259,0.0208129922371371,0.0308129927121116,0.0401870106602073,0.0451870108976946,0.0501870111351818,1
F_flat,controlled_phase2,session_F_flat.csv,2026-08-31 01:04:04.187,0.9758427173598118,6.442285521325985,0.0251931956187786,0.0143675350222251,0.0206535716720899,0.0296535720995669,0.0403464312252546,0.0453464314627418,0.0513464317477265,1
F_flat,controlled_phase2,session_F_flat.csv,2026-08-31 01:04:04.265,0.9761247208426008,6.4953345716697095,0.0254128621553376,0.0154742874541915,0.0208622004493556,0.0311378020205118,0.041862201446802,0.0458622016367918,0.0518622019217765,1
F_flat,controlled_phase2,session_F_flat.csv,2026-08-31 01:04:04.341,0.9782969825813438,6.498426802934241,0.0253619765151112,0.0202283458556426,0.0205738535229238,0.0314261489469436,0.0404261493744206,0.0455738547103601,0.0515738549953448,1
F_flat,controlled_phase2,session_F_flat.csv,2026-08-31 01:04:04.420,0.9774339656964534,6.527005187391241,0.025536499817482,0.0128318342872717,0.0205440838321556,0.0314559186377118,0.0404559190651888,0.0455440850195919,0.0504559195401633,1
F_flat,controlled_phase2,session_F_flat.csv,2026-08-31 01:04:04.495,0.981347631467906,6.195992850052984,0.024211113134005,0.0110306223246624,0.019180354329962,0.0301803548524339,0.039180355279911,0.0431803554699008,0.050180355802383,1
F_flat,controlled_phase2,session_F_flat.csv,2026-08-31 01:04:04.573,0.981475054784827,6.247237824954626,0.0244127457792549,0.0072218807621389,0.0191519238177366,0.0308480785571358,0.0391519247676857,0.0431519249576755,0.04884807941209,1
F_flat,controlled_phase2,session_F_flat.csv,2026-08-31 01:04:04.651,0.9808084044050288,6.240677057243705,0.0243713339120689,0.0073895141367005,0.0191075057112909,0.0308924966635816,0.0391075066612399,0.0441075068987272,0.0491075071362144,1
F_flat,controlled_phase2,session_F_flat.csv,2026-08-31 01:04:04.731,0.9825320310019688,6.090408203371562,0.0237386362561064,0.0033458067356372,0.0186480528337869,0.0303519494935882,0.0383519498735678,0.0423519500635576,0.0483519503485423,1
F_flat,controlled_phase2,session_F_flat.csv,2026-08-31 01:04:04.808,0.9814542960467284,6.173170698732937,0.0240899289672816,0.0064312210540178,0.0188845242622732,0.0301154780651018,0.0388845252122223,0.0421154786350712,0.0491154789675534,1
F_flat,controlled_phase2,session_F_flat.csv,2026-08-31 01:04:04.887,0.9803978257956576,6.1926559441761855,0.0241888432068312,0.0041945756011859,0.0198948620408154,0.030105140334057,0.0378948628957696,0.0428948631332568,0.0478948633707441,1
F_flat,controlled_phase2,session_F_flat.csv,2026-08-31 01:04:04.963,0.9808620818134955,6.10255616624169,0.0238537315018964,0.0034473294175769,0.0188766106567049,0.0301233916706701,0.038876611606654,0.0428766117966438,0.0481233925256242,1
F_flat,controlled_phase2,session_F_flat.csv,2026-08-31 01:04:05.042,0.9815031461294992,6.01718903797757,0.0235260616873487,0.0018225535512346,0.0188994091167314,0.0301005932106436,0.0371005935431257,0.0418994102091728,0.0478994104941575,1
F_flat,controlled_phase2,session_F_flat.csv,2026-08-31 01:04:05.119,0.9807409319993592,6.084547900508904,0.0237739091599814,0.001778890499407,0.0191575864504117,0.0298424158769633,0.0378424162569429,0.0421575875428531,0.0478424167319174,1
F_flat,controlled_phase2,session_F_flat.csv,2026-08-31 01:04:05.196,0.9815592914132292,6.031979938136172,0.0236144271469662,0.0019105762473647,0.0180059631707678,0.0299940391091098,0.0379940394890894,0.0419940396790792,0.0470059645481939,1
F_flat,controlled_phase2,session_F_flat.csv,2026-08-31 01:04:05.274,0.9810003727528755,5.947706655793002,0.0232763172265694,0.0016147103407368,0.0189968373881643,0.0300031649392107,0.0369968382431185,0.0410031654616827,0.046996838718093,1
F_flat,controlled_phase2,session_F_flat.csv,2026-08-31 01:04:05.353,0.9818293069797768,5.936249735731924,0.023285102081489,0.000131743626902,0.0187382263033635,0.0292617759765141,0.0367382271583176,0.0412617765464835,0.0457382275857947,1
F_flat,controlled_phase2,session_F_flat.csv,2026-08-31 01:04:05.429,0.9823378491438264,5.906340009583653,0.0230615800431672,0.0002092349708722,0.0184323463995129,0.0294323469219849,0.036432347254467,0.0405676564028366,0.0464323477294416,1
F_flat,controlled_phase2,session_F_flat.csv,2026-08-31 01:04:05.506,0.9821822222736928,5.890453783483576,0.0230061982776228,0.000506580034139,0.0187024291686986,0.0287024296436732,0.0367024300236528,0.0412975736811483,0.0457024304511298,1
F_flat,controlled_phase2,session_F_flat.csv,2026-08-31 01:04:05.584,0.9819276159702152,5.921564114113628,0.0231782429659267,0.0006590726847325,0.0183751889831034,0.0296248132967742,0.0366248136292564,0.0413751900755448,0.0466248141042309,1
F_flat,controlled_phase2,session_F_flat.csv,2026-08-31 01:04:05.660,0.9820288424553832,5.904378461848897,0.0230411167130004,0.0012892135797163,0.0182518823474199,0.0287481198849602,0.0367481202649399,0.0407481204549297,0.0477481207874118,1
F_flat,controlled_phase2,session_F_flat.csv,2026-08-31 01:04:05.737,0.980964860799182,5.81886653561799,0.0227899799071525,0.0008016604254291,0.0180669669577823,0.0289330352745978,0.03593303560708,0.0400669680027262,0.046933036129552,1
F_flat,controlled_phase2,session_F_flat.csv,2026-08-31 01:04:05.813,0.9807772452814856,5.902778231691223,0.02308314826936,0.0006150264131879,0.0182264404119077,0.0292264409343797,0.036773562200452,0.0412264415043491,0.0472264417893338,1
F_flat,controlled_phase2,session_F_flat.csv,2026-08-31 01:04:05.890,0.9802120296249756,6.018951565729372,0.0235439386684661,6.588628028023632e-05,0.0190402464405676,0.0299597558868074,0.0370402472955218,0.0419597564567768,0.0470402477704963,1
F_flat,controlled_phase2,session_F_flat.csv,2026-08-31 01:04:05.968,0.9806912471037216,5.997036940657464,0.0234941189156257,0.00206459548205,0.0187711602498005,0.0302288420775745,0.0367711611047546,0.0412288426000465,0.0472288428850312,1
F_flat,controlled_phase2,session_F_flat.csv,2026-08-31 01:04:06.050,0.9807577112932088,5.963162235078267,0.0233274601096352,0.001395083155744,0.0183398299459462,0.0293398304684182,0.0366601726664135,0.0416601729039007,0.0473398313233723,1
F_flat,controlled_phase2,session_F_flat.csv,2026-08-31 01:04:06.123,0.9814997204608724,5.96088278006695,0.0233720110415089,0.0009444011288887,0.0186149268145613,0.0296149273370333,0.0373850758452959,0.0413850760352857,0.0473850763202704,1
F_flat,controlled_phase2,session_F_flat.csv,2026-08-31 01:04:06.203,0.981079877162493,5.93379400015322,0.0232109494835227,0.0001977478714638,0.0189097180088472,0.0290902842710304,0.03709028465101,0.0410902848409998,0.0470902851259845,1
F_flat,controlled_phase2,session_F_flat.csv,2026-08-31 01:04:06.282,0.981751764000675,5.894624187131812,0.0230533746045278,0.0004721072451993,0.0188140565144406,0.0298140570369126,0.0361859460979191,0.0408140575593846,0.0468140578443693,1
F_flat,controlled_phase2,session_F_flat.csv,2026-08-31 01:04:06.359,0.9813216382606332,5.985931135018167,0.0234079697352288,0.0012519768054823,0.0190559664647653,0.0299440358626097,0.0370559673197194,0.0419440364325791,0.047055967794694,1
F_flat,controlled_phase2,session_F_flat.csv,2026-08-31 01:04:06.440,0.9805414416188496,5.956076630417868,0.0232955991137563,0.0003514899880273,0.0185997306755114,0.0295997311979834,0.0374002719843458,0.0414002721743356,0.0474002724593203,1
F_flat,controlled_phase2,session_F_flat.csv,2026-08-31 01:04:06.516,0.9794239524639669,6.052141371072256,0.0236319616342058,0.0022852371482877,0.0194315811424651,0.0294315816174396,0.0375684215648896,0.0425684218023768,0.0474315824723937,1
F_flat,controlled_phase2,session_F_flat.csv,2026-08-31 01:04:06.592,0.9796032366328216,6.062917619308212,0.0236775310774778,0.001745488077987,0.0194430145800166,0.0294430150549911,0.0375569881273381,0.0425569883648253,0.0475569886023126,1
F_flat,controlled_phase2,session_F_flat.csv,2026-08-31 01:04:06.670,0.9800609983105016,6.057610872371459,0.023684702297861,0.0022844339985282,0.0193051705471536,0.0293051710221281,0.037694832160201,0.0426948323976883,0.0483051719245797,1
F_flat,controlled_phase2,session_F_flat.csv,2026-08-31 01:04:06.749,0.9800578707906932,6.051896867082846,0.023668726184072,0.0025694520698363,0.0191655768409187,0.0298344254864563,0.0378344258664359,0.0421655779333601,0.0481655782183448,1
F_flat,controlled_phase2,session_F_flat.csv,2026-08-31 01:04:06.825,0.9802213633767888,5.930066991784978,0.0231776355077509,0.0007797056885569,0.0182566668016938,0.0292566673241657,0.036743335810666,0.0417433360481532,0.0462566681316224,1
F_flat,controlled_phase2,session_F_flat.csv,2026-08-31 01:04:06.904,0.9785302653604094,5.9516912975635465,0.0232590635025313,0.0019429769025891,0.0187466279698389,0.0287466284448134,0.0372533746900183,0.0417466290622803,0.0467466292997675,1
F_flat,controlled_phase2,session_F_flat.csv,2026-08-31 01:04:06.980,0.9768908903229272,6.152568389060682,0.024003895753959,0.0039943250027283,0.019963189860129,0.0299631903351035,0.0379631907150831,0.0430368131322104,0.0480368133696976,1
F_flat,controlled_phase2,session_F_flat.csv,2026-08-31 01:04:07.059,0.9765220405172031,6.077109069662159,0.0237178009216298,0.0015167055845317,0.0191788521428606,0.028821150137017,0.037821150564494,0.042178853235302,0.0478211510394686,1
F_flat,controlled_phase2,session_F_flat.csv,2026-08-31 01:04:07.136,0.9761384377675374,6.098519962925768,0.0238778816397863,0.0042866623872575,0.0195434169847507,0.0285434174122277,0.0385434178872022,0.0424565859600912,0.0485434183621767,1
F_flat,controlled_phase2,session_F_flat.csv,2026-08-31 01:04:07.216,0.9751966609026872,6.028236088599462,0.023587510031134,0.0010733103493137,0.0196705922307317,0.0286705926582088,0.0373294104766229,0.0416705932756756,0.0473294109515974,1
F_flat,controlled_phase2,session_F_flat.csv,2026-08-31 01:04:07.294,0.9746085291625446,6.096385198291444,0.023862969859683,0.001799575040111,0.0198782260861797,0.0298782265611542,0.0378782269411338,0.0418782271311236,0.0471217770961495,1
F_flat,controlled_phase2,session_F_flat.csv,2026-08-31 01:04:07.371,0.9740156967360356,6.013667649724916,0.0235139486943945,0.0006722761970853,0.0197081029485759,0.028708103376053,0.03770810380353,0.0412918999487685,0.0467081042310071,1
F_flat,controlled_phase2,session_F_flat.csv,2026-08-31 01:04:07.449,0.9741639860608802,6.066100966245586,0.0237790657196377,0.0054883670481045,0.0195507249375037,0.0285507253649808,0.0374492777698509,0.0425507260299451,0.0484492782923229,1
F_flat,controlled_phase2,session_F_flat.csv,2026-08-31 01:04:07.526,0.9729204636933014,6.1563926702386045,0.0241477596679634,0.0038262824531442,0.0202603827258651,0.0297396196490074,0.0382603835808192,0.042260383770809,0.0472603840082963,1
F_flat,controlled_phase2,session_F_flat.csv,2026-08-31 01:04:07.604,0.9742858535677592,6.196165046636261,0.0242301801263619,0.0015291349000639,0.0201471666349096,0.0298528357399628,0.0381471674898638,0.0428528363574297,0.047852836594917,1
F_flat,controlled_phase2,session_F_flat.csv,2026-08-31 01:04:07.682,0.9745954163592668,6.095737158180585,0.0238832800603348,0.0022863706304314,0.0204506435390234,0.0294506439665005,0.0384506443939776,0.0415493594058185,0.0474506448214546,1
F_flat,controlled_phase2,session_F_flat.csv,2026-08-31 01:04:07.757,0.976089297176084,5.980568689194345,0.0234467309142957,0.0012623377188686,0.0196031480696193,0.0286031484970964,0.036603148877076,0.0413968548277251,0.0466031493520505,1
F_flat,controlled_phase2,session_F_flat.csv,2026-08-31 01:04:07.834,0.9762432808001056,5.962883925414037,0.0234020199454531,0.0024371402770071,0.0192533329422066,0.028746669337671,0.0367466697176506,0.0417466699551378,0.0477466702401225,1
F_flat,controlled_phase2,session_F_flat.csv,2026-08-31 01:04:07.912,0.975644490785069,6.04711052271253,0.0237656296785237,0.002721014689143,0.0190941415107497,0.0289058607691279,0.0380941424132013,0.0420941426031911,0.0479058616715795,1
F_flat,controlled_phase2,session_F_flat.csv,2026-08-31 01:04:07.991,0.9761321156674796,6.022248850237808,0.0236856845703261,0.0008597329386542,0.0192326620590148,0.0292326625339893,0.0377673406483398,0.0417673408383296,0.0467673410758169,1
F_flat,controlled_phase2,session_F_flat.csv,2026-08-31 01:04:08.067,0.974730878271129,6.039956652864026,0.0236226717891602,0.0013668019005054,0.0204392325244096,0.0294392329518866,0.0365607701829451,0.041439233521856,0.0465607706579196,1
F_flat,controlled_phase2,session_F_flat.csv,2026-08-31 01:04:08.145,0.9738215446253748,6.120688225732368,0.023947481042783,0.0012471938139186,0.0200016060342379,0.0299983963406346,0.0379983967206142,0.0410016070316844,0.0469983971480912,1
F_flat,controlled_phase2,session_F_flat.csv,2026-08-31 01:04:08.223,0.9739709707956024,6.228986863809071,0.0243748368116155,0.0019949043204857,0.0207541832376274,0.0307541837126019,0.0377541840450841,0.0422458197547119,0.0472458199921992,1
F_flat,controlled_phase2,session_F_flat.csv,2026-08-31 01:04:08.303,0.9745530296601556,6.378003094675931,0.0250238686141463,0.0022982275462084,0.0212898161773456,0.0312898166523201,0.0397101867199989,0.0432898172222895,0.0477101870999785,1
F_flat,controlled_phase2,session_F_flat.csv,2026-08-31 01:04:08.380,0.975134291999024,6.362643410152794,0.0250117674949573,0.0030252428868841,0.0216596449392567,0.0313403575781081,0.0393403579580877,0.0433403581480775,0.0476596461741904,1
F_flat,controlled_phase2,session_F_flat.csv,2026-08-31 01:04:08.457,0.9754972767018304,6.432478722460369,0.0253182440052469,0.0031645912583585,0.0216120568186949,0.0316120572936694,0.039612057673649,0.0426120578161414,0.0476120580536286,1
F_flat,controlled_phase2,session_F_flat.csv,2026-08-31 01:04:08.534,0.9758996879298066,6.699557841173565,0.0265591903086722,0.0093259625220362,0.0223631586132844,0.0336368440465728,0.0423631595632334,0.0456368446165422,0.049636844806532,1
F_flat,controlled_phase2,session_F_flat.csv,2026-08-31 01:04:08.610,0.9756348374628814,6.879623854871081,0.0272475231317547,0.0198766799105495,0.0233719696721705,0.0343719701946425,0.0426280334626612,0.0473719708121094,0.0523719710495966,1
F_flat,controlled_phase2,session_F_flat.csv,2026-08-31 01:04:08.689,0.975731292267774,7.121781571788199,0.0280944740761727,0.0404941286784347,0.0239855872356158,0.0349855877580878,0.0450144160417083,0.0490144162316981,0.0540144164691853,1
F_flat,controlled_phase2,session_F_flat.csv,2026-08-31 01:04:08.765,0.9765215307572817,7.253486292398985,0.0284662251839313,0.0461314730580825,0.0238143380800356,0.035814338650005,0.0458143391249795,0.0498143393149693,0.0538143395049591,1
F_flat,controlled_phase2,session_F_flat.csv,2026-08-31 01:04:08.844,0.9768135229586504,7.334505334146897,0.0287926567370561,0.053520079596768,0.0235928877061412,0.0364071151437058,0.0464071156186803,0.0504071158086701,0.0544071159986599,1
F_flat,controlled_phase2,session_F_flat.csv,2026-08-31 01:04:08.918,0.9786451132366468,7.148118790455039,0.0281428053562514,0.0436022686293151,0.0226256772376622,0.0356256778551291,0.0453743259921644,0.0493743261821542,0.0546256787575807,1
F_flat,controlled_phase2,session_F_flat.csv,2026-08-31 01:04:08.998,0.9785393100819008,7.419972293691614,0.0290900890696073,0.0634769681467392,0.0236308683968424,0.0363691344530046,0.0466308694892838,0.0513691351654663,0.057369135450451,1
F_flat,controlled_phase2,session_F_flat.csv,2026-08-31 01:04:09.073,0.9782690637685824,7.470650409131948,0.0292116553888276,0.0673540570978711,0.024247428904624,0.0362474294745934,0.0472474299970654,0.0517525747051822,0.055752574895172,1
F_flat,controlled_phase2,session_F_flat.csv,2026-08-31 01:04:09.152,0.9778498835789255,7.299712320557266,0.0285721195111961,0.0525959047129691,0.0231773031966089,0.0348226995582432,0.0461773042890503,0.0501773044790401,0.0561773047640248,1
F_flat,controlled_phase2,session_F_flat.csv,2026-08-31 01:04:09.233,0.9770878401428612,7.391716965711254,0.0289566446613367,0.058597124268766,0.0234360734984798,0.0365639293513672,0.0465639298263417,0.0505639300163315,0.0564360750658957,1
F_flat,controlled_phase2,session_F_flat.csv,2026-08-31 01:04:09.312,0.9779573754407086,7.236195141614422,0.0283652571622024,0.0489019993444772,0.0232847492759651,0.034715253478887,0.045715254001359,0.0497152541913488,0.054715254428836,1
F_flat,controlled_phase2,session_F_flat.csv,2026-08-31 01:04:09.388,0.9779710278661926,7.196306401211436,0.0282438853036567,0.0435675581192099,0.0234150618532849,0.0355849409490647,0.0454150628982288,0.049584941614029,0.0545849418515163,1
F_flat,controlled_phase2,session_F_flat.csv,2026-08-31 01:04:09.463,0.9772953155870604,7.08348656325976,0.0278316752781263,0.0330733774602966,0.0231793706533562,0.0348206321014958,0.0448206325764704,0.0488206327664602,0.0541793721257772,1
F_flat,controlled_phase2,session_F_flat.csv,2026-08-31 01:04:09.545,0.9774889498224876,6.934524758532255,0.0273082738651568,0.0320624863447673,0.0232067304009276,0.0342067309233996,0.0437932727814015,0.0482067315883639,0.0527932732088786,1
F_flat,controlled_phase2,session_F_flat.csv,2026-08-31 01:04:09.619,0.9754524893282476,7.023975673812289,0.0277192970850559,0.0342320048623773,0.0237781877231342,0.0342218150317179,0.0447781887205807,0.0482218156966822,0.0537781891480577,1
F_flat,controlled_phase2,session_F_flat.csv,2026-08-31 01:04:09.697,0.9726352253507864,6.967944073295992,0.0274926494895009,0.0219444895309203,0.0228815679320252,0.0341184347753295,0.0438815689294717,0.0461184353452989,0.0521184356302836,1
F_flat,controlled_phase2,session_F_flat.csv,2026-08-31 01:04:09.775,0.9714575518402252,7.076150972056583,0.0278181554282679,0.0332682705891233,0.0238675966518693,0.0351324061504803,0.0441324065779573,0.0481324067679471,0.0528675980292954,1
F_flat,controlled_phase2,session_F_flat.csv,2026-08-31 01:04:09.854,0.9711286268552992,7.114017437546636,0.0280520861802767,0.0349148156135432,0.0236235616137561,0.034623562136228,0.0443764416160705,0.0476235627536949,0.0536235630386796,1
F_flat,controlled_phase2,session_F_flat.csv,2026-08-31 01:04:09.931,0.9708996222482844,7.140441422392483,0.0281218787954604,0.032942393928941,0.0238770384745606,0.0358770390445301,0.0438770394245097,0.0471229648977583,0.053122965182743,1
F_flat,controlled_phase2,session_F_flat.csv,2026-08-31 01:04:10.009,0.9715923613549318,7.021127681422312,0.0276967032326486,0.0198504213634502,0.023228701234778,0.0347713015200741,0.0437713019475511,0.0467713020900435,0.0517713023275308,1
F_flat,controlled_phase2,session_F_flat.csv,2026-08-31 01:04:10.089,0.972036540141234,6.9134102955193,0.0272658942893869,0.0178486742832507,0.0230307512555747,0.0339692514517799,0.0439692519267544,0.0469692520692468,0.0510307525855033,1
F_flat,controlled_phase2,session_F_flat.csv,2026-08-31 01:04:10.165,0.9725739875628616,6.905157546091743,0.0272850924044493,0.0235542331620232,0.0232209369969033,0.0337790657104514,0.0432209379468523,0.0462209380893446,0.0532209384218268,1
F_flat,controlled_phase2,session_F_flat.csv,2026-08-31 01:04:10.245,0.9727743133052756,6.791390873101009,0.02682217233339,0.0177582027530083,0.0223524489016981,0.0333524494241701,0.0433524498991446,0.046352450041637,0.0516475546131132,1
F_flat,controlled_phase2,session_F_flat.csv,2026-08-31 01:04:10.320,0.9735099972996004,7.018719730719688,0.0276097985368703,0.0269464000954622,0.0227617901311687,0.0342382125761859,0.0447617911761126,0.0482382132411502,0.0532382134786375,1
F_flat,controlled_phase2,session_F_flat.csv,2026-08-31 01:04:10.398,0.9731035955524034,7.007252851196373,0.0275514630951082,0.0236061954086437,0.0227792761195694,0.0342207265877853,0.0437792771170159,0.0477792773070057,0.0532207274902368,1
F_flat,controlled_phase2,session_F_flat.csv,2026-08-31 01:04:10.476,0.9719349207980992,7.029990339440746,0.0276350681118471,0.037067776149004,0.0233482377218988,0.0336517649854558,0.0436517654604303,0.0483482389093351,0.0543482391943198,1
F_flat,controlled_phase2,session_F_flat.csv,2026-08-31 01:04:10.555,0.9725203978692162,7.007308548918179,0.0277508002387246,0.031186088537327,0.0230884843187015,0.0340884848411735,0.044088485316148,0.0480884855061378,0.0540884857911225,1
F_flat,controlled_phase2,session_F_flat.csv,2026-08-31 01:04:10.648,0.97315802667855,7.162026501722172,0.028230721388714,0.0303043417109348,0.0237968830612869,0.0357968836312563,0.0447968840587333,0.0487968842487231,0.0537968844862104,1
F_flat,controlled_phase2,session_F_flat.csv,2026-08-31 01:04:10.723,0.9755277697532148,6.960915234560218,0.0272875218203813,0.0318872017353579,0.0226719750464922,0.0336719755689641,0.0446719760914361,0.0483280283258268,0.0546719765664106,1
F_flat,controlled_phase2,session_F_flat.csv,2026-08-31 01:04:10.803,0.974837020544202,7.277347096268051,0.0285843263671936,0.049557080203222,0.023539136555975,0.0355391371259444,0.0464608667688465,0.0495391377909087,0.0554608671963235,1
F_flat,controlled_phase2,session_F_flat.csv,2026-08-31 01:04:10.880,0.9754829286283534,7.208152010149216,0.0284330239845655,0.0426874294153418,0.0235013259359906,0.03550132650596,0.0464986773888309,0.0494986775313233,0.0545013274084116,1
F_flat,controlled_phase2,session_F_flat.csv,2026-08-31 01:04:10.956,0.9784194013111354,6.7660712775227285,0.0266044534514717,0.0319124562226562,0.0217116542601341,0.0322883483047282,0.0427116552575805,0.0482883490646874,0.0522883492546772,1
F_flat,controlled_phase2,session_F_flat.csv,2026-08-31 01:04:11.035,0.9805238405749888,6.807979075094176,0.0266972958426242,0.0251662910230333,0.0212867472042386,0.0327132553606237,0.0432867482491825,0.0472867484391723,0.0527132563105727,1
F_flat,controlled_phase2,session_F_flat.csv,2026-08-31 01:04:11.113,0.9813692222397749,6.6648158148530445,0.0262612182743528,0.019364901527883,0.0202534032752285,0.0332534038926953,0.0422534043201724,0.0462534045101622,0.0522534047951469,1
F_flat,controlled_phase2,session_F_flat.csv,2026-08-31 01:04:11.191,0.980767746420834,6.734402187357064,0.026409570899839,0.0235189436797644,0.0205582930244051,0.0334417095404572,0.0424417099679342,0.0474417102054215,0.0525582945443235,1
F_flat,controlled_phase2,session_F_flat.csv,2026-08-31 01:04:11.267,0.9792738132559026,6.896534409466529,0.0269513927252559,0.0301566436630518,0.0219733278045489,0.0329733283270209,0.0430266752827853,0.0479733290394827,0.0529733292769699,1
F_flat,controlled_phase2,session_F_flat.csv,2026-08-31 01:04:11.343,0.9785802813137264,6.95383684010822,0.0272058184453952,0.0390593426758271,0.021738218240029,0.0332617843723307,0.0442617848948027,0.0492617851322899,0.0542617853697772,1
F_flat,controlled_phase2,session_F_flat.csv,2026-08-31 01:04:11.425,0.9775505201325608,7.128472538447362,0.027968732795131,0.0485650008736676,0.0227292296310394,0.0347292302010088,0.0452707735987872,0.0497292309134705,0.0547292311509578,1
F_flat,controlled_phase2,session_F_flat.csv,2026-08-31 01:04:11.500,0.9764714005465672,7.243085180693438,0.0282423721800147,0.0497594576864202,0.0230006789844482,0.0340006795069202,0.0459993242928759,0.0499993244828657,0.0549993247203529,1
F_flat,controlled_phase2,session_F_flat.csv,2026-08-31 01:04:11.579,0.9765831082744572,7.127232438210794,0.0278909711613791,0.0507163229846244,0.0227500803077506,0.0342499223996041,0.045249922922076,0.0502499231595633,0.0567500819226639,1
F_flat,controlled_phase2,session_F_flat.csv,2026-08-31 01:04:11.658,0.978228105190909,7.011531603143555,0.0273197132956537,0.0401023051447683,0.0223171688688641,0.0336828337909931,0.044682834313465,0.0493171701512953,0.0546828347884396,1
F_flat,controlled_phase2,session_F_flat.csv,2026-08-31 01:04:11.734,0.9788135450239148,7.011461850435002,0.0273192720960291,0.0385624344176285,0.0219847968644386,0.033984797434408,0.0440152062703931,0.0489847981468698,0.0539847983843571,1
F_flat,controlled_phase2,session_F_flat.csv,2026-08-31 01:04:11.812,0.9787654826208466,7.06856830414236,0.0276423476610411,0.0477892160076934,0.0218878772444574,0.0341121254153998,0.0451121259378718,0.049887878574386,0.0548878788118732,1
F_flat,controlled_phase2,session_F_flat.csv,2026-08-31 01:04:11.887,0.9786832115777596,6.929674942606395,0.027246545654567,0.0372501282793104,0.0216597497105082,0.0333402529018516,0.0446597508029495,0.0486597509929394,0.0536597512304266,1
F_flat,controlled_phase2,session_F_flat.csv,2026-08-31 01:04:11.966,0.9785721728228924,7.093341017258541,0.0277843666436935,0.0492238450530363,0.0224549338289208,0.0335450688309364,0.0454549349213622,0.0495450695908956,0.0545450698283829,1
F_flat,controlled_phase2,session_F_flat.csv,2026-08-31 01:04:12.044,0.9783219642760168,7.031120793439009,0.0277269761569056,0.0476086505605834,0.0220425660844652,0.033957436575392,0.0450425671769065,0.0499574373353512,0.0549574375728385,1
F_flat,controlled_phase2,session_F_flat.csv,2026-08-31 01:04:12.122,0.9778524305082,7.092549584262139,0.027662301525569,0.0462836471732549,0.022480443904454,0.0344804444744234,0.0445195592778752,0.0495195595153624,0.0545195597528497,1
F_flat,controlled_phase2,session_F_flat.csv,2026-08-31 01:04:12.197,0.9781661149758928,7.01736982623495,0.0273328216830788,0.0379216860884584,0.0219052132226057,0.0339052137925751,0.0449052143150471,0.0489052145050369,0.0539052147425241,1
F_flat,controlled_phase2,session_F_flat.csv,2026-08-31 01:04:12.290,0.9786473548029918,7.032154417092683,0.027463722687696,0.0382938740726982,0.021866458664053,0.0338664592340224,0.0448664597564943,0.0488664599464842,0.0538664601839714,1
F_flat,controlled_phase2,session_F_flat.csv,2026-08-31 01:04:12.364,0.9786729040928078,6.952393215335409,0.0271312629610086,0.0429017671858275,0.0218946361346333,0.0331053664777264,0.0438946371795773,0.049894637464562,0.0538946376545518,1
F_flat,controlled_phase2,session_F_flat.csv,2026-08-31 01:04:12.445,0.9777232287021568,7.107888790095329,0.0277564527084611,0.0387628235242704,0.0229601129652121,0.0340398897421425,0.044960114010156,0.0490398904546043,0.0540398906920915,1
F_flat,controlled_phase2,session_F_flat.csv,2026-08-31 01:04:12.521,0.9772954340539765,7.1585951925760325,0.0279173112881594,0.0428896125183032,0.022895842160991,0.0341041605463636,0.0451041610688356,0.0491041612588254,0.0541041614963127,1
F_flat,controlled_phase2,session_F_flat.csv,2026-08-31 01:04:12.600,0.9781078289389032,7.117552595340425,0.0277161917844081,0.044297090921008,0.0222822243244262,0.0342822248943956,0.0447177788579029,0.0497177790953902,0.0552822258918421,1
F_flat,controlled_phase2,session_F_flat.csv,2026-08-31 01:04:12.680,0.9772359538779288,7.124859188183754,0.0278417283674247,0.0462889153390043,0.0224501796046054,0.0344501801745749,0.0454501806970468,0.049549823815211,0.0554740954747837,1
F_flat,controlled_phase2,session_F_flat.csv,2026-08-31 01:04:12.757,0.9772661912317412,6.937266981275903,0.0272289305230173,0.0364791407426812,0.0222976957345699,0.0337023069252873,0.0442976967795138,0.0482976969695037,0.0542976972544884,1
F_flat,controlled_phase2,session_F_flat.csv,2026-08-31 01:04:12.833,0.9772308406868054,7.080250395165791,0.0277879560138497,0.0444216342531421,0.0231887602876654,0.0341887608101374,0.0451887613326094,0.0491887615225992,0.0538112433696382,1
F_flat,controlled_phase2,session_F_flat.csv,2026-08-31 01:04:12.908,0.9779749650180912,7.0655226066932535,0.0276332759701444,0.041912439376065,0.0226534397092659,0.0343465629980888,0.0446534407542098,0.0493465637105505,0.0543465639480378,1
F_flat,controlled_phase2,session_F_flat.csv,2026-08-31 01:04:12.986,0.9772220509862368,6.904059846423216,0.0270679785613703,0.0323941506918184,0.0221832291023472,0.03381677355751,0.0438167740324845,0.048183230337281,0.0531832305747682,1
F_flat,controlled_phase2,session_F_flat.csv,2026-08-31 01:04:13.065,0.9741861610040824,6.94847852461857,0.0273492309680364,0.0315050355964577,0.0229763858803455,0.0340236168270091,0.0440236173019836,0.0480236174919734,0.0529763873052691,1
F_flat,controlled_phase2,session_F_flat.csv,2026-08-31 01:04:13.141,0.9736402285964528,7.09583579481232,0.0278841261219487,0.0378951480753996,0.0230748038610812,0.0349251988937708,0.0449251993687453,0.0489251995587352,0.0549251998437199,1
F_flat,controlled_phase2,session_F_flat.csv,2026-08-31 01:04:13.220,0.9734143226362616,6.993589683653811,0.0274830557859979,0.0315246093242716,0.022903230385278,0.03390323090775,0.0439032313827245,0.0480967729870409,0.053903231857699,1
F_flat,controlled_phase2,session_F_flat.csv,2026-08-31 01:04:13.297,0.9724826138020431,7.150560085873471,0.0281490545438766,0.0366249621195722,0.0233982434595104,0.0356017593428391,0.0446017597703162,0.048601759960306,0.0556017602927881,1
F_flat,controlled_phase2,session_F_flat.csv,2026-08-31 01:04:13.374,0.9720306451273094,7.249422421056889,0.0286773888258116,0.0508264418256116,0.0236682275897265,0.0356682281596959,0.0456682286346704,0.0503317759250848,0.0556682291096449,1
F_flat,controlled_phase2,session_F_flat.csv,2026-08-31 01:04:13.452,0.9724824566138888,7.20960254998737,0.0283630643962907,0.0411421520343771,0.0236091993852017,0.0356091999551712,0.0453908038921223,0.0493908040821121,0.0553908043670968,1
F_flat,controlled_phase2,session_F_flat.csv,2026-08-31 01:04:13.526,0.9708603066997072,7.255612834145061,0.0286241452301695,0.0453163410531763,0.023998772002864,0.0359987725728334,0.04500123127446,0.0499987732377977,0.0550012317494346,1
F_flat,controlled_phase2,session_F_flat.csv,2026-08-31 01:04:13.605,0.9697686007490348,7.441746710197106,0.0295638505085248,0.0625403381954304,0.0249005971123219,0.0360994057850225,0.046099406259997,0.0519005983947531,0.057099406782469,1
F_flat,controlled_phase2,session_F_flat.csv,2026-08-31 01:04:13.683,0.9697080538711588,7.476297967162315,0.0297894587498419,0.0599929002484913,0.0244680576589808,0.0375319452858611,0.0465319457133381,0.051468058941412,0.0585319462833076,1
F_flat,controlled_phase2,session_F_flat.csv,2026-08-31 01:04:13.763,0.969765020019698,7.38406742245074,0.0293951646944179,0.0538947911738139,0.0244808390482778,0.0365191638490667,0.0465191643240412,0.0514808403307089,0.0585191648940106,1
F_flat,controlled_phase2,session_F_flat.csv,2026-08-31 01:04:13.843,0.9704422473309132,7.439347664971847,0.0295176115812143,0.0588374621836073,0.0242677142971481,0.0367322886001963,0.046267715342092,0.0517322893126581,0.0592677159595589,1
F_flat,controlled_phase2,session_F_flat.csv,2026-08-31 01:04:13.919,0.9697686007490348,7.429432895323337,0.0295058409765433,0.0595816151850217,0.0243842670468006,0.0366157358505438,0.0466157363255184,0.0513842683292318,0.0583842686617139,1
F_flat,controlled_phase2,session_F_flat.csv,2026-08-31 01:04:13.997,0.9693213351027908,7.348053517040356,0.0292124305501211,0.0583557516410201,0.0230833756794209,0.0369166271704261,0.0460833767718623,0.0509166278353904,0.05891662821537,1
F_flat,controlled_phase2,session_F_flat.csv,2026-08-31 01:04:14.073,0.9677910615926066,7.51737461134165,0.0299923137693811,0.0707429182255478,0.0240363025847416,0.0379637003601003,0.047036303677183,0.0519637010250646,0.0599637014050442,1
F_flat,controlled_phase2,session_F_flat.csv,2026-08-31 01:04:14.154,0.9676526021316586,7.490688146015712,0.0298455132787482,0.0614196474413828,0.0237758547147793,0.0377758553797437,0.0462241486100422,0.051775856044708,0.059224149227509,1
F_flat,controlled_phase2,session_F_flat.csv,2026-08-31 01:04:14.243,0.9675264131425364,7.41849851242161,0.0296624531161548,0.0555187449236951,0.023654641400541,0.0373453614968034,0.0473453619717779,0.0506546426829722,0.0593453625417473,1
F_flat,controlled_phase2,session_F_flat.csv,2026-08-31 01:04:14.322,0.9674206188666782,7.459927938582856,0.0297622561995356,0.0609524013171962,0.0243249701499427,0.0376750327948992,0.0473249712423841,0.0506750334123661,0.058324971764856,1
F_flat,controlled_phase2,session_F_flat.csv,2026-08-31 01:04:14.397,0.9692825484822412,7.368601967051979,0.0292062175568859,0.0531011547940635,0.0239660030540121,0.036966003671479,0.0460340002708093,0.0500340004607992,0.0580340008407788,1
F_flat,controlled_phase2,session_F_flat.csv,2026-08-31 01:04:14.474,0.9692500460369048,7.252850810817161,0.0287030455975836,0.0480440439579345,0.0237377266699662,0.0357377272399356,0.0457377277149101,0.0497377279048999,0.0562622771298298,1
F_flat,controlled_phase2,session_F_flat.csv,2026-08-31 01:04:14.553,0.9703275200464152,7.208967466202322,0.0285606791307167,0.043997763007894,0.0238056947058102,0.0358056952757797,0.0458056957507542,0.0488056958932465,0.0548056961782312,1
F_flat,controlled_phase2,session_F_flat.csv,2026-08-31 01:04:14.629,0.970516973180414,7.200387908641309,0.028598229727527,0.0413264043553575,0.0239520147373927,0.0359520153073621,0.0459520157823366,0.048952015924829,0.0560479890624033,1
F_flat,controlled_phase2,session_F_flat.csv,2026-08-31 01:04:14.707,0.9694964653194424,7.250929786743824,0.0286543366559256,0.044781742827924,0.0232594445624315,0.035740558239918,0.0452594456073754,0.0497405589048823,0.0572594461773449,1
F_flat,controlled_phase2,session_F_flat.csv,2026-08-31 01:04:14.786,0.9679339652452276,7.223079298992854,0.0286511211565494,0.0454452909848801,0.0234788536778457,0.0364788542953126,0.0445211495519809,0.0495211497894682,0.0555211500744529,1
F_flat,controlled_phase2,session_F_flat.csv,2026-08-31 01:04:14.860,0.9686947074688608,7.252847746580966,0.0288453762061521,0.0397834300291702,0.0230000872037658,0.0369999156460811,0.0450000882487098,0.0490000884386996,0.0560000887711817,1
F_flat,controlled_phase2,session_F_flat.csv,2026-08-31 01:04:14.938,0.9686029105895008,7.136821526223039,0.0283662861510258,0.034001743679163,0.0233978075198952,0.0356021952824543,0.0446021957099314,0.0486021958999212,0.0543978089923162,1
F_flat,controlled_phase2,session_F_flat.csv,2026-08-31 01:04:15.015,0.9689359184178178,7.10296281936927,0.028174648967965,0.0294902129490212,0.0229554323658676,0.0359554329833344,0.0440445708164616,0.0479554335533038,0.0540445712914361,1
F_flat,controlled_phase2,session_F_flat.csv,2026-08-31 01:04:15.094,0.9693688611467148,7.0365714188409125,0.0278516819716564,0.032491129986023,0.0226715955290524,0.0346715960990218,0.0436715965264988,0.0483284078432666,0.0536715970014733,1
F_flat,controlled_phase2,session_F_flat.csv,2026-08-31 01:04:15.172,0.9699847465926345,6.936286608090719,0.0273513820438674,0.0229086450558196,0.0220332024490031,0.0349668002583515,0.0429668006383311,0.0470332036364394,0.0530332039214241,1
F_flat,controlled_phase2,session_F_flat.csv,2026-08-31 01:04:15.250,0.9691110486344692,6.9639912189652,0.0274988461702119,0.0239765075403911,0.0225877750977739,0.0344122276095807,0.0434122280370578,0.0474122282270476,0.0535877765701949,1
F_flat,controlled_phase2,session_F_flat.csv,2026-08-31 01:04:15.331,0.9682874808870188,6.972966137726781,0.0276527454761299,0.020911487920427,0.0223576936169721,0.0346423090903825,0.0426423094703621,0.0473576948044084,0.0523576950418956,1
F_flat,controlled_phase2,session_F_flat.csv,2026-08-31 01:04:15.407,0.9687428845544824,6.968293455887323,0.0275418744098479,0.0228536399126722,0.0225920125160149,0.0345920130859843,0.0425920134659639,0.0474079908088066,0.0524079910462939,1
F_flat,controlled_phase2,session_F_flat.csv,2026-08-31 01:04:15.484,0.968868861122966,6.931555623322528,0.0274218091461849,0.0165585358768277,0.0225401062963811,0.0345401068663505,0.0434598968384506,0.0474598970284404,0.0505401076263097,1
F_flat,controlled_phase2,session_F_flat.csv,2026-08-31 01:04:15.562,0.9686976371565,6.8354103909065485,0.0270221611428779,0.0159252449003731,0.0218295116662212,0.034170490993636,0.0421704913736156,0.0461704915636054,0.0518295130911448,1
F_flat,controlled_phase2,session_F_flat.csv,2026-08-31 01:04:15.638,0.9699404757571984,6.738528470461436,0.0266844800641255,0.0125556296089265,0.0219059198158714,0.0330940827964884,0.0419059207658204,0.0459059209558102,0.0510940836514425,1
F_flat,controlled_phase2,session_F_flat.csv,2026-08-31 01:04:15.717,0.969966517425102,6.617157021448275,0.0261891255930348,0.0174944658170173,0.0216817586433595,0.031681759118334,0.0413182443489799,0.0453182445389697,0.051681760068283,1
F_flat,controlled_phase2,session_F_flat.csv,2026-08-31 01:04:15.794,0.9696992648082414,6.573363337826234,0.0260320414734318,0.0120213761142353,0.0218115084391372,0.0328115089616092,0.0411884945532021,0.0451884947431919,0.0508115098165633,1
F_flat,controlled_phase2,session_F_flat.csv,2026-08-31 01:04:15.868,0.9700791476387848,6.545972874229471,0.0259021615126263,0.0089713561252336,0.0211432311222201,0.0321432316446921,0.0411432320721691,0.0451432322621589,0.0491432324521488,1
F_flat,controlled_phase2,session_F_flat.csv,2026-08-31 01:04:15.944,0.9691396944691631,6.5672276449881934,0.0260834516664173,0.0097027915672748,0.021550964855735,0.032550965378207,0.0414490381366043,0.0454490383265941,0.0495509661856636,1
G_tilt,controlled_phase2,session_G_tilt.csv,2026-08-31 01:13:15.324,0.941902275397661,14.641713637051172,0.1346998740212869,0.692484268469559,0.0758717188258959,0.0818717191108806,0.0901282890586809,0.4081283041628705,0.4151283044953526,0
G_tilt,controlled_phase2,session_G_tilt.csv,2026-08-31 01:13:15.419,0.9360233427684514,14.78350800566372,0.1351661345609545,0.6920414836121754,0.0764109295947845,0.0824109298797692,0.0905890783372898,0.4085890934414793,0.4155890937739614,0
G_tilt,controlled_phase2,session_G_tilt.csv,2026-08-31 01:13:15.511,0.9289186335857844,14.68038883397131,0.1345003824528577,0.6943323409416694,0.0766858896276084,0.0806858898175982,0.0873141181619735,0.4103141335036503,0.4173141338361325,0
G_tilt,controlled_phase2,session_G_tilt.csv,2026-08-31 01:13:15.590,0.9314756640774288,14.145480543442424,0.1314572934518422,0.7021269506303104,0.0736384885312384,0.0776384887212282,0.0893615192108461,0.4153615346950152,0.4213615349799999,0
G_tilt,controlled_phase2,session_G_tilt.csv,2026-08-31 01:13:15.669,0.9302963404829994,14.170941412728428,0.1314684489301585,0.709942111449191,0.0738518439682462,0.0768518441107386,0.0901481638213357,0.4151481792580074,0.4221481795904895,0
G_tilt,controlled_phase2,session_G_tilt.csv,2026-08-31 01:13:15.746,0.9327720937290926,14.488796285754312,0.1329089076844354,0.7019467813436219,0.0747131048012107,0.0787131049912005,0.0892869029883712,0.4142869184250429,0.4202869187100276,0
G_tilt,controlled_phase2,session_G_tilt.csv,2026-08-31 01:13:15.822,0.9356524009506684,14.368900110375538,0.1326669077235929,0.6905527932143902,0.07454574341069,0.0785457436006799,0.0894542643788919,0.4144542798155636,0.4204542801005483,0
G_tilt,controlled_phase2,session_G_tilt.csv,2026-08-31 01:13:15.901,0.9370776801506168,14.277760598842036,0.1331762991977983,0.6903406219466999,0.0753960369582518,0.0783960371007441,0.0866039707363353,0.4136039862680019,0.420603986600484,0
G_tilt,controlled_phase2,session_G_tilt.csv,2026-08-31 01:13:15.979,0.9362324451906744,14.849746797211637,0.1357527249989906,0.6861345712847474,0.0772709136763237,0.0812709138663135,0.091270914341288,0.4117291095499299,0.4177291098349146,0
G_tilt,controlled_phase2,session_G_tilt.csv,2026-08-31 01:13:16.057,0.9331765149117393,14.972815969230044,0.1369315500686819,0.6894752583829052,0.0781260103794467,0.083126010616934,0.094126011139406,0.4098740127993094,0.4158740130842941,0
G_tilt,controlled_phase2,session_G_tilt.csv,2026-08-31 01:13:16.133,0.9322621360535334,15.891792680968786,0.1394011577146029,0.6928760244655083,0.0811575254501212,0.0861575256876084,0.10515752659006,0.406842497728635,0.4128424980136197,0
G_tilt,controlled_phase2,session_G_tilt.csv,2026-08-31 01:13:16.227,0.932298809713914,16.09547308407728,0.1401640595595064,0.6936924982307148,0.081655877905339,0.0866558781428262,0.1432441327768465,0.4063441452734172,0.4123441455584019,0
G_tilt,controlled_phase2,session_G_tilt.csv,2026-08-31 01:13:16.324,0.9350980435981118,15.887230044014474,0.1393164348933226,0.6926733905007331,0.0806817028591444,0.0856817030966317,0.0966817036191036,0.4073183203196118,0.412318320557099,0
G_tilt,controlled_phase2,session_G_tilt.csv,2026-08-31 01:13:16.411,0.9391209847767912,15.713215459613137,0.1384057372865759,0.6898710699953914,0.0796080205971575,0.0846080208346448,0.0943919876673989,0.4083920025815987,0.4143920028665834,0
G_tilt,controlled_phase2,session_G_tilt.csv,2026-08-31 01:13:16.502,0.938608681558576,15.28788088364988,0.1376083409606663,0.6884053899147009,0.0789697501012061,0.0829697502911959,0.0930302580683555,0.4090302730775501,0.4150302733625348,0
G_tilt,controlled_phase2,session_G_tilt.csv,2026-08-31 01:13:16.583,0.9407233889750566,15.654427533814829,0.139710063357311,0.688280174262432,0.0800834330717211,0.0840834332617109,0.1020834341166651,0.407916590107035,0.4139165903920198,0
G_tilt,controlled_phase2,session_G_tilt.csv,2026-08-31 01:13:16.662,0.9425314706590224,15.38046401218756,0.1382076547793465,0.6861130669816249,0.0792586291535485,0.0832586293435383,0.0937413790635105,0.4097413940727051,0.4147413943101924,0
G_tilt,controlled_phase2,session_G_tilt.csv,2026-08-31 01:13:16.741,0.9429542638184428,15.410548646546744,0.1384427224688306,0.6846866299221547,0.0794528931425239,0.0834528933325137,0.0954528939024831,0.4085471300362323,0.414547130321217,0
G_tilt,controlled_phase2,session_G_tilt.csv,2026-08-31 01:13:16.819,0.9421333475432504,15.320348334451165,0.137732699981795,0.6833559936551099,0.0785301532881056,0.0825301534780954,0.0915301539055725,0.4094698698906506,0.4154698701756353,0
G_tilt,controlled_phase2,session_G_tilt.csv,2026-08-31 01:13:16.911,0.935258702905524,15.3942225724425,0.1382294011479389,0.6924725927736002,0.077896083938894,0.0818960841288838,0.0931039241831701,0.4091039391923647,0.4151039394773494,0
G_tilt,controlled_phase2,session_G_tilt.csv,2026-08-31 01:13:17.004,0.9370081572296646,15.446986566622757,0.138024107335605,0.6886378811484531,0.0774731730543607,0.082473173291848,0.0895268348777136,0.4105268501243955,0.4165268504093802,0
G_tilt,controlled_phase2,session_G_tilt.csv,2026-08-31 01:13:17.096,0.9389905207901306,14.871972201809353,0.1353031732161297,0.6921609551381315,0.075278364849347,0.0802783650868342,0.0897216429877324,0.4117216582819117,0.4187216586143939,0
G_tilt,controlled_phase2,session_G_tilt.csv,2026-08-31 01:13:17.174,0.9363921924906808,15.326623526844866,0.1378410143177396,0.6930055865921788,0.0769741936002119,0.0819741938376992,0.0890258142843649,0.4110258295785443,0.417025829863529,0
G_tilt,controlled_phase2,session_G_tilt.csv,2026-08-31 01:13:17.264,0.9364689136031372,15.14206465504286,0.1364009442296287,0.6965173575965207,0.0762163812715525,0.0802163814615423,0.0907836266605218,0.4127836419547012,0.4187836422396859,0
G_tilt,controlled_phase2,session_G_tilt.csv,2026-08-31 01:13:17.344,0.9359140623834408,15.466459612037315,0.137124492134554,0.7005460356920892,0.0762806126970935,0.0797193947125088,0.0902806133620578,0.4122806286562371,0.4192806289887193,0
G_tilt,controlled_phase2,session_G_tilt.csv,2026-08-31 01:13:17.421,0.9361082659392648,15.252266687218652,0.1359643792806534,0.697578224030956,0.0765034506059427,0.0795034507484351,0.0884965572311367,0.4134965726678083,0.4204965730002905,0
G_tilt,controlled_phase2,session_G_tilt.csv,2026-08-31 01:13:17.500,0.9324743228346936,15.97839205672541,0.1398532524195457,0.6871364923293023,0.0782044129939693,0.0832044132314565,0.0917955950805974,0.4107956102322844,0.4167956105172691,0
G_tilt,controlled_phase2,session_G_tilt.csv,2026-08-31 01:13:17.577,0.9380285441348516,15.780660378902905,0.1384715637955312,0.6921873603289532,0.0778024641405781,0.0818024643305679,0.0901975438389937,0.4111975590856755,0.4181975594181577,0
G_tilt,controlled_phase2,session_G_tilt.csv,2026-08-31 01:13:17.654,0.935841532521254,16.406174035560284,0.1408474184189715,0.6931733599955563,0.0800455739847079,0.0840455741746977,0.1209544355622798,0.4099544492890432,0.4159544495740279,0
G_tilt,controlled_phase2,session_G_tilt.csv,2026-08-31 01:13:17.731,0.9391740488012436,16.13694951707838,0.1399577630499553,0.6875909793294963,0.079344303143834,0.0833443033338238,0.0966557052157174,0.4106557201299171,0.4166557204149018,0
G_tilt,controlled_phase2,session_G_tilt.csv,2026-08-31 01:13:17.811,0.9352179583405914,16.582128947297498,0.1416183784613805,0.6942020811907684,0.0804268690955911,0.0844268692855809,0.1575731422088022,0.4085731541306625,0.4155731544631447,0
G_tilt,controlled_phase2,session_G_tilt.csv,2026-08-31 01:13:17.887,0.9376976616294548,16.620644919066887,0.1413351831612245,0.6925486262052054,0.0796236118742107,0.0843763959153712,0.1396236147240578,0.4096236275483697,0.4166236278808518,0
G_tilt,controlled_phase2,session_G_tilt.csv,2026-08-31 01:13:17.979,0.9256778635162092,16.470917333282017,0.1414511844087606,0.6924171336721838,0.0785384719522807,0.0835384721897679,0.1219615375709582,0.4094615512264755,0.4164615515589577,0
G_tilt,controlled_phase2,session_G_tilt.csv,2026-08-31 01:13:18.058,0.9320543110473356,15.751417252096664,0.1387603438575426,0.694389460719627,0.0770438146913191,0.0810438148813089,0.0919561933357501,0.412956208582432,0.4199562089149141,0
G_tilt,controlled_phase2,session_G_tilt.csv,2026-08-31 01:13:18.137,0.9271859696687164,16.074170456414898,0.1395444465400974,0.6980542903597463,0.076339797533624,0.0813397977711113,0.0906602103984502,0.413660225740127,0.4196602260251117,0
G_tilt,controlled_phase2,session_G_tilt.csv,2026-08-31 01:13:18.215,0.9334119255228042,15.36616107617451,0.1365074027084944,0.6940445422051141,0.0737511280561936,0.0787511282936809,0.0847511285786656,0.41524889517006,0.4222488955025422,0
G_tilt,controlled_phase2,session_G_tilt.csv,2026-08-31 01:13:18.308,0.9346274491823686,15.6105933049403,0.1380572804062739,0.6994315177154945,0.0759507020915118,0.0799507022815017,0.0930493059355573,0.4140493211822392,0.4220493215622188,0
G_tilt,controlled_phase2,session_G_tilt.csv,2026-08-31 01:13:18.386,0.9412934719390856,15.376307136697132,0.1369130930862296,0.6912167624865253,0.0757695306380258,0.0797695308280156,0.0867695311604977,0.4132304925882278,0.4212304929682074,0
G_tilt,controlled_phase2,session_G_tilt.csv,2026-08-31 01:13:18.482,0.943099920468276,15.616425470032144,0.1380361797939272,0.6909763197230745,0.0768862776328185,0.0798862777753108,0.086886278107793,0.4131137456409326,0.4201137459734148,0
G_tilt,controlled_phase2,session_G_tilt.csv,2026-08-31 01:13:18.570,0.9439128470530322,15.607337106637573,0.1369751824690843,0.6892991837883479,0.0749767781179183,0.0789767783079081,0.0879767787353852,0.4140232451083353,0.4220232454883149,0
G_tilt,controlled_phase2,session_G_tilt.csv,2026-08-31 01:13:18.663,0.9423328296206022,16.038046641878047,0.1388195610642564,0.6895870736086176,0.0775101360872787,0.0805101362297711,0.090489871892293,0.4134898872339698,0.420489887566452,0
G_tilt,controlled_phase2,session_G_tilt.csv,2026-08-31 01:13:18.755,0.9445374209119356,16.155293966047225,0.1376878721705166,0.6924133924681332,0.0741565282728408,0.079156528510328,0.0908434795642386,0.4148434949534129,0.4228434953333925,0
G_tilt,controlled_phase2,session_G_tilt.csv,2026-08-31 01:13:18.833,0.9417059046981868,15.811900979322768,0.1354269575552318,0.6913153314994667,0.0716090641995412,0.0776090644845259,0.0886090650069979,0.4193909591217073,0.4263909594541895,0
G_tilt,controlled_phase2,session_G_tilt.csv,2026-08-31 01:13:18.915,0.9336769245701134,16.927419014004826,0.1405385141488764,0.7000944411499858,0.0761829558927706,0.0821829561777554,0.0931829567002273,0.4148170674284779,0.42181706776096,0
G_tilt,controlled_phase2,session_G_tilt.csv,2026-08-31 01:13:19.015,0.9403340305679312,16.531540569462067,0.1386063455302718,0.6990939437291369,0.0729689957139031,0.0799689960463853,0.0920310121231763,0.4180310276073454,0.4250310279398276,0
G_tilt,controlled_phase2,session_G_tilt.csv,2026-08-31 01:13:19.099,0.93640117442017,16.531783398685448,0.1391878923318568,0.6968527020299795,0.0738574292506137,0.0798574295355984,0.0918574301055679,0.4181425941181322,0.4251425944506144,0
G_tilt,controlled_phase2,session_G_tilt.csv,2026-08-31 01:13:19.191,0.9380556937963992,16.697587949239537,0.1395253963575319,0.6868841714711011,0.0736827108680215,0.0796827111530062,0.0916827117229757,0.417317312453227,0.4243173127857091,0
G_tilt,controlled_phase2,session_G_tilt.csv,2026-08-31 01:13:19.271,0.9354347167352024,16.86128752259596,0.1413545076284202,0.689904137179586,0.0766281747619311,0.0806281749519209,0.0966281757118802,0.4153718486068148,0.422371848939297,0
G_tilt,controlled_phase2,session_G_tilt.csv,2026-08-31 01:13:19.349,0.9352886692116018,16.695637639937758,0.1395606108147507,0.6900680962839516,0.0736406604006317,0.078640660638119,0.0926406613030833,0.4173593629206168,0.424359363253099,0
G_tilt,controlled_phase2,session_G_tilt.csv,2026-08-31 01:13:19.441,0.9390246575429192,16.545267431159438,0.1390133622700538,0.6895482777461837,0.0735856478488811,0.0805856481813632,0.0905856486563377,0.4174143754723675,0.4234143757573522,0
G_tilt,controlled_phase2,session_G_tilt.csv,2026-08-31 01:13:19.518,0.944055342434142,16.515717757625055,0.1408997439152219,0.6816095332850941,0.0767117777933966,0.0807117779833864,0.0937117786008533,0.4142882455278519,0.4212882458603341,0
G_tilt,controlled_phase2,session_G_tilt.csv,2026-08-31 01:13:19.596,0.9391643422667734,17.560866274594964,0.1455421885136563,0.6974662181041902,0.0797371588431398,0.084737159080627,0.3512628616282617,0.4102628644306113,0.4172628647630935,0
G_tilt,controlled_phase2,session_G_tilt.csv,2026-08-31 01:13:19.673,0.941896175940357,17.75797040264114,0.1460637713529052,0.6953472478965707,0.0795045355321639,0.0865045358646461,0.352495484986735,0.4114954877890846,0.4184954881215668,0
G_tilt,controlled_phase2,session_G_tilt.csv,2026-08-31 01:13:19.750,0.9490115484473056,17.99199511111448,0.1463868215455568,0.6947040146439023,0.0791378779071619,0.0861378782396441,0.3578621428492242,0.4138621455090815,0.4198621457940662,0
G_tilt,controlled_phase2,session_G_tilt.csv,2026-08-31 01:13:19.825,0.9512326882992748,17.87678985341497,0.1441379795971031,0.6940496375615918,0.0754668606688171,0.0844668610962942,0.1004668618562534,0.4175331627474263,0.4245331630799085,0
G_tilt,controlled_phase2,session_G_tilt.csv,2026-08-31 01:13:19.902,0.9515434705205628,17.977032897490673,0.1438816384993003,0.694831070666012,0.0744209395825776,0.0844209400575521,0.0984209407225165,0.4205790839286607,0.4265790842136454,0
G_tilt,controlled_phase2,session_G_tilt.csv,2026-08-31 01:13:19.980,0.9522008249542055,18.33280486426193,0.1444358178839824,0.6958048735988688,0.0736943944144661,0.084694394936938,0.1016943957443947,0.4203056290492748,0.427305629381757,0
G_tilt,controlled_phase2,session_G_tilt.csv,2026-08-31 01:13:20.059,0.9565526984950375,18.086947118909528,0.143871441318108,0.6956046458665452,0.0720867604268978,0.0830867609493698,0.1000867617568265,0.421913263036843,0.4289132633693252,0
G_tilt,controlled_phase2,session_G_tilt.csv,2026-08-31 01:13:20.138,0.9549912699308498,18.34956701887986,0.1441107432667218,0.7009692391700036,0.0710538462034167,0.0860538469158784,0.1010538476283402,0.4229461772603242,0.4299461775928064,0
G_tilt,controlled_phase2,session_G_tilt.csv,2026-08-31 01:13:20.213,0.958830123666985,18.131893015621063,0.1424724350735693,0.6970002867794666,0.0690566020755386,0.0849434052390688,0.0990566035004621,0.4249434213882023,0.4319434217206844,0
G_tilt,controlled_phase2,session_G_tilt.csv,2026-08-31 01:13:20.292,0.9593232233517538,18.21964642494152,0.1426184652553677,0.7012949837983902,0.0684267181590105,0.0844267189189698,0.0984267195839341,0.4255733053047303,0.4325733056372125,0
G_tilt,controlled_phase2,session_G_tilt.csv,2026-08-31 01:13:20.371,0.9593234428704388,18.26840102476106,0.1414843365392017,0.6983611839985269,0.0664611388193963,0.0844611396743504,0.0994611403868122,0.4285388846918421,0.4355388850243242,0
G_tilt,controlled_phase2,session_G_tilt.csv,2026-08-31 01:13:20.447,0.955128510809354,18.41512949603825,0.14223508066029,0.6974340292798433,0.0671455599843977,0.0851455608393518,0.1001455615518136,0.4258544634318457,0.4338544638118253,0
G_tilt,controlled_phase2,session_G_tilt.csv,2026-08-31 01:13:20.525,0.959748975130198,18.060366551049725,0.1400438632222926,0.6916775167359919,0.0648451908341896,0.0848451917841386,0.0988451924491029,0.4291548326295513,0.4371548330095309,0
G_tilt,controlled_phase2,session_G_tilt.csv,2026-08-31 01:13:20.605,0.9606359529636646,17.767291783867837,0.1386056662712208,0.6939114008615724,0.0621550168894067,0.0831550178868532,0.0971550185518175,0.4298450064793393,0.4378450068593189,0
G_tilt,controlled_phase2,session_G_tilt.csv,2026-08-31 01:13:20.682,0.9635216840955796,17.961039340448096,0.1392728078855968,0.692436001390015,0.0628126057866356,0.0848126068315795,0.0998126075440413,0.4301874176296079,0.4381874180095875,0
G_tilt,controlled_phase2,session_G_tilt.csv,2026-08-31 01:13:20.759,0.95649476517111,18.99459971781454,0.1447095834035786,0.6971968783417897,0.0678400864967868,0.0858400873517409,0.1038400882066951,0.4251599369194566,0.4341599373469337,0
G_tilt,controlled_phase2,session_G_tilt.csv,2026-08-31 01:13:20.837,0.9567777795121672,19.12633976665436,0.1453127776907339,0.7039589075419694,0.0683920102642315,0.0863920111191857,0.1053920120216372,0.4256080131995093,0.4346080136269864,0
G_tilt,controlled_phase2,session_G_tilt.csv,2026-08-31 01:13:20.915,0.9577668285725832,18.89476599734021,0.1443517344084647,0.703046381849785,0.0680705137079722,0.0840705144679314,0.1050705154653779,0.4259295097557687,0.4349295101832457,0
G_tilt,controlled_phase2,session_G_tilt.csv,2026-08-31 01:13:20.991,0.9613724259022588,18.98763435789592,0.1444864488330078,0.7060063588609344,0.0678651654204547,0.0841348417991578,0.1078651673203527,0.4261348580432862,0.4361348585182607,0
G_tilt,controlled_phase2,session_G_tilt.csv,2026-08-31 01:13:21.070,0.9581964811554528,19.023898892018977,0.1447576375634009,0.704005206311511,0.0668127243845864,0.0848127252395405,0.1088127263794793,0.428187299126652,0.4381872996016265,0
G_tilt,controlled_phase2,session_G_tilt.csv,2026-08-31 01:13:21.150,0.9662111819164828,18.72822577531199,0.1418404658431828,0.6757210120197591,0.0639647998359806,0.0839648007859297,0.1049648017833762,0.4310352236752577,0.4400352241027347,0
G_tilt,controlled_phase2,session_G_tilt.csv,2026-08-31 01:13:21.228,0.9728140584849873,18.351523262345744,0.1393639533068538,0.6686541737649063,0.0612540809939381,0.0862540821813744,0.105254083083826,0.4347459425647977,0.4417459428972798,0
G_tilt,controlled_phase2,session_G_tilt.csv,2026-08-31 01:13:21.306,0.9769181728291486,18.18907665502555,0.1387747326753344,0.6639413121931018,0.0611541412233074,0.0831541422682513,0.1031541432182003,0.433845882287931,0.4418458826679106,0
G_tilt,controlled_phase2,session_G_tilt.csv,2026-08-31 01:13:21.388,0.9782624605215032,18.02980011182068,0.1386235126200067,0.6741043817498453,0.0620302731779749,0.0820302741279239,0.1020302750778729,0.4339697503807609,0.4419697507607405,0
G_tilt,controlled_phase2,session_G_tilt.csv,2026-08-31 01:13:21.477,0.980890248648496,18.089029168532388,0.1393747458977209,0.6794519891164943,0.0634174837442882,0.0845825232853345,0.1015825240927912,0.4324175012708477,0.4404175016508274,0
G_tilt,controlled_phase2,session_G_tilt.csv,2026-08-31 01:13:21.555,0.9817579816214396,18.058413268151224,0.140154093430175,0.6780416139127111,0.0636601759770416,0.0853398311000785,0.1026601778294422,0.4313398475341967,0.4393398479141763,0
G_tilt,controlled_phase2,session_G_tilt.csv,2026-08-31 01:13:21.631,0.9805903371235352,18.376485633248503,0.1422047230263219,0.6990548969194877,0.0666534098220588,0.0876534108195052,0.1016534114844696,0.429346613736677,0.4363466140691592,0
G_tilt,controlled_phase2,session_G_tilt.csv,2026-08-31 01:13:21.712,0.9886689755306828,18.158084753154256,0.1406646841475266,0.6906807988234007,0.0661183680564023,0.0851183689588539,0.1011183697188131,0.4298816555023335,0.4368816558348156,0
G_tilt,controlled_phase2,session_G_tilt.csv,2026-08-31 01:13:21.789,0.98319496195349,19.012319256419413,0.1445082861827707,0.6978172882335936,0.0692401859041316,0.0892401868540806,0.1052401876140398,0.4267598376546042,0.4337598379870864,0
G_tilt,controlled_phase2,session_G_tilt.csv,2026-08-31 01:13:21.868,0.9882326483527464,18.702631493544803,0.1433879676265804,0.6942983200407263,0.067222737187236,0.0882227381846825,0.1042227389446417,0.4277772863240023,0.4357772867039819,0
G_tilt,controlled_phase2,session_G_tilt.csv,2026-08-31 01:13:21.957,0.978411833258853,19.47106120175157,0.1466401854457595,0.7063442099136447,0.0694869074542987,0.0894869084042477,0.1084869093066993,0.4255131160569396,0.4345131164844167,0
G_tilt,controlled_phase2,session_G_tilt.csv,2026-08-31 01:13:22.037,0.9792626688216765,19.57313302268816,0.1474699030214444,0.7046369518332135,0.070305251362325,0.0893052522647765,0.110305253262223,0.4256947721964108,0.4346947726238879,0
G_tilt,controlled_phase2,session_G_tilt.csv,2026-08-31 01:13:22.114,0.9810751976559712,19.88015856623674,0.1484952293159645,0.7013980638497201,0.0708542516058055,0.0918542526032519,0.3581457687706011,0.4241457719054329,0.4331457723329099,0
G_tilt,controlled_phase2,session_G_tilt.csv,2026-08-31 01:13:22.192,0.984685944205968,20.02634397997982,0.1487768695855925,0.6949978293377068,0.0706890318655801,0.0906890328155292,0.1643109792963208,0.4253109916931556,0.4323109920256378,0
G_tilt,controlled_phase2,session_G_tilt.csv,2026-08-31 01:13:22.268,0.9881075819572014,19.781122153826715,0.1467285108659447,0.6907611355849241,0.0687374359618671,0.0897374369593135,0.1097374379092626,0.4262625875493713,0.4342625879293509,0
G_tilt,controlled_phase2,session_G_tilt.csv,2026-08-31 01:13:22.346,0.9974067043930874,19.45915835077557,0.1450405205034431,0.6870737292776422,0.0663610824570053,0.0883610835019492,0.1063610843569033,0.4296389411017305,0.4386389415292075,0
G_tilt,controlled_phase2,session_G_tilt.csv,2026-08-31 01:13:22.423,0.9964268374951716,20.99819120596221,0.1514806050047774,0.6975995857528572,0.0718782073567765,0.0951218005752978,0.3938782226509558,0.4228782240283819,0.431878224455859,0
G_tilt,controlled_phase2,session_G_tilt.csv,2026-08-31 01:13:22.501,0.9966181488820736,21.44356393997396,0.1527137809355714,0.7070040019328221,0.071617899351414,0.0956179004913528,0.4043821232573727,0.4243821242073218,0.4323821245873014,0
G_tilt,controlled_phase2,session_G_tilt.csv,2026-08-31 01:13:22.580,1.007175851931851,20.88505532866171,0.1503050459376297,0.7072847347619108,0.0679556306190289,0.0949556319014601,0.3630443898523725,0.4270443928922094,0.435044393272189,0
G_tilt,controlled_phase2,session_G_tilt.csv,2026-08-31 01:13:22.661,1.009137685391558,21.232025481641507,0.1510374695306625,0.7035931566179365,0.069588282679861,0.0935882838197998,0.3954117394064538,0.4264117408788748,0.4344117412588544,0
G_tilt,controlled_phase2,session_G_tilt.csv,2026-08-31 01:13:22.737,1.0096068178493192,21.622676620711854,0.1538431354326453,0.7063303370500807,0.0722393840015398,0.0952393850939812,0.412760639034724,0.423760639557196,0.4317606399371756,0
G_tilt,controlled_phase2,session_G_tilt.csv,2026-08-31 01:13:22.816,1.0099895178339446,21.997707753661626,0.1551498273525508,0.7079459811010368,0.0739447476365475,0.0979447487764864,0.4140552755422086,0.4240552760171832,0.4320552763971628,0
G_tilt,controlled_phase2,session_G_tilt.csv,2026-08-31 01:13:22.893,1.0043876239253622,21.53991131245685,0.1933269030764075,0.6957280963709065,0.0707634922510991,0.0947634933910379,0.419236531022652,0.4252365313076367,0.4332365316876163,0
G_tilt,controlled_phase2,session_G_tilt.csv,2026-08-31 01:13:22.972,1.0016830392250733,22.688446090524923,0.1579116866881622,0.7188506813423761,0.0751413115959482,0.0971413126408922,0.4148587116778028,0.421858712010285,0.4298587123902646,0
G_tilt,controlled_phase2,session_G_tilt.csv,2026-08-31 01:13:23.051,0.9970590051363823,23.494257483113465,0.1615749794364905,0.7311381709741551,0.0807538432988221,0.1007538442487712,0.4102461800224264,0.4162461803074111,0.4252461807348882,0
G_tilt,controlled_phase2,session_G_tilt.csv,2026-08-31 01:13:23.126,1.0009008426935877,22.5715065618976,0.1580730485943316,0.720235785890392,0.0779771009341052,0.0999771019790491,0.4140229224346408,0.4210229227671229,0.4290229231471025,0
G_tilt,controlled_phase2,session_G_tilt.csv,2026-08-31 01:13:23.204,0.9981268079718576,23.363420347229983,0.1611025747296067,0.721243743212712,0.0800064072552197,0.1010064082526662,0.4089936159710339,0.415993616303516,0.4259936167784905,0
G_tilt,controlled_phase2,session_G_tilt.csv,2026-08-31 01:13:23.283,0.9987313583797705,23.200070603633133,0.160317615658589,0.724255266109934,0.0791398890886201,0.1001398900860666,0.410860134185131,0.4178601345176131,0.4268601349450902,0
G_tilt,controlled_phase2,session_G_tilt.csv,2026-08-31 01:13:23.360,1.000786842075582,22.44626988057016,0.1578191939194811,0.7136191088746799,0.0774407739858324,0.0974407749357815,0.4095592491454263,0.4175592495254059,0.4255592499053855,0
G_tilt,controlled_phase2,session_G_tilt.csv,2026-08-31 01:13:23.436,1.003247102143578,22.17620923911413,0.1573885957754257,0.7050739418663947,0.0792970333431533,0.0972970341981074,0.4077029897881055,0.4157029901680851,0.4237029905480647,0
G_tilt,controlled_phase2,session_G_tilt.csv,2026-08-31 01:13:23.515,1.0013857455472928,22.377877913374647,0.1591648530182858,0.707437598736177,0.0828306769200277,0.0978306776324895,0.4051693462587284,0.4121693465912106,0.4201693469711902,0
G_tilt,controlled_phase2,session_G_tilt.csv,2026-08-31 01:13:23.590,1.0029416310345556,22.713709608334227,0.1604760687003777,0.704337069768035,0.0842003304591245,0.1012003312665812,0.4027996926721342,0.4107996930521138,0.417799693384596,0
G_tilt,controlled_phase2,session_G_tilt.csv,2026-08-31 01:13:23.668,1.0111276607872606,22.094770771753204,0.1580603307289212,0.7029665839023381,0.0812270884846053,0.0992270893395594,0.4067729346941509,0.413772935026633,0.4207729353591152,0
G_tilt,controlled_phase2,session_G_tilt.csv,2026-08-31 01:13:23.745,1.011575689563925,22.294419362508314,0.159125880238562,0.7040470972677879,0.0814770193140161,0.1004770202164677,0.40652300386474,0.4135230041972222,0.4225230046246992,0
G_tilt,controlled_phase2,session_G_tilt.csv,2026-08-31 01:13:23.822,1.0135141043642342,22.87219483218863,0.1617382347329366,0.6991549076369867,0.0846027976263512,0.1016027984338079,0.403397225552405,0.4113972259323846,0.4193972263123642,0
G_tilt,controlled_phase2,session_G_tilt.csv,2026-08-31 01:13:23.901,1.0150282067885017,23.100055781238733,0.1625313850185301,0.7008519132170486,0.0871433421255445,0.1021433428380063,0.4028566811482066,0.4098566814806887,0.4208566820031607,0
G_tilt,controlled_phase2,session_G_tilt.csv,2026-08-31 01:13:23.982,1.016260580420561,23.956061713912625,0.1662900731878077,0.7115877826999301,0.0905748857818304,0.1055748864942922,0.3994251374919206,0.4064251378244028,0.4174251383468748,0
G_tilt,controlled_phase2,session_G_tilt.csv,2026-08-31 01:13:24.056,1.016644667122109,23.99578542772069,0.1662100047150066,0.7172761829859746,0.0914603530136839,0.1054603536786482,0.4005396703550621,0.4055396705925493,0.4145396710200264,0
G_tilt,controlled_phase2,session_G_tilt.csv,2026-08-31 01:13:24.136,1.0208883523632293,24.570520854423645,0.168383565507012,0.7246279467930989,0.0914087228982463,0.1074087236582055,0.3995913004230023,0.4065913007554844,0.4165913012304589,0
G_tilt,controlled_phase2,session_G_tilt.csv,2026-08-31 01:13:24.214,1.0230502669328894,24.76622625357059,0.1690581189735243,0.7262650284053376,0.09173376046757,0.1087337612750267,0.3992662628536785,0.4062662631861606,0.4152662636136377,0
G_tilt,controlled_phase2,session_G_tilt.csv,2026-08-31 01:13:24.289,1.0278572450822794,23.62934074733212,0.1647686203269789,0.7213119183022869,0.0870216172849076,0.1010216179498719,0.4029784059888435,0.4089784062738282,0.4159784066063103,0
G_tilt,controlled_phase2,session_G_tilt.csv,2026-08-31 01:13:24.366,1.0313495339158882,25.01790398540181,0.1721284743958954,0.7177761561123274,0.0982676064945371,0.1132676072069989,0.3927324168267114,0.3997324171591936,0.4097324176341681,0
G_tilt,controlled_phase2,session_G_tilt.csv,2026-08-31 01:13:24.444,1.0323233654700907,25.054727178601045,0.1723918516966576,0.7213325921004461,0.0981315689787711,0.1101315695487406,0.3918684542949799,0.3988684546274621,0.4088684551024366,0
G_tilt,controlled_phase2,session_G_tilt.csv,2026-08-31 01:13:24.522,1.036653289809606,25.63156959354444,0.175470017110964,0.7250285997822281,0.1050389558250231,0.1130389562050027,0.384961067448728,0.3929610678287076,0.4029610683036821,0
G_tilt,controlled_phase2,session_G_tilt.csv,2026-08-31 01:13:24.600,1.0468290257565669,24.01325723348837,0.1676432119176857,0.7158479995472808,0.0951437711423675,0.1081437717598343,0.3958562521788811,0.3998562523688709,0.4078562527488505,0
G_tilt,controlled_phase2,session_G_tilt.csv,2026-08-31 01:13:24.681,1.0546500862464787,25.50339080891501,0.1744523922917835,0.7123153841733234,0.1012371750860778,0.1142371757035447,0.3907628482826681,0.3947628484726579,0.4067628490426274,0
G_tilt,controlled_phase2,session_G_tilt.csv,2026-08-31 01:13:24.759,1.0535802270335235,26.031109943609486,0.1768007264504309,0.7209998289916206,0.1039296064868671,0.1159296070568365,0.3880704168818789,0.3930704171193662,0.4090704178793254,0
G_tilt,controlled_phase2,session_G_tilt.csv,2026-08-31 01:13:24.833,1.0512953326129966,26.197922739188,0.1773676160114203,0.7181398143247457,0.1053054822786954,0.1183054828961622,0.3866945410900506,0.3916945413275379,0.4186945426099691,0
G_tilt,controlled_phase2,session_G_tilt.csv,2026-08-31 01:13:24.912,1.0515242604710358,25.99782898735757,0.1758067081008582,0.7077157959930288,0.1048732711956188,0.1138732716230959,0.3851267520781323,0.391126752363117,0.4091267532180711,0
G_tilt,controlled_phase2,session_G_tilt.csv,2026-08-31 01:13:24.989,1.0498672151081798,25.94336154943733,0.1764153629722279,0.7133516317703019,0.1062159936635525,0.116215994138527,0.3837840296101986,0.3897840298951833,0.40678403070264,0
G_tilt,controlled_phase2,session_G_tilt.csv,2026-08-31 01:13:25.068,1.0504354289543751,26.275016215491075,0.1805053859686483,0.7158032240931341,0.1076510537329342,0.1186510542554062,0.3833489695883143,0.389348969873299,0.454728972978687,0
G_tilt,controlled_phase2,session_G_tilt.csv,2026-08-31 01:13:25.145,1.0488429780334283,26.50327478047466,0.1794325516064323,0.7303036798856735,0.1096085511153799,0.1196085515903544,0.3813914722058686,0.3873914724908534,0.4656514762079987,0
G_tilt,controlled_phase2,session_G_tilt.csv,2026-08-31 01:13:25.222,1.047510014166865,26.5377162362445,0.1795071529801225,0.737556174981512,0.1093024683578662,0.1193024688328407,0.3816975549633823,0.3866975552008695,0.4066975561508186,0
G_tilt,controlled_phase2,session_G_tilt.csv,2026-08-31 01:13:25.301,1.0492614332227124,26.410233402531865,0.1789747884090567,0.7346615930565651,0.1098475118801527,0.1178475122601323,0.3811525114410958,0.3861525116785831,0.4671525155258766,0
G_tilt,controlled_phase2,session_G_tilt.csv,2026-08-31 01:13:25.379,1.0480171498850168,26.78873553971637,0.1808122887602576,0.7442757290913473,0.1117184916886042,0.1207184921160813,0.3792815316326443,0.385281531917629,0.4642815356699277,0
G_tilt,controlled_phase2,session_G_tilt.csv,2026-08-31 01:13:25.456,1.046718516615414,26.735786977099263,0.1799668973446359,0.7471272500849089,0.1110504411401169,0.120050441567594,0.3799495821811316,0.3849495824186189,0.3999495831310806,0
G_tilt,controlled_phase2,session_G_tilt.csv,2026-08-31 01:13:25.533,1.0462469632743088,26.34010902594077,0.1780454033730746,0.7359727991805611,0.1093731059745486,0.1183731064020257,0.3816269173466999,0.3876269176316846,0.3976269181066592,0
G_tilt,controlled_phase2,session_G_tilt.csv,2026-08-31 01:13:25.613,1.047803386651197,26.30674527510756,0.1784347234492242,0.7242370758369392,0.1085596441906946,0.1175596446181717,0.3814403790830565,0.3884403794155386,0.4014403800330055,0
G_tilt,controlled_phase2,session_G_tilt.csv,2026-08-31 01:13:25.689,1.0472531316852896,26.88064045322799,0.1810120521741463,0.7564393509588109,0.1113164979685159,0.120316498395993,0.3796835253527326,0.3856835256377173,0.4036835264926715,0
G_tilt,controlled_phase2,session_G_tilt.csv,2026-08-31 01:13:25.768,1.0487401648376442,27.117890241740763,0.1819428897302714,0.7593480074077216,0.111548812853029,0.1205488132805061,0.3794512104682195,0.3854512107532042,0.4044512116556558,0
G_tilt,controlled_phase2,session_G_tilt.csv,2026-08-31 01:13:25.845,1.051427394249353,26.35346047584419,0.178098452945483,0.725668908284447,0.1078990607838226,0.1158990611638022,0.383100962537426,0.3901009628699081,0.4091009637723597,0
G_tilt,controlled_phase2,session_G_tilt.csv,2026-08-31 01:13:25.922,1.045423613081048,24.883321996906822,0.1993314220461711,0.7161563398026641,0.1037228712506612,0.1117228716306408,0.3872771520705873,0.3942771524030695,0.4218771537140049,0
G_tilt,controlled_phase2,session_G_tilt.csv,2026-08-31 01:13:26.003,1.04485334516295,26.58046747213619,0.1792343945672623,0.7361130822287191,0.1093366831189039,0.1173366834988836,0.3816633402023446,0.3886633405348267,0.4256633422922324,0
G_tilt,controlled_phase2,session_G_tilt.csv,2026-08-31 01:13:26.078,1.0523321928402376,27.130565532061365,0.1821200454888777,0.7559543464216496,0.112190472631898,0.1201904730118776,0.3788095506893505,0.3858095510218327,0.481809555581588,0
G_tilt,controlled_phase2,session_G_tilt.csv,2026-08-31 01:13:26.156,1.0550178542649595,28.23749200569205,0.1866849192088036,0.7701011038744398,0.1178405022680932,0.1248405026005754,0.3721595210056578,0.3801595213856374,0.6401595337349748,0
G_tilt,controlled_phase2,session_G_tilt.csv,2026-08-31 01:13:26.236,1.055512518511456,27.291654954902302,0.181921845211347,0.760669090909091,0.1145303472580812,0.1215303475905633,0.3754696760156699,0.3834696763956495,0.4249796783672635,0
G_tilt,controlled_phase2,session_G_tilt.csv,2026-08-31 01:13:26.312,1.0533722521985598,27.752070541788303,0.1843469059303532,0.7624270813633784,0.115085485747322,0.1220854860798041,0.3749145375264291,0.3829145379064087,0.4839145427036513,0
G_tilt,controlled_phase2,session_G_tilt.csv,2026-08-31 01:13:26.388,1.0592057465121023,27.943838595370725,0.1849216537728044,0.7653353406541504,0.1156236771177596,0.1226236774502418,0.3763763462509863,0.3833763465834685,0.486376351475706,0
G_tilt,controlled_phase2,session_G_tilt.csv,2026-08-31 01:13:26.466,1.0631426555089185,28.60749886323066,0.1885588583621869,0.7781866894348677,0.1171108386136503,0.1261108390411274,0.3758891848025931,0.3818891850875778,0.6418891974369152,0
G_tilt,controlled_phase2,session_G_tilt.csv,2026-08-31 01:13:26.546,1.067935110921202,27.529526807219828,0.1826998509417066,0.7420931871691435,0.1137461176051608,0.1237461180801353,0.3782539057635852,0.3842539060485699,0.4192539077109807,0
G_tilt,controlled_phase2,session_G_tilt.csv,2026-08-31 01:13:26.622,1.0712895629010013,28.592679554993754,0.1886718174058239,0.7639911308203992,0.1167598577261352,0.1297598583436021,0.3772401657376056,0.3822401659750929,0.6412401782769328,0
G_tilt,controlled_phase2,session_G_tilt.csv,2026-08-31 01:13:26.698,1.0746092299583718,29.166494824471805,0.1914626295165176,0.7823574616498685,0.1181304847289175,0.1321304853938818,0.3758695387348234,0.3808695389723107,0.640869551321648,0
G_tilt,controlled_phase2,session_G_tilt.csv,2026-08-31 01:13:26.775,1.0764696195544965,29.05677381488433,0.1911891617086737,0.7642653459402672,0.1180991951636654,0.1300991957336348,0.3749008282525781,0.3809008285375628,0.6419008409343976,0
G_tilt,controlled_phase2,session_G_tilt.csv,2026-08-31 01:13:26.852,1.076996433209576,29.311164745867508,0.1920991123224006,0.7689466730723036,0.1194852326750035,0.1314852332449729,0.3735147907412399,0.3795147910262246,0.6415148034705569,0
G_tilt,controlled_phase2,session_G_tilt.csv,2026-08-31 01:13:26.930,1.0763110646602665,29.306862822718493,0.1909428707093851,0.7785599417422703,0.120193743002946,0.131193743525418,0.3738062804607949,0.3788062806982821,0.6398062930951169,0
G_tilt,controlled_phase2,session_G_tilt.csv,2026-08-31 01:13:27.005,1.0748594203897968,29.512611977845893,0.1913978768900436,0.7856938138264975,0.1215493548749993,0.1335493554449687,0.3714506685412442,0.3764506687787314,0.6374506811755662,0
G_tilt,controlled_phase2,session_G_tilt.csv,2026-08-31 01:13:27.083,1.0736730668697476,29.42115090327036,0.1899503213249771,0.7823236376300289,0.1208348557613028,0.1328348563312722,0.3721651676549407,0.3771651678924279,0.6381651802892627,0
G_tilt,controlled_phase2,session_G_tilt.csv,2026-08-31 01:13:27.159,1.0749841723148703,30.083756708612697,0.1936995769412697,0.7943587416817907,0.1237140560878382,0.1357140566578076,0.3702859673759027,0.3752859676133899,0.6352859799627273,0
G_tilt,controlled_phase2,session_G_tilt.csv,2026-08-31 01:13:27.238,1.074004725589975,30.152169264000285,0.194341460886108,0.7938163079721128,0.124111630629754,0.1341116311047285,0.3688883927864894,0.3758883931189716,0.6358884054683089,0
G_tilt,controlled_phase2,session_G_tilt.csv,2026-08-31 01:13:27.314,1.0743106570876215,30.181014848307125,0.194427881851274,0.7997834032760255,0.124021815977509,0.1340218164524835,0.3699782074862319,0.3749782077237191,0.6349782200730565,0
G_tilt,controlled_phase2,session_G_tilt.csv,2026-08-31 01:13:27.392,1.0746305644189278,29.89099651875244,0.1932233549743784,0.7930581358466627,0.1216741943091275,0.131674194784102,0.3703258290596185,0.3773258293921007,0.637325841741438,0
G_tilt,controlled_phase2,session_G_tilt.csv,2026-08-31 01:13:27.471,1.0747038325582956,29.95483234276047,0.1939570171823318,0.8007177823827972,0.1232630926192559,0.132263093046733,0.3697369307969875,0.3767369311294697,0.636736943478807,0
G_tilt,controlled_phase2,session_G_tilt.csv,2026-08-31 01:13:27.566,1.0762986447023992,24.360215654313496,1.751424105298696,0.6896227274106899,0.0736713999844678,0.0846714005069397,0.4193286234317757,0.4253286237167604,0.6853286360660977,0
G_tilt,controlled_phase2,session_G_tilt.csv,2026-08-31 01:13:27.641,1.0761277412137529,32.1910445438119,2.270545584767299,0.458415630982406,0.0489128529112208,0.0700871527409758,0.4499128719576988,0.4569128722901809,0.7169128846395183,0
G_tilt,controlled_phase2,session_G_tilt.csv,2026-08-31 01:13:27.721,1.078848696085926,29.98779570167924,0.1929383239525792,0.8003797083839611,0.122342168629896,0.1333421691523679,0.3706578547863475,0.3766578550713322,0.6366578674206695,0
G_tilt,controlled_phase2,session_G_tilt.csv,2026-08-31 01:13:27.800,1.0779783352880847,29.72546809370692,0.1918257339425423,0.7917350100236924,0.1200524782129695,0.1310524787354414,0.3719475451557765,0.3789475454882587,0.6369475577426011,0
G_tilt,controlled_phase2,session_G_tilt.csv,2026-08-31 01:13:27.880,1.079240108588275,29.999284750734912,0.1932896405557004,0.7934617718446602,0.121425582223716,0.1334255827936854,0.37057444114503,0.3775744414775122,0.638574453874347,0
G_tilt,controlled_phase2,session_G_tilt.csv,2026-08-31 01:13:27.956,1.079339451694136,29.688620697216013,0.1913615753748447,0.7853660013931373,0.1204672972812945,0.132467297851264,0.3715327260874514,0.3785327264199336,0.6365327386742761,0
G_tilt,controlled_phase2,session_G_tilt.csv,2026-08-31 01:13:28.037,1.081505814554237,30.22752629273319,0.194032757988193,0.7981805776665909,0.1239811293820782,0.1349811299045502,0.3690188940341652,0.3760188943666473,0.6340189066209898,0
G_tilt,controlled_phase2,session_G_tilt.csv,2026-08-31 01:13:28.115,1.082040473186781,29.54765718784196,0.1900758276786946,0.7707728952270437,0.1198898887371853,0.1318898893071547,0.3731101346790582,0.3801101350115403,0.4521101384313568,0
G_tilt,controlled_phase2,session_G_tilt.csv,2026-08-31 01:13:28.189,1.0810252644141245,29.968486392738853,0.1928635488354714,0.7980719204284621,0.1251521865105918,0.1341521869380688,0.3688478369531491,0.3768478373331287,0.6318478494449788,0
G_tilt,controlled_phase2,session_G_tilt.csv,2026-08-31 01:13:28.269,1.080953215446918,30.543330067693763,0.1962043884998549,0.7992609333007574,0.1267121059452058,0.1387121065151753,0.367287917518535,0.3752879178985147,0.6322879301053597,0
G_tilt,controlled_phase2,session_G_tilt.csv,2026-08-31 01:13:28.349,1.083134189132413,30.095891470042776,0.1941600267545777,0.7919770245573081,0.123692432886578,0.1336924333615525,0.3703075905771629,0.3763075908621476,0.6363076032114849,0
G_tilt,controlled_phase2,session_G_tilt.csv,2026-08-31 01:13:28.425,1.0811660648902146,29.11483624641912,0.1890995876892748,0.7679708406385531,0.1188572385819601,0.1308572391519296,0.3731427847867858,0.3791427850717705,0.4469327882916237,0
G_tilt,controlled_phase2,session_G_tilt.csv,2026-08-31 01:13:28.503,1.0819098963212457,29.715338645283506,0.1922210664289854,0.78707674336392,0.1217478885388967,0.1337478891088661,0.3712521348773467,0.3772521351623314,0.6372521475116688,0
G_tilt,controlled_phase2,session_G_tilt.csv,2026-08-31 01:13:28.580,1.0821593212638014,29.52681194325986,0.1912260244813192,0.7833238360721381,0.1222988307153216,0.1322988311902961,0.3707011927009218,0.377701193033404,0.634701205240249,0
G_tilt,controlled_phase2,session_G_tilt.csv,2026-08-31 01:13:28.656,1.0832612481558364,29.590920556706813,0.1916144384270224,0.7903161264505802,0.1221826788725932,0.1331826793950652,0.3708173445436502,0.3768173448286349,0.6358173571304748,0
G_tilt,controlled_phase2,session_G_tilt.csv,2026-08-31 01:13:28.734,1.0790303326904471,30.09421839396941,0.1945427378530539,0.7971107250617171,0.1257751728387708,0.1357751733137453,0.3682248506249701,0.3752248509574523,0.6332248632117947,0
G_tilt,controlled_phase2,session_G_tilt.csv,2026-08-31 01:13:28.810,1.0787905441975454,29.978889087681942,0.1932311698869786,0.8009973697413832,0.1260760098196482,0.1360760102946228,0.3679240136440926,0.3759240140240723,0.6309240261359224,0
G_tilt,controlled_phase2,session_G_tilt.csv,2026-08-31 01:13:28.886,1.0781717172747358,29.94843451538549,0.1929690573924707,0.7984821006751299,0.1224243165879654,0.1334243171104374,0.3695757067807805,0.3765757071132627,0.6355757194151026,0
G_tilt,controlled_phase2,session_G_tilt.csv,2026-08-31 01:13:28.963,1.079121648993242,30.07320151846661,0.1937550611543604,0.8027916584395267,0.1249773142184287,0.1349773146934032,0.3680227091978147,0.3760227095777944,0.6330227217846394,0
G_tilt,controlled_phase2,session_G_tilt.csv,2026-08-31 01:13:29.040,1.0799346639451723,30.178926824495807,0.1945082601835304,0.8013494741020044,0.1244471336987913,0.1344471341737658,0.3685528897174521,0.3755528900499343,0.6345529023517742,0
G_tilt,controlled_phase2,session_G_tilt.csv,2026-08-31 01:13:29.121,1.081169210896939,30.210206788162303,0.1949995228819768,0.8044558618896891,0.1254679326227092,0.1354679330976838,0.3675320907935342,0.3765320912210113,0.6335321034278563,0
G_tilt,controlled_phase2,session_G_tilt.csv,2026-08-31 01:13:29.198,1.079626792226594,29.96820752776607,0.1928248956537127,0.7977112083473578,0.1224896634171632,0.1334896639396352,0.3685103599040853,0.3765103602840649,0.6355103725859048,0
G_tilt,controlled_phase2,session_G_tilt.csv,2026-08-31 01:13:29.274,1.079558843461016,29.50341232152777,0.1906671353483172,0.7905114832098088,0.1197399178476481,0.1307399183701201,0.370260105426103,0.3782601058060826,0.6342601179654301,0
G_tilt,controlled_phase2,session_G_tilt.csv,2026-08-31 01:13:29.353,1.0814624791123737,29.717631245789583,0.191796611138373,0.800335724095834,0.1214325252244725,0.1334325257944419,0.369567498096776,0.3775674984767556,0.6335675106361032,0
G_tilt,controlled_phase2,session_G_tilt.csv,2026-08-31 01:13:29.431,1.078635205294045,29.56524465680015,0.1915342648536496,0.7976943386958123,0.1180527502958941,0.131052750913361,0.3699472728828621,0.3779472732628417,0.6379472856121791,0
G_tilt,controlled_phase2,session_G_tilt.csv,2026-08-31 01:13:29.507,1.0797781401911524,29.739911934161025,0.1924538324261189,0.7955194107718275,0.119663010133588,0.1316630107035574,0.3693370130926656,0.3783370135201427,0.6373370258219826,0
G_tilt,controlled_phase2,session_G_tilt.csv,2026-08-31 01:13:29.584,1.0797618034226837,29.95785046918959,0.1933927719686311,0.8028366631081287,0.1207694277280042,0.1317694282504762,0.3692305955457469,0.3782305959732239,0.6362306082275664,0
G_tilt,controlled_phase2,session_G_tilt.csv,2026-08-31 01:13:29.661,1.080623707240848,30.349176691936204,0.1963637895480532,0.8123787290807665,0.1234533771952752,0.1344533777177472,0.3685466461734707,0.3785466466484453,0.6365466589027877,0
G_tilt,controlled_phase2,session_G_tilt.csv,2026-08-31 01:13:29.742,1.0805052488264406,30.42345115011224,0.1962243500248988,0.8155257756851383,0.1222345977411207,0.1352345983585876,0.3687654255801278,0.3777654260076049,0.6347654382144499,0
G_tilt,controlled_phase2,session_G_tilt.csv,2026-08-31 01:13:29.819,1.081912838045501,30.21982064355276,0.1944088802837719,0.8055404178019981,0.1218240596767348,0.1338240602467042,0.3691759636445137,0.3781759640719908,0.6351759762788358,0
G_tilt,controlled_phase2,session_G_tilt.csv,2026-08-31 01:13:29.896,1.0835360660904276,29.95930916513948,0.1938965870139818,0.7855007929730389,0.1189821180095269,0.1309821185794963,0.3720179053117216,0.3810179057391987,0.6380179179460437,0
G_tilt,controlled_phase2,session_G_tilt.csv,2026-08-31 01:13:29.974,1.0826767484152864,30.11108832383832,0.1949707192204789,0.7956804832516278,0.1201870987618385,0.1311870992843105,0.37081292455941,0.3808129250343846,0.6378129372412296,0
G_tilt,controlled_phase2,session_G_tilt.csv,2026-08-31 01:13:30.050,1.0829828100596104,29.91772388812892,0.1929984154862024,0.7888757432350443,0.1196100348038509,0.1306100353263228,0.3723899885648951,0.3813899889923722,0.6363900011042223,0
G_tilt,controlled_phase2,session_G_tilt.csv,2026-08-31 01:13:30.130,1.0855432350009342,30.2210360004036,0.194800325750056,0.7858119001919386,0.1217566890844756,0.1327566896069476,0.3702433342842703,0.3802433347592449,0.6372433469660899,0
G_tilt,controlled_phase2,session_G_tilt.csv,2026-08-31 01:13:30.205,1.0858076889749513,30.09366288639519,0.1935201356223404,0.7890471512770137,0.120721395714312,0.1337213963317789,0.3702786276069365,0.3782786279869161,0.6342786401462637,0
G_tilt,controlled_phase2,session_G_tilt.csv,2026-08-31 01:13:30.284,1.0812011609243386,30.000647235038016,0.1929082391536425,0.7949574448613526,0.1203958142661283,0.1333958148835952,0.3696042090076228,0.3786042094350998,0.63360422154695,0
G_tilt,controlled_phase2,session_G_tilt.csv,2026-08-31 01:13:30.360,1.082932432056953,30.725089783865,0.1973556074588196,0.8143733329314787,0.1235911389494242,0.1355911395193936,0.3684088844193218,0.3794088849417938,0.6334088970061464,0
G_tilt,controlled_phase2,session_G_tilt.csv,2026-08-31 01:13:30.437,1.0828764965205764,30.58308635938084,0.1966873049964108,0.8086883120798287,0.1231500164006969,0.1361500170181637,0.3698500070155466,0.3808500075380185,0.6348500196023712,0
G_tilt,controlled_phase2,session_G_tilt.csv,2026-08-31 01:13:30.516,1.0875773929409118,30.570714879547545,0.1967693366987299,0.8061635066756081,0.1240414922051336,0.136041492775103,0.3709585313061048,0.3819585318285767,0.6349585438454319,0
G_tilt,controlled_phase2,session_G_tilt.csv,2026-08-31 01:13:30.593,1.0847411416691877,30.117277105069324,0.1938236514855255,0.7970124355474674,0.1194470332742785,0.1324470338917454,0.3745529901894624,0.3855529907119344,0.6385530027287896,0
G_tilt,controlled_phase2,session_G_tilt.csv,2026-08-31 01:13:30.671,1.087396488952087,30.434471300414213,0.1953869216049494,0.7986768060836502,0.120960644528592,0.1329606450985614,0.3740393789826464,0.3870393796001132,0.6380393915219735,0
G_tilt,controlled_phase2,session_G_tilt.csv,2026-08-31 01:13:30.752,1.0860785462096163,29.41627271352952,0.1902990933218163,0.7866525812970788,0.1143926657309897,0.128392666395954,0.3786073576852538,0.3886073581602283,0.6446073703195758,0
G_tilt,controlled_phase2,session_G_tilt.csv,2026-08-31 01:13:30.827,1.0854098007594246,30.28067982168902,0.1944854514625135,0.8004829597229816,0.119259300361068,0.1322593009785349,0.3757407231501704,0.3867407236726423,0.6397407356894975,0
G_tilt,controlled_phase2,session_G_tilt.csv,2026-08-31 01:13:30.904,1.0861895288952208,30.013706195763127,0.193209556954146,0.7966768426967998,0.119192059244952,0.1301920597674239,0.3758079642662864,0.3868079647887583,0.6398079768056135,0
G_tilt,controlled_phase2,session_G_tilt.csv,2026-08-31 01:13:30.983,1.0863396284280524,29.8849020344187,0.1930476523636125,0.7965948999847305,0.1180883702447186,0.130088370814688,0.3759116532190223,0.3859116536939968,0.6409116658058469,0
G_tilt,controlled_phase2,session_G_tilt.csv,2026-08-31 01:13:31.060,1.084002850647622,29.529769943838645,0.1907839900865109,0.7900180743935965,0.1159183973404551,0.1279183979104245,0.3780816261232858,0.3880816265982603,0.6440816387576078,0
G_tilt,controlled_phase2,session_G_tilt.csv,2026-08-31 01:13:31.139,1.084404530162852,29.998438252304407,0.1933013731099061,0.7932212136850734,0.1185888614658245,0.1295888619882965,0.3764111620454138,0.3864111625203883,0.6414111746322384,0
G_tilt,controlled_phase2,session_G_tilt.csv,2026-08-31 01:13:31.216,1.0846501764734895,30.367251855573564,0.19607470051918,0.79580288381523,0.1214770910890234,0.1334770916589929,0.3735229324222149,0.3845229329446868,0.6385229450090395,0
G_tilt,controlled_phase2,session_G_tilt.csv,2026-08-31 01:13:31.292,1.0850261814794786,30.013881479995344,0.1939292808704619,0.7934369969933489,0.1213882281970704,0.1323882287195423,0.373611795314168,0.3836117957891425,0.6376118078534951,0
G_tilt,controlled_phase2,session_G_tilt.csv,2026-08-31 01:13:31.370,1.086901069526046,30.12053368637457,0.1942242181581853,0.7917074663402692,0.1211532340286434,0.1331532345986128,0.373846789482595,0.3838467899575695,0.6388468020694196,0
G_tilt,controlled_phase2,session_G_tilt.csv,2026-08-31 01:13:31.447,1.0859232105967254,29.815833671397844,0.1929893271672768,0.7906834856088223,0.1191183382030804,0.1311183387730499,0.3748816852606604,0.38288168564064,0.6388816977999876,0
G_tilt,controlled_phase2,session_G_tilt.csv,2026-08-31 01:13:31.531,1.082814382528697,29.582749049443112,0.1917666083872503,0.785050425153253,0.1172942663825442,0.1292942669525136,0.3767057570811967,0.3847057574611763,0.6427057697155187,0
G_tilt,controlled_phase2,session_G_tilt.csv,2026-08-31 01:13:31.603,1.0839211318061823,29.49681995188151,0.1913362792534474,0.7846242880204685,0.1171015863850293,0.1291015869549987,0.3778984371262091,0.3858984375061887,0.6428984497130337,0
G_tilt,controlled_phase2,session_G_tilt.csv,2026-08-31 01:13:31.681,1.082851326220211,29.228409960524907,0.1894559440849537,0.778526963059923,0.1157941030022455,0.1287941036197124,0.3782059204614953,0.386205920841475,0.4652059245937736,0
G_tilt,controlled_phase2,session_G_tilt.csv,2026-08-31 01:13:31.759,1.08464844203802,29.290820959636733,0.1905566664410768,0.7814005074522554,0.1177691300106948,0.1297691305806643,0.376230893453046,0.3852308938805231,0.6412309060398707,0
G_tilt,controlled_phase2,session_G_tilt.csv,2026-08-31 01:13:31.836,1.0834565808524832,29.54257659579829,0.1917600517561662,0.7827173205335918,0.119934942025965,0.1309349425484369,0.3750650814852734,0.3840650819127504,0.6390650940246005,0
G_tilt,controlled_phase2,session_G_tilt.csv,2026-08-31 01:13:31.914,1.0847599665374956,29.486624018662376,0.1917293362955259,0.7824676800897228,0.1171911969698686,0.1301911975873355,0.3758088264463748,0.3838088268263544,0.6408088390331994,0
G_tilt,controlled_phase2,session_G_tilt.csv,2026-08-31 01:13:31.990,1.085458858374709,29.697850592517987,0.1927453452099607,0.7875831351220325,0.1215149360063214,0.1325149365287934,0.3734850875049169,0.382485087932394,0.6374851000442441,0
G_tilt,controlled_phase2,session_G_tilt.csv,2026-08-31 01:13:32.067,1.0824602065621944,29.111003553001108,0.1889628294123764,0.7761021587108544,0.11615552391174,0.1271555244342119,0.3778444995520009,0.3858444999319805,0.6418445120913281,0
G_tilt,controlled_phase2,session_G_tilt.csv,2026-08-31 01:13:32.143,1.0817265291686875,29.16360472961192,0.1894106098379959,0.7798334595003785,0.1160890138409569,0.1280890144109263,0.377911009622784,0.3849110099552661,0.6419110221621112,0
G_tilt,controlled_phase2,session_G_tilt.csv,2026-08-31 01:13:32.220,1.0828816939461954,29.324711780487792,0.1905954269713935,0.7780504430811179,0.1178456467395323,0.1298456473095017,0.3761543767242086,0.3831543770566907,0.6401543892635357,0
G_tilt,controlled_phase2,session_G_tilt.csv,2026-08-31 01:13:32.299,1.085135537676656,29.44104162356529,0.1907535551089406,0.7830194392296979,0.1191676160277468,0.1321676166452137,0.3738324073884966,0.3818324077684762,0.4618324115682723,0
G_tilt,controlled_phase2,session_G_tilt.csv,2026-08-31 01:13:32.375,1.087787019085655,29.62922343592008,0.1914916663643167,0.7831516594913133,0.1200973157101175,0.1320973162800869,0.3739027077536234,0.3809027080861056,0.6359027201979557,0
G_tilt,controlled_phase2,session_G_tilt.csv,2026-08-31 01:13:32.453,1.0882946280825692,29.92689462944037,0.1933876187808825,0.7916615853658536,0.1233584204933566,0.1333584209683311,0.3726416030653792,0.3796416033978613,0.6366416156047063,0
G_tilt,controlled_phase2,session_G_tilt.csv,2026-08-31 01:13:32.528,1.0873917934942767,29.43232414447325,0.1901718026811955,0.7836153705174415,0.1180686414439908,0.1310686420614577,0.37593138201975,0.3819313823047348,0.4509313855820589,0
G_tilt,controlled_phase2,session_G_tilt.csv,2026-08-31 01:13:32.606,1.087151535057518,29.43946054742745,0.1901373625379342,0.7847955726571723,0.1168077196717216,0.1308077203366859,0.3761923037445218,0.383192304077004,0.4778923085750097,0
G_tilt,controlled_phase2,session_G_tilt.csv,2026-08-31 01:13:32.683,1.0863626165907876,29.71026280665934,0.1920447535851059,0.7874777258258578,0.1163544733070429,0.1293544739245098,0.3766455501092005,0.3846455504891801,0.64364556279102,0
G_tilt,controlled_phase2,session_G_tilt.csv,2026-08-31 01:13:32.760,1.082311079061505,29.91315798084646,0.1927780082983055,0.7957332613714732,0.1178834273856153,0.1298834279555847,0.3771165961256231,0.3841165964581052,0.6421166087124477,0
G_tilt,controlled_phase2,session_G_tilt.csv,2026-08-31 01:13:32.836,1.081232601459453,29.439508304574225,0.1897932773697873,0.7937792863150306,0.1138007383140518,0.1288007390265135,0.3791992851021917,0.3871992854821713,0.6451992977365137,0
G_tilt,controlled_phase2,session_G_tilt.csv,2026-08-31 01:13:32.916,1.0794804084154228,29.611802754509835,0.190752277380289,0.7949987287438494,0.1135624988506989,0.1295624996106581,0.3794375245655446,0.3874375249455242,0.6454375371998666,0
G_tilt,controlled_phase2,session_G_tilt.csv,2026-08-31 01:13:32.992,1.0828366098286597,29.7121846010238,0.1909377022307798,0.7949786404856479,0.1137096658970593,0.1297096666570185,0.3792903575191841,0.3872903578991638,0.6452903701535062,0
G_tilt,controlled_phase2,session_G_tilt.csv,2026-08-31 01:13:33.070,1.0799617504597736,29.36071118951545,0.1885411664346336,0.7914629390767015,0.1106234866713775,0.1266234874313367,0.3813765366973685,0.3893765370773481,0.493376542017083,0
G_tilt,controlled_phase2,session_G_tilt.csv,2026-08-31 01:13:33.148,1.0791553646086256,29.60522530862808,0.1902778360966706,0.7938621369077827,0.1115382326017191,0.1275382333616783,0.3814617908145243,0.3894617911945039,0.6454618033538515,0
G_tilt,controlled_phase2,session_G_tilt.csv,2026-08-31 01:13:33.225,1.07839097919866,29.404273020768013,0.189192469518705,0.7904135338345865,0.1088113937587875,0.1258113945662442,0.3841886296574559,0.3911886299899381,0.6471886421492856,0
G_tilt,controlled_phase2,session_G_tilt.csv,2026-08-31 01:13:33.304,1.0822644474722165,29.71873223947621,0.1911558655971297,0.7957640621711812,0.112919991534232,0.1269199921991963,0.3830800320245038,0.3900800323569859,0.6480800446113284,0
G_tilt,controlled_phase2,session_G_tilt.csv,2026-08-31 01:13:33.384,1.0767544943784926,29.21966105043312,0.1878444329863602,0.7841613980675176,0.1090112929029163,0.1250112936628755,0.385988730608322,0.3919887308933067,0.6489887431001518,0
G_tilt,controlled_phase2,session_G_tilt.csv,2026-08-31 01:13:33.460,1.0798025547649184,29.535400071706125,0.1894477355422273,0.7945242329592157,0.1113295825000721,0.1253295831650365,0.3836704410111662,0.3906704413436483,0.6476704535504934,0
G_tilt,controlled_phase2,session_G_tilt.csv,2026-08-31 01:13:33.539,1.0804270136547325,29.90018369783478,0.1915659640499397,0.7982686959901922,0.1130520640964736,0.1290520648564328,0.3819479594147648,0.3899479597947444,0.6479479720490868,0
G_tilt,controlled_phase2,session_G_tilt.csv,2026-08-31 01:13:33.619,1.0810065425098567,29.87746105354832,0.1909438048690012,0.7980961547137465,0.1135368115644159,0.1295368123243752,0.3824632119943199,0.389463212326802,0.646463224533647,0
G_tilt,controlled_phase2,session_G_tilt.csv,2026-08-31 01:13:33.698,1.0814696567705335,29.73239771793167,0.1899065168444822,0.7975247524752476,0.1120115864783803,0.1280115872383396,0.382988437032858,0.3899884373653401,0.6479884496196826,0
G_tilt,controlled_phase2,session_G_tilt.csv,2026-08-31 01:13:33.775,1.0824813274206495,30.053067875932427,0.1922616738154697,0.7966662177731891,0.112664936296517,0.1296649371039737,0.3823350872147213,0.3903350875947009,0.6473350998015459,0
G_tilt,controlled_phase2,session_G_tilt.csv,2026-08-31 01:13:33.851,1.0796620575727,29.520675134575857,0.1889924635154093,0.7877277776109993,0.1091019534874291,0.1241019541998909,0.3868980700713067,0.3928980703562914,0.648898082515639,0
G_tilt,controlled_phase2,session_G_tilt.csv,2026-08-31 01:13:33.931,1.0776668363926845,29.59879432111457,0.189695267068205,0.7807909268161995,0.1085357933284807,0.1235357940409425,0.3874642302302551,0.3944642305627373,0.6504642427220848,0
G_tilt,controlled_phase2,session_G_tilt.csv,2026-08-31 01:13:34.008,1.0790671750349663,29.768864823548,0.190516883008727,0.7857989919952565,0.1090894656024614,0.128089466504913,0.3859105579087769,0.3939105582887565,0.6499105704481041,0
G_tilt,controlled_phase2,session_G_tilt.csv,2026-08-31 01:13:34.085,1.079811197898146,29.49484950613511,0.1889363444052113,0.7752788853545988,0.1073496011444097,0.1263496020468613,0.3876504223668287,0.3946504226993108,0.6506504348586584,0
G_tilt,controlled_phase2,session_G_tilt.csv,2026-08-31 01:13:34.160,1.0806246581077603,29.04367576284489,0.185329089998311,0.7694297012434408,0.1057794333722963,0.1267794343697428,0.3882205900914446,0.3952205904239267,0.4632205936537534,0
G_tilt,controlled_phase2,session_G_tilt.csv,2026-08-31 01:13:34.239,1.0824780128474512,29.26283903872068,0.1870046928079088,0.7706400011993464,0.1069835740363664,0.1269835749863155,0.3870164494273744,0.3940164497598566,0.4789964537961859,0
G_tilt,controlled_phase2,session_G_tilt.csv,2026-08-31 01:13:34.318,1.082483490456783,29.927995726152783,0.1910820095126628,0.7882409392853394,0.1112173124846258,0.1292173133395799,0.3837827110266125,0.3907827113590947,0.6487827236134371,0
G_tilt,controlled_phase2,session_G_tilt.csv,2026-08-31 01:13:34.394,1.0856157842475864,30.19517990026258,0.1929712632814366,0.799093632846023,0.1137728414899794,0.132772842392431,0.3812271820212589,0.3882271823537411,0.6462271946080835,0
G_tilt,controlled_phase2,session_G_tilt.csv,2026-08-31 01:13:34.473,1.086722634465887,30.17739799138988,0.1932600003489735,0.8027754288475477,0.1164841502536471,0.1324841510136063,0.3785158732575913,0.3855158735900734,0.6425158857969184,0
G_tilt,controlled_phase2,session_G_tilt.csv,2026-08-31 01:13:34.551,1.0836231792993611,29.935277147257217,0.1920197728169396,0.7977820187236089,0.1140384894954589,0.1290384902079207,0.3809615340157795,0.3879615343482616,0.6459615466026041,0
G_tilt,controlled_phase2,session_G_tilt.csv,2026-08-31 01:13:34.630,1.0796309909010111,29.906964796677503,0.1922173459190769,0.7874497857025522,0.1110669377605,0.1280669385679567,0.3829330857032409,0.3909330860832205,0.6499330983850604,0
G_tilt,controlled_phase2,session_G_tilt.csv,2026-08-31 01:13:34.706,1.0828760528270929,29.43190584453821,0.1898259107139184,0.7717109308219486,0.1088339508526425,0.1268339517075967,0.3851660726110983,0.3921660729435805,0.6511660852454204,0
G_tilt,controlled_phase2,session_G_tilt.csv,2026-08-31 01:13:34.784,1.0838190018132627,29.35780096842603,0.188917613587014,0.7676507376765074,0.1081171442464599,0.126117145101414,0.3848828791697836,0.3928828795497632,0.6508828918041056,0
G_tilt,controlled_phase2,session_G_tilt.csv,2026-08-31 01:13:34.861,1.0828606786108204,29.91466009271976,0.192059333133781,0.7825581741799005,0.1107347429171574,0.1307347438671064,0.3832652805465835,0.3912652809265631,0.6492652931809055,0
G_tilt,controlled_phase2,session_G_tilt.csv,2026-08-31 01:13:34.940,1.081208088338979,29.835919471805926,0.1910941522198318,0.7790563694315172,0.1085627866669227,0.1315627877593641,0.3844372367493207,0.3924372371293003,0.6514372494311402,0
G_tilt,controlled_phase2,session_G_tilt.csv,2026-08-31 01:13:35.020,1.077715935665292,29.55799719848088,0.1902138468702562,0.7782608695652173,0.1073291192097454,0.1293291202546893,0.3866709042539955,0.3946709046339751,0.6526709168883176,0
G_tilt,controlled_phase2,session_G_tilt.csv,2026-08-31 01:13:35.101,1.07667220026199,29.790434328620567,0.1912614395080563,0.7785660220543493,0.1079595474184278,0.1299595484633717,0.3850404759978156,0.3940404764252927,0.6520404886796352,0
G_tilt,controlled_phase2,session_G_tilt.csv,2026-08-31 01:13:35.176,1.077520589165666,30.02303384651134,0.1923832809339162,0.7822543532799905,0.10815492697845,0.130154928023394,0.3858450964852908,0.3938450968652704,0.6538451092146078,0
G_tilt,controlled_phase2,session_G_tilt.csv,2026-08-31 01:13:35.254,1.078852315800605,30.24983571961129,0.1936615985882608,0.783535459473832,0.1104987570394782,0.1334987581319195,0.3835012664242627,0.3935012668992372,0.6515012791535797,0
G_tilt,controlled_phase2,session_G_tilt.csv,2026-08-31 01:13:35.332,1.0771584813948385,29.927884779135848,0.1917242644796616,0.7807175816374823,0.1077792437609808,0.1307792448534221,0.3862207797027601,0.3942207800827397,0.6522207923370822,0
G_tilt,controlled_phase2,session_G_tilt.csv,2026-08-31 01:13:35.409,1.0765827226150777,29.913125561203344,0.1917858435334623,0.7781276924448142,0.1072203176391131,0.129220318684057,0.3857797057771304,0.3947797062046074,0.6547797185539448,0
G_tilt,controlled_phase2,session_G_tilt.csv,2026-08-31 01:13:35.488,1.0787360918463496,29.75196818943462,0.1909522854134979,0.7770445999970277,0.1072081136420546,0.1292081146869985,0.3867919098216863,0.3947919102016659,0.6537919225035058,0
G_tilt,controlled_phase2,session_G_tilt.csv,2026-08-31 01:13:35.566,1.078412653571441,30.02710938746174,0.1920638739348007,0.7814387699066447,0.1072373561183313,0.1302373572107726,0.3857626672979122,0.3947626677253892,0.6517626799322342,0
G_tilt,controlled_phase2,session_G_tilt.csv,2026-08-31 01:13:35.643,1.0778025422960742,30.18130903264973,0.192692806890281,0.7854837276792325,0.1074399352165405,0.1294399362614844,0.3865600882472004,0.3955600886746775,0.651560100834025,0
G_tilt,controlled_phase2,session_G_tilt.csv,2026-08-31 01:13:35.719,1.0771955639845543,30.459341669996903,0.194177810666628,0.7883932910218086,0.1078976328325298,0.1318976339724686,0.3861023906312111,0.3951023910586881,0.654102403360528,0
G_tilt,controlled_phase2,session_G_tilt.csv,2026-08-31 01:13:35.796,1.0763227255411885,30.296498147825424,0.1925766635406179,0.7911043080229015,0.1074275252296987,0.1344275265121299,0.3865724982340421,0.3955724986615192,0.6525725108683642,0
G_tilt,controlled_phase2,session_G_tilt.csv,2026-08-31 01:13:35.872,1.078381364351677,30.092063447453537,0.1924717530019549,0.7825342718432275,0.1059200546125871,0.1319200558475208,0.3890799688986512,0.3980799693261283,0.6560799815804708,0
G_tilt,controlled_phase2,session_G_tilt.csv,2026-08-31 01:13:35.952,1.0761862528965171,29.969804951028337,0.1914737425405503,0.7788368050440471,0.1048220491141913,0.130822050349125,0.390177974397047,0.3981779747770266,0.6561779870313691,0
G_tilt,controlled_phase2,session_G_tilt.csv,2026-08-31 01:13:36.031,1.0757455579247888,30.11908812765396,0.1921980709794532,0.7904838473907323,0.1068805927099425,0.1288805937548864,0.3891194308487933,0.3981194312762703,0.6531194433881204,0
G_tilt,controlled_phase2,session_G_tilt.csv,2026-08-31 01:13:36.106,1.0736956097370576,29.69056644651128,0.189630653135519,0.7760997067448681,0.1041446383776896,0.1291446395651259,0.3918553851810462,0.3998553855610258,0.6568553977678708,0
G_tilt,controlled_phase2,session_G_tilt.csv,2026-08-31 01:13:36.186,1.0776751058914136,29.731750211727853,0.1904866653453214,0.7802582944320909,0.1046422362571464,0.1306422374920801,0.3913577873015894,0.399357787681569,0.656357799888414,0
G_tilt,controlled_phase2,session_G_tilt.csv,2026-08-31 01:13:36.261,1.0750791774509154,30.09522349570962,0.1917371927565463,0.7823927303539862,0.1057475542929986,0.1297475554329374,0.3882524691707423,0.3972524695982193,0.6532524817575669,0
G_tilt,controlled_phase2,session_G_tilt.csv,2026-08-31 01:13:36.340,1.0752984557149778,29.91821794717617,0.1908334432571179,0.7795357719994124,0.1038467950015045,0.1308467962839357,0.3901532284622364,0.398153228842216,0.6561532410965585,0
G_tilt,controlled_phase2,session_G_tilt.csv,2026-08-31 01:13:36.418,1.0748314998150053,30.29402610592628,0.1927692526871638,0.7864773870079141,0.1067492726804681,0.1347492740103968,0.3882507508307702,0.3962507512107498,0.6532507634175948,0
G_tilt,controlled_phase2,session_G_tilt.csv,2026-08-31 01:13:36.495,1.075875997729566,30.569234880539668,0.194520667241936,0.7924721135315074,0.1093843858530743,0.1343843870405106,0.3856156376581641,0.3936156380381437,0.6506156502449887,0
G_tilt,controlled_phase2,session_G_tilt.csv,2026-08-31 01:13:36.572,1.079388713735791,30.21250734799668,0.1929460250540732,0.7849245933665843,0.1076665435128088,0.132666544700245,0.3873334799984296,0.3943334803309117,0.6523334925852542,0
G_tilt,controlled_phase2,session_G_tilt.csv,2026-08-31 01:13:36.654,1.082586946007013,29.96104152811984,0.1917770540722621,0.7773420544521111,0.105079752338014,0.1300797535254503,0.3889202711257269,0.395920271458209,0.654920283760049,0
G_tilt,controlled_phase2,session_G_tilt.csv,2026-08-31 01:13:36.730,1.080973303839908,29.97756698860112,0.1912030597589289,0.7731453096259964,0.1054253612904283,0.1304253624778646,0.3875746621258151,0.3955746625057947,0.6525746747126397,0
G_tilt,controlled_phase2,session_G_tilt.csv,2026-08-31 01:13:36.807,1.080157346678384,29.840558494445705,0.1908225382284362,0.7760699576195308,0.1055682912913091,0.1285682923837505,0.3884317321724317,0.3954317325049139,0.6534317447592564,0
G_tilt,controlled_phase2,session_G_tilt.csv,2026-08-31 01:13:36.883,1.080137101663469,29.793620434115656,0.1902903951606361,0.7785204858106294,0.1052340773924895,0.1302340785799258,0.3887659460712513,0.3957659464037335,0.653765958658076,0
G_tilt,controlled_phase2,session_G_tilt.csv,2026-08-31 01:13:36.961,1.0780096087248303,29.593197457757974,0.1895674616551051,0.7744840970030962,0.1060996302413046,0.129099631333746,0.3869003931749388,0.393900393507421,0.6519004057617634,0
G_tilt,controlled_phase2,session_G_tilt.csv,2026-08-31 01:13:37.039,1.0747543925821006,30.129245371787874,0.1931665517060549,0.787357500805908,0.1092229633098997,0.1312229643548437,0.3857770602013386,0.3937770605813182,0.6517770728356607,0
G_tilt,controlled_phase2,session_G_tilt.csv,2026-08-31 01:13:37.118,1.0761189197129752,30.25971013736349,0.1931493516247943,0.7903940380835021,0.1093637642532681,0.1323637653457094,0.3856362592579703,0.3936362596379499,0.6526362719397898,0
G_tilt,controlled_phase2,session_G_tilt.csv,2026-08-31 01:13:37.194,1.0715930956630142,29.97847700740716,0.1916544146987345,0.7881650631737568,0.1070596724085806,0.130059673501022,0.3879403511026578,0.3969403515301348,0.6519403636419849,0
G_tilt,controlled_phase2,session_G_tilt.csv,2026-08-31 01:13:37.273,1.0693035168658855,30.031187915416822,0.1921127065960399,0.7889409451096072,0.1081721955479906,0.1301721965929345,0.3868278279632478,0.3958278283907248,0.6518278405500724,0
G_tilt,controlled_phase2,session_G_tilt.csv,2026-08-31 01:13:37.351,1.0699260047288428,30.28322858065023,0.1938938106548468,0.7865828092243187,0.1084566956740795,0.1314566967665209,0.3865433278371588,0.3965433283121333,0.6515433404239834,0
G_tilt,controlled_phase2,session_G_tilt.csv,2026-08-31 01:13:37.426,1.0694366652623293,29.9219015400744,0.1918893822279627,0.7880638485694852,0.1074093334760777,0.1294093345210216,0.3875906900351606,0.3975906905101352,0.6515907025744878,0
G_tilt,controlled_phase2,session_G_tilt.csv,2026-08-31 01:13:37.509,1.069536753124133,29.90477754291221,0.1914532054761707,0.7845956020458289,0.1083829912489935,0.12938299224644,0.3866170322622448,0.3956170326897219,0.6526170448965669,0
G_tilt,controlled_phase2,session_G_tilt.csv,2026-08-31 01:13:37.585,1.0772638376091528,29.95376770207855,0.1920806893737218,0.7837722962376702,0.1096449655619578,0.1316449666069017,0.3853550579492806,0.3933550583292602,0.6513550705836026,0
G_tilt,controlled_phase2,session_G_tilt.csv,2026-08-31 01:13:37.661,1.077726412220774,29.6947362821064,0.1915323404425651,0.7800921141979865,0.1094975104413236,0.1314975114862675,0.3845025130224173,0.3925025134023969,0.6515025257042368,0
G_tilt,controlled_phase2,session_G_tilt.csv,2026-08-31 01:13:37.736,1.077667787371854,29.81932183730255,0.1916584462283509,0.7738361500748004,0.1098217432518902,0.1288217441543417,0.3851782802593482,0.3921782805918303,0.6511782928936702,0
G_tilt,controlled_phase2,session_G_tilt.csv,2026-08-31 01:13:37.814,1.0786308529199775,29.45315788754217,0.1887656892260821,0.77069299894888,0.1075889283784425,0.1295889294233865,0.3864110950852983,0.3944110954652779,0.5014111005475053,0
G_tilt,controlled_phase2,session_G_tilt.csv,2026-08-31 01:13:37.890,1.08195566858847,29.33324847835024,0.187621671818815,0.7676214902405201,0.1072182327292923,0.1302182338217337,0.3867817907344486,0.3937817910669308,0.4737817948667269,0
G_tilt,controlled_phase2,session_G_tilt.csv,2026-08-31 01:13:37.970,1.08260884027432,29.72274258064813,0.1904339023628173,0.7829788500751633,0.1100375720176987,0.13303757311014,0.3849624514935397,0.3919624518260218,0.6489624640328668,0
G_tilt,controlled_phase2,session_G_tilt.csv,2026-08-31 01:13:38.050,1.0825589691831183,29.32828986012399,0.1890676589063071,0.7637732679356223,0.1086528423114325,0.1286528432613816,0.3843471811048109,0.3913471814372931,0.650347193739133,0
G_tilt,controlled_phase2,session_G_tilt.csv,2026-08-31 01:13:38.125,1.0850447201247526,29.376082428501515,0.189937323963079,0.7792963464140731,0.1138519825539725,0.1308519833614292,0.3801480409097684,0.3871480412422505,0.6431480534015981,0
G_tilt,controlled_phase2,session_G_tilt.csv,2026-08-31 01:13:38.201,1.0901175333113933,29.121223913924872,0.1895316986591508,0.7844995178104,0.1144227096765244,0.1284227103414887,0.3795773137872165,0.3845773140247037,0.6435773263265436,0
G_tilt,controlled_phase2,session_G_tilt.csv,2026-08-31 01:13:38.279,1.08976896224008,29.15966838276387,0.1899012163859936,0.7815874565310231,0.1146413787597968,0.1286413794247611,0.3793586447039441,0.3853586449889288,0.6443586572907687,0
G_tilt,controlled_phase2,session_G_tilt.csv,2026-08-31 01:13:38.358,1.0881266514756995,29.17153643622139,0.1896301758294017,0.7844217511071879,0.1162276372796895,0.1292276378971564,0.3777723861840514,0.3837723864690361,0.6417723987233785,0
G_tilt,controlled_phase2,session_G_tilt.csv,2026-08-31 01:13:38.437,1.088628406834395,29.33260957783065,0.1901309736868781,0.7837879088508677,0.1161410485726162,0.129141049190083,0.3778589748911247,0.3838589751761094,0.6408589873829544,0
G_tilt,controlled_phase2,session_G_tilt.csv,2026-08-31 01:13:38.515,1.0911839760123796,28.94636410147322,0.1886737900113459,0.7805385255245079,0.1168216266707602,0.1288216272407296,0.3771783967929807,0.3821783970304679,0.6411784093323079,0
G_tilt,controlled_phase2,session_G_tilt.csv,2026-08-31 01:13:38.593,1.091245590732167,29.03544826373336,0.1898609834024622,0.7805674501709744,0.1184322936015727,0.1294322941240446,0.3755677298621682,0.3815677301471529,0.6395677424014954,0
G_tilt,controlled_phase2,session_G_tilt.csv,2026-08-31 01:13:38.672,1.092972303040694,29.110701735809467,0.1905661641357355,0.7797609880802046,0.1205993373571996,0.1285993377371792,0.3734006861065413,0.3804006864390234,0.6384006986933659,0
G_tilt,controlled_phase2,session_G_tilt.csv,2026-08-31 01:13:38.751,1.095377574644203,29.222034764891408,0.1904508090938882,0.7792239990083054,0.1205805654148854,0.1315805659373574,0.3734194580488554,0.3794194583338401,0.6364194705406852,0
G_tilt,controlled_phase2,session_G_tilt.csv,2026-08-31 01:13:38.828,1.0918577496005708,28.550826024223664,0.1878009826738958,0.7728783685585738,0.1159029106211271,0.126902911143599,0.3770971127951164,0.3830971130801011,0.6410971253344435,0
G_tilt,controlled_phase2,session_G_tilt.csv,2026-08-31 01:13:38.905,1.089198227812706,28.76268088621344,0.1891536401144926,0.7776606149520142,0.1171111981781687,0.1281111987006407,0.3768888252855722,0.3818888255230594,0.6428888379198943,0
G_tilt,controlled_phase2,session_G_tilt.csv,2026-08-31 01:13:38.985,1.080095851371218,29.2209519170922,0.1901969312074829,0.7844125455609053,0.1176835616652063,0.1286835621876783,0.377316461846032,0.3833164621310168,0.6423164744328567,0
G_tilt,controlled_phase2,session_G_tilt.csv,2026-08-31 01:13:39.061,1.081752235931328,29.0510378180882,0.1903664412033549,0.7799281006590773,0.118724406477932,0.1267244068579116,0.3752756169858089,0.382275617318291,0.6402756295726335,0
G_tilt,controlled_phase2,session_G_tilt.csv,2026-08-31 01:13:39.138,1.0794700828178163,28.263114943564133,0.186525339175307,0.7785367017627584,0.1150736177781679,0.1230736181581475,0.378926405685573,0.3849264059705577,0.5009264114802621,0
G_tilt,controlled_phase2,session_G_tilt.csv,2026-08-31 01:13:39.217,1.077518556517461,27.674658428053867,0.1832060820433513,0.7669088289153733,0.1120372002420779,0.1200372006220575,0.3809628231741655,0.3869628234591502,0.4899628283513877,0
G_tilt,controlled_phase2,session_G_tilt.csv,2026-08-31 01:13:39.294,1.0721813794716617,26.613384082022183,0.1769787651056031,0.7375974248543284,0.1060180668212009,0.1170180673436729,0.3869819565950425,0.3919819568325298,0.427981958542438,0
G_tilt,controlled_phase2,session_G_tilt.csv,2026-08-31 01:13:39.371,1.073834096588426,28.00033711819856,0.1841245413183066,0.7625668763595743,0.1099636421211052,0.122963642738572,0.3840363813426357,0.3900363816276204,0.4810363859498885,0
G_tilt,controlled_phase2,session_G_tilt.csv,2026-08-31 01:13:39.447,1.0749464346484334,27.8806259221512,0.1840373360716579,0.7566484089340519,0.1091812119583219,0.1221812125757888,0.3848188115054189,0.3908188117904037,0.4938188166826411,0
G_tilt,controlled_phase2,session_G_tilt.csv,2026-08-31 01:13:39.526,1.0720629463426594,26.82989688071545,0.1790664108895719,0.7334986193176757,0.1022840097277328,0.1152840103451997,0.3887160135935157,0.3967160139734953,0.4317160156359061,0
G_tilt,controlled_phase2,session_G_tilt.csv,2026-08-31 01:13:39.601,1.0707933218879886,27.67272602218612,0.182872406406753,0.7487633390579359,0.1052126813224327,0.1192126819873971,0.3867873420463132,0.3947873424262929,0.525787348648459,0
G_tilt,controlled_phase2,session_G_tilt.csv,2026-08-31 01:13:39.681,1.0721948985317475,26.906487572156344,0.1793136236737426,0.7395637347130762,0.1010922261092428,0.1180922269166995,0.3899077972120057,0.3969077975444879,0.4319077992068987,0
G_tilt,controlled_phase2,session_G_tilt.csv,2026-08-31 01:13:39.756,1.0699081487463449,27.09913408841904,0.1801670720970333,0.7378735048770799,0.1014788708069525,0.1154788714719168,0.3895211525142961,0.3965211528467782,0.4768211566608265,0
G_tilt,controlled_phase2,session_G_tilt.csv,2026-08-31 01:13:39.832,1.0703932132341094,27.60093682776985,0.182218198067993,0.7451686913551195,0.1039982547852265,0.1179982554501908,0.3880017685835195,0.3950017689160017,0.5310017753756551,0
G_tilt,controlled_phase2,session_G_tilt.csv,2026-08-31 01:13:39.910,1.0747682773817222,27.039653747913047,0.180178306653614,0.7371109385267938,0.1027276767832394,0.1157276774007063,0.3892723465855066,0.3952723468704913,0.5212723528551702,0
G_tilt,controlled_phase2,session_G_tilt.csv,2026-08-31 01:13:39.991,1.0760825861148624,27.37293206791756,0.1810257947132682,0.7410424184347253,0.1044310918483772,0.1174310924658441,0.3875689315203687,0.3945689318528509,0.432568933657754,0
G_tilt,controlled_phase2,session_G_tilt.csv,2026-08-31 01:13:40.070,1.0725818307549606,26.946137181042555,0.1783864176581085,0.7378676797957912,0.1027690678357668,0.1147690684057363,0.3882309554854817,0.3962309558654613,0.4322309575753695,0
G_tilt,controlled_phase2,session_G_tilt.csv,2026-08-31 01:13:40.148,1.072228685778294,27.247486526048707,0.1803953485091827,0.7454949285555638,0.1020910539347239,0.1170910546471857,0.3889089693865246,0.3969089697665042,0.493908974373757,0
G_tilt,controlled_phase2,session_G_tilt.csv,2026-08-31 01:13:40.225,1.0725599311833816,27.265817174436226,0.179559906876902,0.7449726047682511,0.1004475392001444,0.1184475400550986,0.3915524841686015,0.3985524845010837,0.4345524862109919,0
G_tilt,controlled_phase2,session_G_tilt.csv,2026-08-31 01:13:40.302,1.0710601786441407,26.918582419075868,0.1786792864847383,0.7448713606173513,0.0977430498688241,0.1147430506762807,0.3942569734999219,0.3992569737374092,0.4932569782021696,0
G_tilt,controlled_phase2,session_G_tilt.csv,2026-08-31 01:13:40.383,1.0715583747920991,27.16642848541437,0.1795995408601377,0.746203425746071,0.0976626540000784,0.1176626549500274,0.3933373693211701,0.3993373696061548,0.5103373748783719,0
G_tilt,controlled_phase2,session_G_tilt.csv,2026-08-31 01:13:40.457,1.0726350417393251,26.531655836735226,0.1764842564900319,0.7402962546428519,0.0955910044367434,0.1145910053391949,0.3964090189320026,0.4014090191694899,0.439409020974393,0
G_tilt,controlled_phase2,session_G_tilt.csv,2026-08-31 01:13:40.535,1.077362305528654,26.99635493949021,0.1790347168395474,0.75115549809027,0.0995680342148637,0.1165680350223203,0.3944319892488772,0.4004319895338619,0.449431991861237,0
G_tilt,controlled_phase2,session_G_tilt.csv,2026-08-31 01:13:40.614,1.0716669648480346,27.04976230020381,0.1779067931934484,0.7490251107828656,0.0987892070556031,0.1167892079105572,0.3952108164081378,0.4002108166456251,0.4362108183555333,0
G_tilt,controlled_phase2,session_G_tilt.csv,2026-08-31 01:13:40.693,1.0751246388267623,27.37838735406905,0.1793941111928677,0.7524990003998401,0.101372478047863,0.1203724789503146,0.3926275454158778,0.3986275457008625,0.4326275473157759,0
G_tilt,controlled_phase2,session_G_tilt.csv,2026-08-31 01:13:40.766,1.0750682757143388,26.92593605984736,0.176681083756137,0.7485077951002227,0.0972878145689557,0.1182878155664022,0.3947122087997903,0.400712209084775,0.4327122106046934,0
G_tilt,controlled_phase2,session_G_tilt.csv,2026-08-31 01:13:40.843,1.0720598193175666,27.22821798019945,0.1788523003852041,0.7506318823442465,0.1002408590956762,0.1182408599506303,0.3947591644155621,0.3997591646530494,0.4337591662679627,0
G_tilt,controlled_phase2,session_G_tilt.csv,2026-08-31 01:13:40.923,1.0727165246158483,26.73877384469564,0.1766113171853951,0.7399732023224654,0.097992010013906,0.1159920108688601,0.3960080134498349,0.4010080136873222,0.436008015349733,0
G_tilt,controlled_phase2,session_G_tilt.csv,2026-08-31 01:13:41.000,1.0715242535213103,27.09988348064996,0.1784120416761607,0.7457477227839518,0.0975907542742,0.1185907552716465,0.3964092691895409,0.4014092694270281,0.4384092711844338,0
G_tilt,controlled_phase2,session_G_tilt.csv,2026-08-31 01:13:41.076,1.0739350072663052,27.37857515205196,0.1796525878263067,0.754375556214773,0.0994308116049407,0.1194308125548897,0.3955692119062977,0.4005692121437849,0.4375692139011906,0
G_tilt,controlled_phase2,session_G_tilt.csv,2026-08-31 01:13:41.153,1.0748663345783132,27.44150086834368,0.179859540042529,0.7521128006961549,0.0987868367447473,0.1187868376946963,0.3952131867189936,0.4012131870039783,0.4362131886663891,0
G_tilt,controlled_phase2,session_G_tilt.csv,2026-08-31 01:13:41.231,1.0751110400760209,27.59075520323574,0.1809520366256277,0.7600129531772083,0.0985562406056295,0.1215562416980708,0.3954437828581114,0.4014437831430961,0.4904437873703693,0
G_tilt,controlled_phase2,session_G_tilt.csv,2026-08-31 01:13:41.307,1.071089188369493,27.336687692789948,0.1790455197266282,0.7541430392544727,0.0952502865878262,0.1202502877752624,0.3977497368284173,0.4027497370659045,0.490289741223825,0
G_tilt,controlled_phase2,session_G_tilt.csv,2026-08-31 01:13:41.386,1.0739025599682055,27.349370083908603,0.1795372017367145,0.7539756367663344,0.0960394434689744,0.1190394445614158,0.3969605799472691,0.4029605802322538,0.4439605821796493,0
G_tilt,controlled_phase2,session_G_tilt.csv,2026-08-31 01:13:41.464,1.0728088100797697,27.22997762081844,0.1791105092525638,0.7483742534837425,0.0945850962864016,0.1185850974263404,0.3984149271298418,0.4034149273673291,0.5104149324495564,0
G_tilt,controlled_phase2,session_G_tilt.csv,2026-08-31 01:13:41.540,1.0721930527680554,27.199941459247192,0.1789130697497065,0.7443447939599002,0.0944385027347274,0.1184385038746662,0.398561520681516,0.4045615209665008,0.4533615232842338,0
G_tilt,controlled_phase2,session_G_tilt.csv,2026-08-31 01:13:41.621,1.0745628231725195,27.128814820890906,0.1780341818965955,0.7444485538871218,0.0954455700338279,0.1184455711262693,0.398554453429913,0.4035544536674003,0.4415544554723034,0
G_tilt,controlled_phase2,session_G_tilt.csv,2026-08-31 01:13:41.698,1.0751416184193192,27.43450276185223,0.1796655469114892,0.749944818046706,0.0978321779328275,0.1218321790727663,0.3971678455784109,0.4021678458158981,0.4361678474308115,0
G_tilt,controlled_phase2,session_G_tilt.csv,2026-08-31 01:13:41.775,1.0762767736529897,27.624406015813065,0.1811429247540959,0.7529247372567675,0.0979903125135457,0.1219903136534845,0.3960097109501952,0.4010097111876824,0.4600097139900321,0
G_tilt,controlled_phase2,session_G_tilt.csv,2026-08-31 01:13:41.853,1.07551727982333,27.3829934885485,0.179034187621624,0.7555759197126684,0.0967490032207503,0.1197490043131916,0.3972510202429906,0.4022510204804779,0.4362510220953912,0
G_tilt,controlled_phase2,session_G_tilt.csv,2026-08-31 01:13:41.934,1.075069131225583,27.26933196804928,0.1787589603532077,0.7525715216007814,0.0963605060050902,0.1193605070975316,0.3976395174586506,0.4026395176961379,0.4386395194060462,0
G_tilt,controlled_phase2,session_G_tilt.csv,2026-08-31 01:13:42.008,1.0781252800621002,26.81483483592123,0.1760654016586801,0.7409184372858122,0.093492375629969,0.1174923767699078,0.3995076477862744,0.4045076480237617,0.4395076496861725,0
G_tilt,controlled_phase2,session_G_tilt.csv,2026-08-31 01:13:42.087,1.08115362020568,26.530576060053825,0.1749788689383354,0.7297350195724179,0.092945638259908,0.1169456393998469,0.4000543851563354,0.4050543853938226,0.4400543870562334,0
G_tilt,controlled_phase2,session_G_tilt.csv,2026-08-31 01:13:42.165,1.0796679122631987,26.8141952082538,0.1768310962079302,0.7314108424886464,0.0925569222157294,0.1165569233556682,0.3994431011530166,0.4054431014380013,0.4444431032904019,0
G_tilt,controlled_phase2,session_G_tilt.csv,2026-08-31 01:13:42.244,1.0797327317343146,26.786052961081577,0.1758762765097536,0.727367044070549,0.0916002569557674,0.1156002580957062,0.4003997664129786,0.4063997666979633,0.4403997683128766,0
G_tilt,controlled_phase2,session_G_tilt.csv,2026-08-31 01:13:42.320,1.0804681519392405,26.652941569163925,0.1752837679695973,0.7325145462179833,0.0923264845004425,0.1163264856403814,0.3996735388683035,0.4056735391532882,0.4396735407682015,0
G_tilt,controlled_phase2,session_G_tilt.csv,2026-08-31 01:13:42.399,1.078161341532494,26.59502418614048,0.1750793322531596,0.7264296061769142,0.0923184380532544,0.1163184391931932,0.400681585362989,0.4056815856004763,0.4416815873103845,0
G_tilt,controlled_phase2,session_G_tilt.csv,2026-08-31 01:13:42.477,1.0781624168013624,26.787610466252406,0.17689729948915,0.7386214897667778,0.0948382065512174,0.1178382076436588,0.398161816865026,0.4041618171500107,0.4431618190024113,0
G_tilt,controlled_phase2,session_G_tilt.csv,2026-08-31 01:13:42.554,1.0769575898357178,26.79522107706588,0.1766595287075464,0.7375324172057114,0.0931459936333662,0.1171459947733051,0.3988540297353797,0.4048540300203644,0.4388540316352778,0
G_tilt,controlled_phase2,session_G_tilt.csv,2026-08-31 01:13:42.631,1.0796350364870106,26.64630845872332,0.1763941115863093,0.7449682520666108,0.0955252980558374,0.1185252991482788,0.397474725360406,0.4024747255978933,0.4364747272128066,0
G_tilt,controlled_phase2,session_G_tilt.csv,2026-08-31 01:13:42.710,1.0755649031143568,27.350089981446136,0.1834215696146058,0.7580111472227533,0.0976383228481332,0.1206383239405746,0.3963617006156077,0.4023617009005924,0.4993617055078452,0
G_tilt,controlled_phase2,session_G_tilt.csv,2026-08-31 01:13:42.788,1.075880549635306,27.623733324452623,0.180960347885657,0.7535406177310603,0.0979544845277464,0.1209544856201878,0.3960455389359945,0.4020455392209792,0.4360455408358925,0
G_tilt,controlled_phase2,session_G_tilt.csv,2026-08-31 01:13:42.867,1.076456254203649,26.8969334784014,0.1771653105452492,0.7464650519648512,0.0941066848153677,0.1171066859078091,0.3988933386008757,0.4058933389333579,0.4443333407591622,0
G_tilt,controlled_phase2,session_G_tilt.csv,2026-08-31 01:13:42.943,1.0797644778748092,27.601027893297367,0.1803169168489561,0.7515090394055793,0.0958448441566983,0.1188448452491397,0.3971551792595451,0.4041551795920273,0.4951551839142953,0
G_tilt,controlled_phase2,session_G_tilt.csv,2026-08-31 01:13:43.023,1.0769738407421523,27.477178462833862,0.1795258663449696,0.7421545945304622,0.0934600358800576,0.1174600370199965,0.3985399874886883,0.4055399878211705,0.5145399929983927,0
G_tilt,controlled_phase2,session_G_tilt.csv,2026-08-31 01:13:43.101,1.0766453035205388,27.320143576653216,0.1789152420237093,0.740652064674411,0.0925069802443967,0.1195069815268279,0.3994930431243493,0.4064930434568314,0.4894930473991199,0
G_tilt,controlled_phase2,session_G_tilt.csv,2026-08-31 01:13:43.178,1.0795708541965696,27.482818318036,0.1799777931741926,0.7549431152379964,0.0940141700319816,0.1200141712669153,0.3989858533842618,0.4049858536692465,0.5129858587989713,0
G_tilt,controlled_phase2,session_G_tilt.csv,2026-08-31 01:13:43.259,1.0762124564545263,27.87346231951385,0.1816404042756511,0.753920759389187,0.0960810728968408,0.1220810741317746,0.3969189505194026,0.4029189508043873,0.5239189565515789,0
G_tilt,controlled_phase2,session_G_tilt.csv,2026-08-31 01:13:43.336,1.0760618201160397,27.11534868870665,0.1777470895817647,0.7417488339139163,0.0934098025119472,0.117409803651886,0.3985902208567988,0.405590221189281,0.4425902229466867,0
G_tilt,controlled_phase2,session_G_tilt.csv,2026-08-31 01:13:43.414,1.0751650366583747,27.552127029301435,0.1801588714798369,0.7478002849714294,0.0954152402209798,0.120415241408416,0.3975847831952637,0.4035847834802484,0.513584788704968,0
G_tilt,controlled_phase2,session_G_tilt.csv,2026-08-31 01:13:43.490,1.0725105353956,27.7185611246278,0.1813339031482551,0.759133588791061,0.0950551716836849,0.1220551729661161,0.3979448517325585,0.4039448520175432,0.5299448580022221,0
G_tilt,controlled_phase2,session_G_tilt.csv,2026-08-31 01:13:43.567,1.0756174862475882,27.390199292089125,0.1791412976406159,0.7544358741238232,0.0945524724500592,0.1215524737324904,0.3974475509186868,0.4044475512511689,0.4554475536735389,0
G_tilt,controlled_phase2,session_G_tilt.csv,2026-08-31 01:13:43.642,1.0764077128541232,27.41584260782364,0.1796151017570122,0.753737712637589,0.0955076859773038,0.1215076872122375,0.3974923374389396,0.4044923377714218,0.4854923416187153,0
G_tilt,controlled_phase2,session_G_tilt.csv,2026-08-31 01:13:43.720,1.0755255427089003,27.22900168276284,0.1781206175276143,0.751469119116178,0.0932317873512313,0.1182317885386676,0.3997682360650121,0.4057682363499968,0.4467682382973923,0
G_tilt,controlled_phase2,session_G_tilt.csv,2026-08-31 01:13:43.795,1.0756776021123502,27.31720296558824,0.1789226882370103,0.7553405175573639,0.0942017931995116,0.1212017944819427,0.3977982301692344,0.4047982305017166,0.4587982330665789,0
G_tilt,controlled_phase2,session_G_tilt.csv,2026-08-31 01:13:43.873,1.0738184278359564,27.49778890047383,0.1801639281041409,0.7558852360678283,0.0947265988898262,0.1197266000772625,0.3982734245264172,0.4042734248114019,0.4912734289436802,0
G_tilt,controlled_phase2,session_G_tilt.csv,2026-08-31 01:13:43.951,1.0707113763294425,27.40807215379916,0.1789236811921187,0.7507951793165835,0.0935341898580255,0.1205341911404567,0.3994658335582179,0.4054658338432026,0.479465837358014,0
G_tilt,controlled_phase2,session_G_tilt.csv,2026-08-31 01:13:44.028,1.0721455639738755,27.445703565207022,0.1798208479232071,0.7532306525480587,0.0942855416563512,0.1192855428437875,0.3987144817598922,0.4047144820448769,0.5207144875545813,0
G_tilt,controlled_phase2,session_G_tilt.csv,2026-08-31 01:13:44.105,1.0722809458169733,27.2887720055602,0.1785926240247951,0.7466986093256982,0.0934631778645282,0.1204631791469594,0.3995368455517152,0.4055368458366999,0.4869868497053644,0
G_tilt,controlled_phase2,session_G_tilt.csv,2026-08-31 01:13:44.185,1.0747430100493338,27.23313387424592,0.1779328178635724,0.7426214831882825,0.0935498672198451,0.1205498685022763,0.3994501561963983,0.405450156481383,0.4414501581912913,0
G_tilt,controlled_phase2,session_G_tilt.csv,2026-08-31 01:13:44.262,1.0759217314168164,27.33674766472017,0.1788660847511877,0.7472396781582193,0.0927833778726459,0.1207833792025745,0.3992166454961001,0.4052166457810848,0.4501466479151383,0
G_tilt,controlled_phase2,session_G_tilt.csv,2026-08-31 01:13:44.338,1.0733631715493883,27.37488282986173,0.1787457198173354,0.7527323803531977,0.0940180301287767,0.1220180314587053,0.3979819932399693,0.403981993524954,0.4419819953298571,0
G_tilt,controlled_phase2,session_G_tilt.csv,2026-08-31 01:13:44.418,1.0757522472887526,27.034161344201035,0.1772732426261645,0.7392078130285782,0.0924938636939918,0.1174938648814281,0.4005061597222517,0.4065061600072364,0.445506161859637,0
G_tilt,controlled_phase2,session_G_tilt.csv,2026-08-31 01:13:44.494,1.0741261379747733,26.806048992214865,0.1757689918851447,0.7282885910987278,0.0915172157336223,0.1185172170160535,0.4014828076826211,0.4074828079676058,0.4414828095825192,0
G_tilt,controlled_phase2,session_G_tilt.csv,2026-08-31 01:13:44.573,1.0758949024438151,27.156012161755,0.1780204103935625,0.7454575023285382,0.0927042430820836,0.1207042444120123,0.4002957803341598,0.405295780571647,0.4962957848939151,0
G_tilt,controlled_phase2,session_G_tilt.csv,2026-08-31 01:13:44.651,1.0771178693421692,27.235741924933425,0.1788754492457571,0.7469092744030039,0.0942674171728119,0.1212674184552431,0.399732606290929,0.4037326064809188,0.4947326108031868,0
G_tilt,controlled_phase2,session_G_tilt.csv,2026-08-31 01:13:44.730,1.0768771855215993,27.133543380099265,0.1784871692885883,0.7435478116079924,0.0950268688094424,0.1200268699968787,0.397973154606801,0.4029731548442883,0.5023431595641054,0
G_tilt,controlled_phase2,session_G_tilt.csv,2026-08-31 01:13:44.805,1.0732024275061265,27.31619626144654,0.1792140591936303,0.7497196813219239,0.0954231529537195,0.1204231541411557,0.397576870462524,0.4025768707000112,0.4505768729798889,0
G_tilt,controlled_phase2,session_G_tilt.csv,2026-08-31 01:13:44.883,1.074234947967272,27.623647487447744,0.1808695358735833,0.7520912547528517,0.0957392265421044,0.1227392278245356,0.3962607968266416,0.4022607971116263,0.5172608025738332,0
G_tilt,controlled_phase2,session_G_tilt.csv,2026-08-31 01:13:44.961,1.073661628604331,26.88766797344392,0.1772544480067552,0.7398797301261367,0.0917034657813187,0.116703466968755,0.4002965575874273,0.406296557872412,0.4432965596298177,0
G_tilt,controlled_phase2,session_G_tilt.csv,2026-08-31 01:13:45.040,1.0756201858197538,26.239384702108858,0.1723594907295933,0.7158923412534638,0.0873834721063908,0.1153834734363195,0.4046165512623552,0.4106165515473399,0.4436165531147558,0
G_tilt,controlled_phase2,session_G_tilt.csv,2026-08-31 01:13:45.118,1.076140137320808,25.785063511923667,0.1707656053012851,0.709885631850563,0.0844146443223938,0.1124146456523225,0.4055853789513572,0.4135853793313369,0.4265853799488037,0
G_tilt,controlled_phase2,session_G_tilt.csv,2026-08-31 01:13:45.195,1.078664665504012,26.38042821372707,0.1733288083858339,0.7122055991704933,0.0876585880770535,0.1156585894069821,0.4043414352916925,0.4103414355766772,0.4293414364791288,0
G_tilt,controlled_phase2,session_G_tilt.csv,2026-08-31 01:13:45.273,1.080824341670571,26.27028234371484,0.1735723797869519,0.7143601267989225,0.0869110216447575,0.1149110229746861,0.406089001771486,0.4110890020089732,0.446089003671384,0
G_tilt,controlled_phase2,session_G_tilt.csv,2026-08-31 01:13:45.350,1.0790114270057116,25.78905519750557,0.1709750778598596,0.7066516079177316,0.086227505135829,0.1142275064657576,0.4067725182804145,0.4127725185653992,0.4237725190878711,0
G_tilt,controlled_phase2,session_G_tilt.csv,2026-08-31 01:13:45.426,1.0801230142660507,26.163830226024,0.1727832650308653,0.7116244411326379,0.0879783648344856,0.1149783661169168,0.4050216585817578,0.4110216588667426,0.4450216604816559,0
G_tilt,controlled_phase2,session_G_tilt.csv,2026-08-31 01:13:45.506,1.080188127956287,26.198806341398942,0.1733081444797132,0.7086995969241295,0.086050514997001,0.1160505164219245,0.405949508371745,0.4119495086567297,0.447949510366638,0
G_tilt,controlled_phase2,session_G_tilt.csv,2026-08-31 01:13:45.585,1.0798400948152211,26.72583029656384,0.1756798467632132,0.7211537035663973,0.089577434372591,0.1175774357025196,0.4034225890436524,0.4094225893286372,0.4434225909435505,0
G_tilt,controlled_phase2,session_G_tilt.csv,2026-08-31 01:13:45.664,1.0836837032768825,26.986778200119623,0.1780567978064788,0.7247897596189625,0.0905456320449746,0.1195456334224007,0.4034543914187662,0.4084543916562535,0.4904543955510445,0
G_tilt,controlled_phase2,session_G_tilt.csv,2026-08-31 01:13:45.740,1.0807045889129765,27.31468119584656,0.1788830997661054,0.733324385988458,0.0928340162496987,0.1208340175796274,0.4001660071665447,0.4061660074515294,0.5171660127237465,0
G_tilt,controlled_phase2,session_G_tilt.csv,2026-08-31 01:13:45.819,1.0793971414034582,28.064016338313483,0.1828002511296526,0.7557802404815518,0.0960394617856423,0.124039463115571,0.3979605616780985,0.4039605619630833,0.5259605677577723,0
G_tilt,controlled_phase2,session_G_tilt.csv,2026-08-31 01:13:45.896,1.0734368203797722,27.42735366853769,0.1789122510045057,0.7463386660392894,0.0922247132382201,0.1202247145681487,0.3997753101305259,0.4057753104155106,0.5177753157352252,0
G_tilt,controlled_phase2,session_G_tilt.csv,2026-08-31 01:13:45.974,1.0768498855237727,27.480416731232587,0.1790361671140447,0.7387601827348128,0.0922034077413924,0.1192034090238236,0.3997966156273536,0.4077966160073332,0.4817966195221446,0
G_tilt,controlled_phase2,session_G_tilt.csv,2026-08-31 01:13:46.050,1.0776209025550954,27.384282485124395,0.1788510042030251,0.7328872118389246,0.0918549952242657,0.1188549965066969,0.4021450282394752,0.4091450285719573,0.4877150323038245,0
G_tilt,controlled_phase2,session_G_tilt.csv,2026-08-31 01:13:46.130,1.0797227160197735,26.935666297609632,0.1767813994664869,0.7208734248860555,0.0879317715809853,0.1159317729109139,0.4040682517877607,0.4110682521202429,0.4870682557300492,0
G_tilt,controlled_phase2,session_G_tilt.csv,2026-08-31 01:13:46.206,1.082689245370771,27.400056766173684,0.1791683774604824,0.726663715508337,0.0889021733239987,0.1189021747489222,0.4030978500447473,0.4100978503772294,0.522097855696944,0
G_tilt,controlled_phase2,session_G_tilt.csv,2026-08-31 01:13:46.287,1.0792075785195436,27.67607151971332,0.1808084168289073,0.7281802456829576,0.0890620113251199,0.1220620128925358,0.4039380120911235,0.4109380124236057,0.5329380182182948,0
G_tilt,controlled_phase2,session_G_tilt.csv,2026-08-31 01:13:46.363,1.0797173892873244,27.692975324085587,0.1814423774375639,0.7285735294117647,0.0893246807132828,0.1213246822332012,0.4036753427029607,0.4096753429879454,0.6706753553847802,0
G_tilt,controlled_phase2,session_G_tilt.csv,2026-08-31 01:13:46.441,1.08265369450671,26.90406218738284,0.1765740570296982,0.7180300525696586,0.0872158822643207,0.1182158837367417,0.4047841411044253,0.4117841414369074,0.4487841431943131,0
G_tilt,controlled_phase2,session_G_tilt.csv,2026-08-31 01:13:46.520,1.0827294186896088,26.551073091251947,0.174072961291173,0.7163930773230335,0.085439712889781,0.116439714362202,0.406560310478965,0.4135603108114472,0.4485603124738579,0
G_tilt,controlled_phase2,session_G_tilt.csv,2026-08-31 01:13:46.597,1.0846776471478363,26.677528358921425,0.1750936619626206,0.716814290809654,0.0870223260926774,0.1180223275650984,0.4049776972760686,0.4119776976085507,0.447977699318459,0
G_tilt,controlled_phase2,session_G_tilt.csv,2026-08-31 01:13:46.674,1.0851990044237656,27.705913016352827,0.1808396276443742,0.7352721738092396,0.0924056537861917,0.1194056550686228,0.4005943696300518,0.4075943699625339,0.5175943751872536,0
G_tilt,controlled_phase2,session_G_tilt.csv,2026-08-31 01:13:46.752,1.0810527380185662,28.197145036884542,0.1825343980027712,0.744049298388893,0.0949047932819577,0.1239047946593838,0.3980952301342857,0.4060952305142653,0.5126552355755915,0
G_tilt,controlled_phase2,session_G_tilt.csv,2026-08-31 01:13:46.830,1.0783221648621413,27.846269156013,0.180664680860838,0.7352370226575582,0.0929427603678951,0.1219427617453212,0.4010572630958458,0.4080572634283279,0.5150572685105552,0
G_tilt,controlled_phase2,session_G_tilt.csv,2026-08-31 01:13:46.908,1.0790284704340485,27.80477332402543,0.1798225954866319,0.7460065307563322,0.0925006221677913,0.1215006235452174,0.3994994012009547,0.4074994015809343,0.4524994037183196,0
G_tilt,controlled_phase2,session_G_tilt.csv,2026-08-31 01:13:46.985,1.0814043453959712,27.080086114214605,0.1768825781934267,0.7291489710462395,0.0881737714552293,0.1161737727851579,0.4038262519135167,0.4108262522459989,0.4468262539559071,0
G_tilt,controlled_phase2,session_G_tilt.csv,2026-08-31 01:13:47.063,1.0799776928396403,27.578608171392155,0.1792046687994272,0.7312295651916618,0.0896254832266976,0.1206254846991186,0.4023745401420484,0.410374540522028,0.4883745442268292,0
G_tilt,controlled_phase2,session_G_tilt.csv,2026-08-31 01:13:47.141,1.078987560171355,27.329815795554087,0.1782071707283934,0.7279671409364242,0.0882185228728373,0.1192185243452583,0.4037815004959086,0.4107815008283908,0.5157815058156232,0
G_tilt,controlled_phase2,session_G_tilt.csv,2026-08-31 01:13:47.219,1.0818267518181643,27.148991855214703,0.1772776074779239,0.7260294358379095,0.088370883849757,0.117370885227183,0.403629139518989,0.4106291398514712,0.4516291417988667,0
G_tilt,controlled_phase2,session_G_tilt.csv,2026-08-31 01:13:47.295,1.0793610911790186,26.4977279801115,0.1733350932534262,0.7234452883930691,0.0850010276547068,0.1160010291271278,0.4069989957140392,0.4129989959990239,0.4489989977089321,0
G_tilt,controlled_phase2,session_G_tilt.csv,2026-08-31 01:13:47.373,1.082957224885243,27.01830341148809,0.176743978069886,0.7229319777582326,0.0862263722176537,0.1172263736900747,0.4057736511510923,0.411773651436077,0.4487736531934827,0
G_tilt,controlled_phase2,session_G_tilt.csv,2026-08-31 01:13:47.453,1.0816999788090491,26.85724811664333,0.1758919388133238,0.7216441051941082,0.0867501382965687,0.1157501396739948,0.4052498850721773,0.4122498854046594,0.4492498871620651,0
G_tilt,controlled_phase2,session_G_tilt.csv,2026-08-31 01:13:47.530,1.0844808877470096,26.92425247519271,0.1766996133378794,0.7162421948348062,0.0876197678086463,0.1166197691860724,0.4053802556075971,0.4113802558925818,0.4473802576024901,0
G_tilt,controlled_phase2,session_G_tilt.csv,2026-08-31 01:13:47.607,1.0858437257515834,27.2381480490467,0.1788158954364382,0.7251071583254924,0.089671450112474,0.1186714514899001,0.4033285733037695,0.4103285736362516,0.5083285782910019,0
G_tilt,controlled_phase2,session_G_tilt.csv,2026-08-31 01:13:47.685,1.0846482823665322,27.44155368958508,0.1794261092134179,0.7239298454221166,0.091183283165694,0.1201832845431201,0.4018167402505495,0.4098167406305291,0.5158167456652589,0
G_tilt,controlled_phase2,session_G_tilt.csv,2026-08-31 01:13:47.761,1.0823737281919246,28.04234841704918,0.1822282056534915,0.7423595722847668,0.093514437600038,0.1215144389299667,0.4004855858637028,0.4064855861486875,0.5334855921808639,0
G_tilt,controlled_phase2,session_G_tilt.csv,2026-08-31 01:13:47.839,1.0748762782628574,28.130288830539943,0.1821076301670398,0.7582264361405465,0.0945838686425497,0.1225838699724783,0.3984161547736937,0.4054161551061759,0.5234161607108752,0
G_tilt,controlled_phase2,session_G_tilt.csv,2026-08-31 01:13:47.918,1.0739810817916051,28.122981029625112,0.1812331248025342,0.753012224366848,0.0943321095282037,0.1243321109531272,0.3996679139355372,0.4056679142205219,0.5096679191602569,0
G_tilt,controlled_phase2,session_G_tilt.csv,2026-08-31 01:13:47.997,1.0782315126963278,27.532878947124487,0.1787063781672236,0.7340482020118587,0.0908438640157278,0.1208438654406514,0.4011561593530182,0.4091561597329978,0.4471561615379009,0
G_tilt,controlled_phase2,session_G_tilt.csv,2026-08-31 01:13:48.072,1.075832351500313,26.995086829830083,0.1763183403565034,0.7248633598020007,0.0857402330092269,0.1177402345291454,0.4062597903595191,0.4132597906920012,0.4912597943968024,0
G_tilt,controlled_phase2,session_G_tilt.csv,2026-08-31 01:13:48.152,1.0758708041659173,27.0532738902756,0.1763832506675066,0.73212843740365,0.0870296175588289,0.1180296190312499,0.4059704058574145,0.4129704061898966,0.4499704079473023,0
G_tilt,controlled_phase2,session_G_tilt.csv,2026-08-31 01:13:48.230,1.073220469445653,26.770116218004954,0.1749040789406503,0.7239292638505376,0.0853770236192588,0.1153770250441823,0.4066229997494872,0.4136230000819694,0.4496230017918776,0
G_tilt,controlled_phase2,session_G_tilt.csv,2026-08-31 01:13:48.306,1.0743273102319717,26.35086121922125,0.1725912938675919,0.7251140069953806,0.0842380535590849,0.113238054936511,0.4067619697621636,0.4137619700946457,0.449761971804554,0
G_tilt,controlled_phase2,session_G_tilt.csv,2026-08-31 01:13:48.387,1.071821362978371,26.16542469521228,0.1711929606298689,0.7129641846622978,0.0834600177449065,0.11346001916983,0.4095400056713369,0.4165400060038191,0.4505400076187325,0
G_tilt,controlled_phase2,session_G_tilt.csv,2026-08-31 01:13:48.464,1.0804791400653275,25.51006523999815,0.1686663957439612,0.7071894265312458,0.0811682597947303,0.1111682612196538,0.4108317635740157,0.4178317639064979,0.4488317653789189,0
G_tilt,controlled_phase2,session_G_tilt.csv,2026-08-31 01:13:48.541,1.081637207178424,25.610635087375663,0.1700698380461979,0.7067429080647557,0.0821434317940734,0.1131434332664944,0.4098565915746726,0.4158565918596573,0.4488565934270732,0
G_tilt,controlled_phase2,session_G_tilt.csv,2026-08-31 01:13:48.619,1.0796024781163365,25.68090768367597,0.1706946245259362,0.707121468172789,0.0833556919428168,0.1123556933202429,0.4096443314734266,0.4156443317584113,0.4506443334208221,0
G_tilt,controlled_phase2,session_G_tilt.csv,2026-08-31 01:13:48.697,1.0792660306438266,26.028371108989464,0.1722994432641315,0.7143510257053106,0.0856926611704822,0.1146926625479083,0.4073073622457612,0.4123073624832485,0.4483073641931567,0
G_tilt,controlled_phase2,session_G_tilt.csv,2026-08-31 01:13:48.775,1.0782774824080903,25.751367283703324,0.1705661434430939,0.7103668973729255,0.0852096044044614,0.1132096057343901,0.4067904189642846,0.4127904192492693,0.4347904202942132,0
G_tilt,controlled_phase2,session_G_tilt.csv,2026-08-31 01:13:48.854,1.0756147963003793,25.72666998985391,0.1703130986556041,0.7143067824855841,0.0852683096821891,0.1142683110596152,0.4077317137340543,0.4137317140190391,0.4257317145890085,0
G_tilt,controlled_phase2,session_G_tilt.csv,2026-08-31 01:13:48.934,1.0701955120321425,25.71769191668799,0.1695605493032072,0.7094008325027847,0.0819319819650783,0.1109319833425044,0.4100680414036677,0.4160680416886524,0.4410680428760887,0
G_tilt,controlled_phase2,session_G_tilt.csv,2026-08-31 01:13:49.008,1.0729529585615296,25.08459885663998,0.1664317264448724,0.7089745295430692,0.0804074424343124,0.1094074438117385,0.4115925809344336,0.4175925812194183,0.4295925817893877,0
G_tilt,controlled_phase2,session_G_tilt.csv,2026-08-31 01:13:49.088,1.0707327061422156,25.45894712609819,0.168379615586034,0.7150644783118406,0.0809533156856388,0.1099533170630648,0.4120467077306047,0.4170467079680919,0.446046709345518,0
G_tilt,controlled_phase2,session_G_tilt.csv,2026-08-31 01:13:49.165,1.071093408807784,25.30429532912664,0.1673671536393612,0.7099590523544896,0.0804181085286341,0.1104181099535577,0.4115819148401118,0.418581915172594,0.4415819162650354,0
G_tilt,controlled_phase2,session_G_tilt.csv,2026-08-31 01:13:49.242,1.0706077375806506,25.50924921777764,0.1687906954897245,0.7068322436263109,0.0816130043005907,0.1116130057255142,0.4113870191156528,0.4173870194006375,0.4393870204455814,0
G_tilt,controlled_phase2,session_G_tilt.csv,2026-08-31 01:13:49.320,1.0716790677765633,25.54223232398128,0.1690893165989974,0.7077585320346129,0.081481926093875,0.1114819275187986,0.4115180973223684,0.4165180975598557,0.4475180990322767,0
G_tilt,controlled_phase2,session_G_tilt.csv,2026-08-31 01:13:49.397,1.0704877338158043,25.57943915502984,0.1690953148730467,0.7076549849472423,0.0814772347471126,0.1114772361720362,0.4105227886216334,0.4165227889066181,0.4285227894765875,0
G_tilt,controlled_phase2,session_G_tilt.csv,2026-08-31 01:13:49.474,1.0704587631030638,26.025578462454494,0.1716384778614705,0.7112852117794122,0.0836099926337223,0.1146099941061433,0.4093900307825211,0.4153900310675058,0.4503900327299166,0
G_tilt,controlled_phase2,session_G_tilt.csv,2026-08-31 01:13:49.554,1.070740912240017,25.374779264470604,0.1682284982011061,0.706488231770567,0.0820990002032024,0.1110990015806285,0.410901023213041,0.4169010234980257,0.4339010243054824,0
G_tilt,controlled_phase2,session_G_tilt.csv,2026-08-31 01:13:49.631,1.066512371362759,25.639160969361,0.1688355881740312,0.7114393180266922,0.0818475619409639,0.1128475634133849,0.4111524614752795,0.4171524617602642,0.4341524625677209,0
G_tilt,controlled_phase2,session_G_tilt.csv,2026-08-31 01:13:49.708,1.068551617103353,25.026479819812085,0.1660140631134304,0.6997438337114835,0.0817983936971158,0.1107983950745419,0.4112016297191276,0.4172016300041123,0.4282016305265843,0
G_tilt,controlled_phase2,session_G_tilt.csv,2026-08-31 01:13:49.785,1.0702190950035677,25.003159050605216,0.1660744007237979,0.6992475678217677,0.0808667851359723,0.1108667865608958,0.4111332382327737,0.4171332385177584,0.4281332390402304,0
G_tilt,controlled_phase2,session_G_tilt.csv,2026-08-31 01:13:49.863,1.0722036437413092,24.90293084952912,0.165899414019805,0.697151026544238,0.0803257713284233,0.1103257727533468,0.4106742519928252,0.4166742522778099,0.425674252705287,0
G_tilt,controlled_phase2,session_G_tilt.csv,2026-08-31 01:13:49.940,1.0717427940109994,25.464206071720305,0.1688956567752946,0.70687704761485,0.0823867698937392,0.1123867713186628,0.4106132535225042,0.4156132537599915,0.4336132546149456,0
G_tilt,controlled_phase2,session_G_tilt.csv,2026-08-31 01:13:50.017,1.0700251224567014,25.18284730901853,0.1671530674229448,0.7153335866039335,0.0799327750640275,0.109932776488951,0.413067248352216,0.4190672486372007,0.4310672492071701,0
G_tilt,controlled_phase2,session_G_tilt.csv,2026-08-31 01:13:50.096,1.0694331244497364,25.380357849423323,0.1681047388070208,0.715910578447486,0.0793080775964369,0.1113080791163554,0.4136919458198065,0.4196919461047912,0.4326919467222581,0
G_tilt,controlled_phase2,session_G_tilt.csv,2026-08-31 01:13:50.173,1.06753537875135,25.84293900013846,0.1708911699084209,0.7180451127819549,0.0819975458264268,0.1129975472988478,0.4120024776373141,0.4180024779222988,0.4490024793947198,0
G_tilt,controlled_phase2,session_G_tilt.csv,2026-08-31 01:13:50.252,1.0647034863754012,25.4299232922406,0.1680840323214948,0.7211597956687531,0.0792053422756138,0.1112053437955322,0.4137946811406296,0.4197946814256144,0.4338546820934262,0
G_tilt,controlled_phase2,session_G_tilt.csv,2026-08-31 01:13:50.329,1.0684250146724266,25.91747655492941,0.1708710518117215,0.7198849178811011,0.0813194868603863,0.1133194883803048,0.4116805365558571,0.4176805368408418,0.4356805376957959,0
G_tilt,controlled_phase2,session_G_tilt.csv,2026-08-31 01:13:50.406,1.0699470259087225,25.287160764110467,0.168035927402133,0.7132311351539499,0.0793190274219306,0.111319028941849,0.4136809959943128,0.4196809962792975,0.4306809968017695,0
G_tilt,controlled_phase2,session_G_tilt.csv,2026-08-31 01:13:50.483,1.075724997789289,25.240416097929785,0.167717334485912,0.7111426855527399,0.0785922637631066,0.1105922652830251,0.4144077596531368,0.4204077599381215,0.4294077603655986,0
G_tilt,controlled_phase2,session_G_tilt.csv,2026-08-31 01:13:50.561,1.076859240526124,24.81414990810752,0.165020528492792,0.7050041065352576,0.078048563486528,0.1120485651014413,0.4159514599772129,0.4209514602147002,0.4309514606896747,0
G_tilt,controlled_phase2,session_G_tilt.csv,2026-08-31 01:13:50.641,1.07042330665633,25.341206714139485,0.1675518497287877,0.7138091963776279,0.079670640040059,0.1116706415599775,0.4143293834236818,0.4193293836611691,0.4293293841361436,0
G_tilt,controlled_phase2,session_G_tilt.csv,2026-08-31 01:13:50.717,1.0731027980263703,25.44723421272452,0.1678957381534305,0.7083407118824154,0.0794198874863085,0.1104198889587295,0.4125801358824374,0.4185801361674222,0.431580136784889,0
G_tilt,controlled_phase2,session_G_tilt.csv,2026-08-31 01:13:50.792,1.0704693365588485,25.2495765951672,0.1672281427673647,0.7109297290971857,0.0784913588273144,0.1114913603947302,0.4145086645889291,0.4205086648739138,0.4305086653488883,0
G_tilt,controlled_phase2,session_G_tilt.csv,2026-08-31 01:13:50.871,1.077403590996931,25.176870935024866,0.1660438205352276,0.7039557195571956,0.0765141438556289,0.1115141455180397,0.4154858795131171,0.4214858797981018,0.4294858801780814,0
G_tilt,controlled_phase2,session_G_tilt.csv,2026-08-31 01:13:50.952,1.0809838108463925,23.81576975678709,0.1754753354359306,0.6967913960555324,0.0727142976800441,0.1077142993424549,0.4192857256887019,0.4252857259736866,0.4322857263061688,0
G_tilt,controlled_phase2,session_G_tilt.csv,2026-08-31 01:13:51.026,1.0805584021274015,24.61564175614373,0.1787258101808383,0.7049021051081996,0.0718099401103327,0.1118099420102307,0.4201900832584133,0.4251900834959006,0.4351900839708751,0
G_tilt,controlled_phase2,session_G_tilt.csv,2026-08-31 01:13:51.105,1.0803650598909138,25.0384926938424,0.1747674787200979,0.7112772237968661,0.074242950672166,0.1122429524770691,0.4197570727915749,0.4257570730765596,0.4357570735515341,0
G_tilt,controlled_phase2,session_G_tilt.csv,2026-08-31 01:13:51.182,1.083309418893079,25.39950005690289,0.1672412409211422,0.7082353289249841,0.0749335972513691,0.1150664117731465,0.4199336136379898,0.4249336138754771,0.4329336142554567,0
G_tilt,controlled_phase2,session_G_tilt.csv,2026-08-31 01:13:51.259,1.0806766544489683,25.575068553528705,0.1674865121666058,0.7157273783779808,0.0739042358241335,0.114904237771529,0.4200957876396074,0.4250957878770947,0.4340957883045717,0
G_tilt,controlled_phase2,session_G_tilt.csv,2026-08-31 01:13:51.338,1.0828237043354925,25.8411698402766,0.1685810505427659,0.7146305919067316,0.0738078730241817,0.1188078751615671,0.4191921503920617,0.4241921506295489,0.433192151057026,0
G_tilt,controlled_phase2,session_G_tilt.csv,2026-08-31 01:13:51.415,1.082303480571878,25.82725898241578,0.1682801849882276,0.712868802857438,0.0745912541148245,0.1185912562047124,0.4194087693489163,0.425408769633901,0.4324087699663832,0
G_tilt,controlled_phase2,session_G_tilt.csv,2026-08-31 01:13:51.493,1.083283425451108,26.217572815737626,0.1713232784871912,0.7135417432879735,0.0777497499231465,0.1207497519655369,0.4192502736830867,0.424250273920574,0.4572502754879899,0
G_tilt,controlled_phase2,session_G_tilt.csv,2026-08-31 01:13:51.570,1.081280365195434,26.55762009680793,0.1729212049848033,0.7244114184814597,0.0771561837706666,0.120156185813057,0.4188438397880691,0.4238438400255564,0.4598438417354646,0
G_tilt,controlled_phase2,session_G_tilt.csv,2026-08-31 01:13:51.648,1.0825723157002218,26.8872337200798,0.1749697331516962,0.7242469020204533,0.07836029106226,0.1213602931046504,0.4176397324964758,0.422639732733963,0.53763973819617,0
G_tilt,controlled_phase2,session_G_tilt.csv,2026-08-31 01:13:51.727,1.0821766885687738,26.8973382921508,0.1745776197815799,0.723114884117146,0.077973155305911,0.1209731573483015,0.4180268682528247,0.423026868490312,0.5310268736200368,0
G_tilt,controlled_phase2,session_G_tilt.csv,2026-08-31 01:13:51.804,1.0820599751914168,26.78868998284623,0.1738946333276176,0.7275937348903313,0.0764730516462233,0.1214730537836086,0.42052697196001,0.4245269721499998,0.4635269740024004,0
G_tilt,controlled_phase2,session_G_tilt.csv,2026-08-31 01:13:51.884,1.0794875425863166,26.49981058118123,0.172100233509116,0.7280557296296836,0.0743164702946386,0.1193164724320239,0.4226835533115947,0.425683553454087,0.4656835553539851,0
G_tilt,controlled_phase2,session_G_tilt.csv,2026-08-31 01:13:51.963,1.0823339742945548,26.27256700194292,0.1710147252546706,0.7258944903782835,0.0738564899351552,0.1208564921675354,0.423143533671078,0.4261435338135704,0.4551435351909965,0
G_tilt,controlled_phase2,session_G_tilt.csv,2026-08-31 01:13:52.040,1.0814560933979294,25.917504308981474,0.1682369040769541,0.71539881074431,0.0718871559379634,0.1148871579803538,0.4241128676207724,0.4291128678582596,0.4391128683332341,0
G_tilt,controlled_phase2,session_G_tilt.csv,2026-08-31 01:13:52.118,1.0799072823334055,25.520672989061527,0.1660384195979619,0.7069260837103079,0.0697940507772321,0.1167940530096123,0.4262059727815037,0.4302059729714935,0.4392059733989706,0
G_tilt,controlled_phase2,session_G_tilt.csv,2026-08-31 01:13:52.199,1.07931063867217,25.269459048922187,0.1654208925195423,0.705764740221833,0.0694405170168697,0.114440519154255,0.4265595065418661,0.4325595068268508,0.439559507159333,0
G_tilt,controlled_phase2,session_G_tilt.csv,2026-08-31 01:13:52.275,1.0789474196683029,25.70461385905166,0.1684853022463637,0.7232906604597032,0.0722892382313431,0.116289240321231,0.4217107852323978,0.4287107855648799,0.4357107858973621,0
G_tilt,controlled_phase2,session_G_tilt.csv,2026-08-31 01:13:52.355,1.0750795282800665,25.829964960601508,0.1693257143085353,0.7222254318562598,0.0743509770134853,0.1183509791033732,0.420649046497753,0.4266490467827377,0.4416490474951995,0
G_tilt,controlled_phase2,session_G_tilt.csv,2026-08-31 01:13:52.432,1.0775118428017318,25.024834583599763,0.1652520682050373,0.7207547720506684,0.0710457975487981,0.1120457994961936,0.4229542259149428,0.4289542261999275,0.4359542265324096,0
G_tilt,controlled_phase2,session_G_tilt.csv,2026-08-31 01:13:52.514,1.077838378720706,25.83771357450508,0.1694078240245718,0.717757091036231,0.0740696537373699,0.1150696556847654,0.4209303697738684,0.4259303700113557,0.4485103710838499,0
G_tilt,controlled_phase2,session_G_tilt.csv,2026-08-31 01:13:52.588,1.079040483458014,25.55799324797612,0.1686528047296189,0.7188383411534987,0.0746286574076382,0.1166286594025312,0.4203713661036001,0.4253713663410874,0.4373713669110568,0
G_tilt,controlled_phase2,session_G_tilt.csv,2026-08-31 01:13:52.666,1.0771937324826355,25.320044963251068,0.1673428632429182,0.7186849043685997,0.0722391620496554,0.1132391639970509,0.4217608614140855,0.4277608616990702,0.4377608621740447,0
G_tilt,controlled_phase2,session_G_tilt.csv,2026-08-31 01:13:52.743,1.0738251914533956,25.61241899366634,0.1671062066700326,0.7206420360060733,0.0724081156508991,0.1135918931836268,0.4214081322275096,0.4284081325599917,0.4394081330824637,0
G_tilt,controlled_phase2,session_G_tilt.csv,2026-08-31 01:13:52.820,1.0752684046006602,25.64270995024987,0.1680186972952887,0.7215653477909794,0.0724820803835375,0.1164820824734254,0.4215179430802034,0.4285179434126855,0.440517943982655,0
G_tilt,controlled_phase2,session_G_tilt.csv,2026-08-31 01:13:52.899,1.0777677885720889,25.148055043395505,0.1652806020882249,0.7153222054204955,0.0702711589733877,0.1147288498136407,0.4242711757874855,0.4302711760724702,0.4382711764524498,0
G_tilt,controlled_phase2,session_G_tilt.csv,2026-08-31 01:13:52.975,1.07410720658873,25.184152549549925,0.1649526206591447,0.7129238514060873,0.0698577744093749,0.1141422343301561,0.4248577912709701,0.4308577915559548,0.437857791888437,0
G_tilt,controlled_phase2,session_G_tilt.csv,2026-08-31 01:13:53.055,1.076596566815033,24.98034930427058,0.1644208504476565,0.7079613799531084,0.0697727100667089,0.1137727121565967,0.424227313397032,0.4312273137295142,0.4392273141094938,0
G_tilt,controlled_phase2,session_G_tilt.csv,2026-08-31 01:13:53.133,1.0782344925146607,25.1253220537711,0.1653005236241451,0.7075429054694449,0.0710815128321622,0.1120815147795577,0.4229185106315787,0.4309185110115583,0.4389185113915379,0
G_tilt,controlled_phase2,session_G_tilt.csv,2026-08-31 01:13:53.211,1.0762461941764525,25.21253071626093,0.1657078246846075,0.7078336458651316,0.071028407426406,0.1160284095637913,0.4239716160848323,0.4309716164173145,0.4369716167022992,0
G_tilt,controlled_phase2,session_G_tilt.csv,2026-08-31 01:13:53.289,1.0723130198496036,25.60814752822158,0.1678890307771254,0.7175049081880125,0.071924431756682,0.1179244339415648,0.4240755918020538,0.4320755921820334,0.4390755925145155,0
G_tilt,controlled_phase2,session_G_tilt.csv,2026-08-31 01:13:53.366,1.073889252554661,25.75659402281658,0.1682375355874002,0.7104234856458985,0.0712927520777007,0.1152927541675885,0.4227072713860402,0.4297072717185224,0.4397072721934969,0
G_tilt,controlled_phase2,session_G_tilt.csv,2026-08-31 01:13:53.446,1.0701064034326062,24.973255242141875,0.1634336848353131,0.7031281360208733,0.0694287815756382,0.1144287837130235,0.4255712419356001,0.4345712423630772,0.4405712426480619,0
G_tilt,controlled_phase2,session_G_tilt.csv,2026-08-31 01:13:53.522,1.0723073887553325,24.79796137740353,0.1667518415815246,0.6869309245176837,0.0679692388815307,0.112969241018916,0.4300307847722,0.4370307851046822,0.4470307855796567,0
G_tilt,controlled_phase2,session_G_tilt.csv,2026-08-31 01:13:53.598,1.0756434674604276,24.748659385776868,0.1621973990203396,0.6720146721157595,0.0669465568211036,0.1129465590059863,0.4260534665951399,0.4380534671651093,0.4460534675450889,0
G_tilt,controlled_phase2,session_G_tilt.csv,2026-08-31 01:13:53.679,1.077902848400433,23.88835850314655,0.1575766822100889,0.6152432229024648,0.0628101574128592,0.1108101596927368,0.1531898528465902,0.4421898665733537,0.4481898668583384,0
G_tilt,controlled_phase2,session_G_tilt.csv,2026-08-31 01:13:53.756,1.077858662109782,23.833300118467942,0.156267503718288,0.5937091749572907,0.063114176734788,0.1131141791096606,0.1381141802970968,0.4458858474414147,0.4548858478688917,0
G_tilt,controlled_phase2,session_G_tilt.csv,2026-08-31 01:13:53.833,1.090265644656667,23.146658915712507,0.1521912833456218,0.5616074296895535,0.0606215530677398,0.1106215554426124,0.1356215566300487,0.4523784712984526,0.4583784715834373,0
G_tilt,controlled_phase2,session_G_tilt.csv,2026-08-31 01:13:53.909,1.0791930704561254,22.599215227078933,0.1485935655139461,0.5557060568039238,0.0566377493537735,0.108637751823641,0.1326377529635798,0.4543622749174241,0.4593622751549113,0
G_tilt,controlled_phase2,session_G_tilt.csv,2026-08-31 01:13:53.986,1.0769323482154427,22.53879368767581,0.1487298114328377,0.5630367179253088,0.0580375623127116,0.1070375646400867,0.1330375658750204,0.4539624620059834,0.4569624621484758,0
G_tilt,controlled_phase2,session_G_tilt.csv,2026-08-31 01:13:54.063,1.0832442735969072,20.88783434093084,0.1397150490025994,0.525743821769136,0.054585653060879,0.1014143543487233,0.1264143555361596,0.4595856722973468,0.466585672629829,0
G_tilt,controlled_phase2,session_G_tilt.csv,2026-08-31 01:13:54.142,1.0811723333953036,20.30559839404585,0.1352673552794194,0.5162006213936973,0.0521695828224091,0.1001695851022868,0.125169586289723,0.4588304414487885,0.4708304420187579,0
G_tilt,controlled_phase2,session_G_tilt.csv,2026-08-31 01:13:54.219,1.0705631266817603,20.363494655093508,0.1382778913391858,0.52003847386983,0.0529635359781417,0.0999635382105219,0.1239635393504607,0.4570364882455584,0.4660364886730355,0
G_tilt,controlled_phase2,session_G_tilt.csv,2026-08-31 01:13:54.297,1.0495417911619156,20.89186006266361,0.1421726751254184,0.5316570408342689,0.0567352629980277,0.101735265135413,0.1257352662753519,0.4542647612731698,0.4602647615581545,0
G_tilt,controlled_phase2,session_G_tilt.csv,2026-08-31 01:13:54.375,1.0485220336220304,20.874426394420425,0.1417048140886637,0.538254761583142,0.0555476725019414,0.1025476747343216,0.125547675826763,0.4564523518167536,0.4604523520067434,0
G_tilt,controlled_phase2,session_G_tilt.csv,2026-08-31 01:13:54.452,1.0452989084222128,20.61557719041665,0.1405676130018619,0.5457965523264406,0.0559915917333153,0.1009915938707006,0.123991594963142,0.4560084325853797,0.4620084328703644,0
G_tilt,controlled_phase2,session_G_tilt.csv,2026-08-31 01:13:54.529,1.055562636106271,19.84455805511661,0.1364248179505349,0.5216280118629474,0.0532432476190523,0.0982432497564376,0.1222432508963764,0.4577567766521453,0.4657567770321249,0
G_tilt,controlled_phase2,session_G_tilt.csv,2026-08-31 01:13:54.607,1.055863812253189,18.2614729109194,0.1275437832743493,0.5009241891096293,0.050848887227,0.0948488893168879,0.1178488904093293,0.4528489063209755,0.473848907318422,0
G_tilt,controlled_phase2,session_G_tilt.csv,2026-08-31 01:13:54.683,1.0534271150614627,18.16034939795249,0.1267819722848408,0.5020379880981495,0.0502268848073221,0.0947731220798082,0.1177731231722496,0.453226903948795,0.4732269048987441,0
G_tilt,controlled_phase2,session_G_tilt.csv,2026-08-31 01:13:54.763,1.0436183460991777,17.785317707423772,0.1234494173265344,0.4894510803918937,0.0475750123254548,0.0934249943716858,0.1124249952741374,0.433575030659471,0.4755750326543639,0
G_tilt,controlled_phase2,session_G_tilt.csv,2026-08-31 01:13:54.842,1.0393622244696534,17.790450669445065,0.1250659505123726,0.4737551004238798,0.0458808272264301,0.0918808294113129,0.1138808304562568,0.4561191966172904,0.473119197424747,0
G_tilt,controlled_phase2,session_G_tilt.csv,2026-08-31 01:13:54.921,1.0279135759133338,18.64218415381752,0.1298629812530074,0.4846541870395933,0.0472869605626795,0.0947130461819585,0.1127130470369126,0.458286980084132,0.4702869806541014,0
G_tilt,controlled_phase2,session_G_tilt.csv,2026-08-31 01:13:54.999,1.0281707633726234,18.565590592025764,0.1290037480227051,0.4782518988484403,0.046829047835309,0.0948290501151867,0.1148290510651357,0.4561709760559089,0.4721709768158681,0
G_tilt,controlled_phase2,session_G_tilt.csv,2026-08-31 01:13:55.086,1.033374081454202,17.49598610565993,0.1211483619176645,0.4605479237807262,0.0459913480124831,0.0909913501498684,0.1119913511473149,0.1330086604895606,0.4790086769236787,0
G_tilt,controlled_phase2,session_G_tilt.csv,2026-08-31 01:13:55.164,1.031751661908798,17.57523922904484,0.121969179868018,0.4609269633779437,0.0456492915135926,0.0926492937459728,0.1116492946484244,0.1713507187933542,0.4783507333750718,0
G_tilt,controlled_phase2,session_G_tilt.csv,2026-08-31 01:13:55.242,1.0341821219501444,17.666794564904787,0.1222391359828777,0.4531409168081494,0.0450040507205735,0.0929959558340747,0.1109959566890288,0.1690040566102575,0.47800407128697,0
G_tilt,controlled_phase2,session_G_tilt.csv,2026-08-31 01:13:55.320,1.0327370597285324,17.355536049312168,0.1200254476701732,0.4469834753689461,0.0458375229628649,0.0898375250527527,0.1101624844467374,0.1251624851591992,0.4801625020207944,0
G_tilt,controlled_phase2,session_G_tilt.csv,2026-08-31 01:13:55.396,1.0356961721408828,17.045448369661752,0.1180861228409835,0.4578294371163641,0.0453222432392783,0.0893222453291662,0.1093222462791152,0.1223222468965821,0.480677781744381,0
G_tilt,controlled_phase2,session_G_tilt.csv,2026-08-31 01:13:55.470,1.0361456322531435,16.5462543561129,0.1146631496027375,0.4426546223533404,0.0433992266651694,0.0883992288025548,0.1093992298000012,0.1223992304174681,0.4836007983659873,0
G_tilt,controlled_phase2,session_G_tilt.csv,2026-08-31 01:13:55.554,1.032066906367703,16.85232976862261,0.1164316765237418,0.442024011500654,0.0445885429076053,0.0895885450449907,0.1085885459474422,0.123588546659904,0.4824114821235514,0
G_tilt,controlled_phase2,session_G_tilt.csv,2026-08-31 01:13:55.632,1.0342834808729613,16.64236148769585,0.1155758693977055,0.4578277134031099,0.0452417091130608,0.0892417112029486,0.1087582982015467,0.1212417127228671,0.482241729869447,0
G_tilt,controlled_phase2,session_G_tilt.csv,2026-08-31 01:13:55.708,1.0379161694226369,16.557348763655916,0.114937348068091,0.4425622925222731,0.0436767107725235,0.0886767129099088,0.1093232964945865,0.119323296969561,0.4823233142111358,0
G_tilt,controlled_phase2,session_G_tilt.csv,2026-08-31 01:13:55.782,1.0358798653911174,16.9506000104257,0.1173388683348588,0.4517134769166547,0.0440531087884719,0.0890531109258572,0.1099468985261356,0.1210531124457756,0.48094691614769,0
G_tilt,controlled_phase2,session_G_tilt.csv,2026-08-31 01:13:55.865,1.0298731105824113,17.399339224423134,0.1203482470441628,0.4488694459184862,0.0452694972513336,0.0912694994362164,0.1107305101582687,0.1297305110607203,0.4797305276848282,0
G_tilt,controlled_phase2,session_G_tilt.csv,2026-08-31 01:13:55.943,1.027746188851229,17.235771799169292,0.1191972658823269,0.4420110406025899,0.0438570675528404,0.0898570697377232,0.1078570705926773,0.1321429408067109,0.4811429573833214,0
G_tilt,controlled_phase2,session_G_tilt.csv,2026-08-31 01:13:56.018,1.0303227452446222,16.792480638619843,0.116689037228592,0.4407930613622789,0.0439353288935364,0.0890646774236245,0.1070646782785786,0.1209353325508402,0.4809353496499227,0
G_tilt,controlled_phase2,session_G_tilt.csv,2026-08-31 01:13:56.100,1.0286464849907586,17.65478618562813,0.1217930122773449,0.4421121721448611,0.0448209076396763,0.0918209098720566,0.1118209108220056,0.1636209132823619,0.4788209282535702,0
G_tilt,controlled_phase2,session_G_tilt.csv,2026-08-31 01:13:56.175,1.037472018443357,16.75625335155872,0.1156495463203327,0.4467095290366421,0.0437314980783891,0.0882685081912744,0.1097315012132209,0.1197315016881954,0.4832685269527677,0
G_tilt,controlled_phase2,session_G_tilt.csv,2026-08-31 01:13:56.253,1.0371878945676465,16.13369691713464,0.1115105979403092,0.4429037199984287,0.0425608693664674,0.0885608715513501,0.1085608725012992,0.1194391383281197,0.4864391557596843,0
G_tilt,controlled_phase2,session_G_tilt.csv,2026-08-31 01:13:56.331,1.035940989780566,16.934414070362546,0.1157340197320746,0.4347313237221494,0.0429750479127648,0.089975050145145,0.1100249593543452,0.1220249599243146,0.4850249771658894,0
G_tilt,controlled_phase2,session_G_tilt.csv,2026-08-31 01:13:56.410,1.0300306054898505,17.36335115084267,0.118805341483001,0.441545843734237,0.0432902875043978,0.0902902897367781,0.111709719857707,0.131709720807656,0.4827097374792615,0
G_tilt,controlled_phase2,session_G_tilt.csv,2026-08-31 01:13:56.488,1.0282089442073348,17.535003071678684,0.1195308772700471,0.446308897824518,0.0439010872486085,0.0909010894809887,0.1119010904784352,0.1310989210634454,0.4830989377825483,0
G_tilt,controlled_phase2,session_G_tilt.csv,2026-08-31 01:13:56.564,1.025859345208114,18.136240350560666,0.123918895797673,0.4577622790035769,0.0457196780648487,0.0947196803922238,0.1132803294872459,0.4432803451614049,0.4792803468713131,0
G_tilt,controlled_phase2,session_G_tilt.csv,2026-08-31 01:13:56.641,1.0276543003921244,18.24429270339326,0.1253756795882895,0.4536083807553026,0.0446123792529629,0.093612381580338,0.1116123824352921,0.4533876444007678,0.4763876454932092,0
G_tilt,controlled_phase2,session_G_tilt.csv,2026-08-31 01:13:56.719,1.0306393409881378,18.26292968427644,0.125398405745404,0.4594664729084492,0.0454206088627813,0.0944206111901564,0.1124206120451105,0.4544206282892389,0.4754206292866854,0
H_clutter,controlled_phase2,session_H_clutter.csv,2026-08-31 01:17:21.778,1.0671171413572274,4.998036608818287,0.0811733281239918,0.3184747957067086,0.0392113253488577,0.0597886793533899,0.0812113273437507,0.1027886813957803,0.3762113413554988,0
H_clutter,controlled_phase2,session_H_clutter.csv,2026-08-31 01:17:21.875,1.0663396175775457,4.811680476498932,0.081733755104756,0.3259416725716588,0.0383965810965225,0.0606034236057251,0.0836034246981665,0.1036034256481155,0.3753965971031636,0
H_clutter,controlled_phase2,session_H_clutter.csv,2026-08-31 01:17:21.951,1.0659378761501632,4.93326122309359,0.0830996122763023,0.3441385373205141,0.0386886835841218,0.0616886846765631,0.0843113222580647,0.1053113232555111,0.3746886995432654,0
H_clutter,controlled_phase2,session_H_clutter.csv,2026-08-31 01:17:22.042,1.0663546999150335,4.777747946547322,0.0823552049486295,0.3431169156653346,0.0384959292034601,0.0624959303433989,0.0835040765912289,0.1065040776836703,0.3754959452101012,0
H_clutter,controlled_phase2,session_H_clutter.csv,2026-08-31 01:17:22.119,1.0657633969752094,4.348290870091499,0.0832262176071615,0.3368904124737366,0.0380513398588731,0.061948664890872,0.0839486659358159,0.1099486671707496,0.3730513557705193,0
H_clutter,controlled_phase2,session_H_clutter.csv,2026-08-31 01:17:22.197,1.0655756206446971,4.734214996133743,0.0821629238499558,0.3348195123302087,0.0384016440056169,0.0614016450980583,0.0835983617890721,0.1065983628815134,0.3744016599647606,0
H_clutter,controlled_phase2,session_H_clutter.csv,2026-08-31 01:17:22.275,1.0659273411407304,4.592252775946307,0.0842835726948129,0.3447198066290667,0.0383807286309771,0.062380729770916,0.0853807308633574,0.1123807321457885,0.3756192910329676,0
H_clutter,controlled_phase2,session_H_clutter.csv,2026-08-31 01:17:22.352,1.065041200162181,4.691430316251728,0.0840693980219494,0.3460426779515689,0.0368417780156389,0.0611582266391113,0.0851582277790501,0.1131582291089787,0.3768417941647723,0
H_clutter,controlled_phase2,session_H_clutter.csv,2026-08-31 01:17:22.430,1.0641860440314643,4.876826857499032,0.0919562145346922,0.3595945027666449,0.0385481164906884,0.0615481175831298,0.0865481187705661,0.1175481202429871,0.3824519035057385,0
H_clutter,controlled_phase2,session_H_clutter.csv,2026-08-31 01:17:22.505,1.0638428936990445,5.062072761784316,0.0856118906640894,0.3500145395128571,0.0378829102557991,0.0611170944464485,0.0851170955863873,0.1171170971063058,0.3798829264999275,0
H_clutter,controlled_phase2,session_H_clutter.csv,2026-08-31 01:17:22.587,1.0650815296462472,5.142588670768957,0.0849193576849079,0.3325569142888833,0.0380219217793242,0.0619780829704208,0.0849780840628622,0.1119780853452934,0.3790219379759552,0
H_clutter,controlled_phase2,session_H_clutter.csv,2026-08-31 01:17:22.663,1.0648130401320388,5.750313115628597,0.0853788121487739,0.3358870967741935,0.0380448293932391,0.0619551753565059,0.0869551765439422,0.1129551777788759,0.3820448457323624,0
H_clutter,controlled_phase2,session_H_clutter.csv,2026-08-31 01:17:22.739,1.063691553790609,6.131588222048702,0.0850850518432672,0.3475165424239886,0.0377490455431579,0.0617490466830967,0.086250960346526,0.1122509615814597,0.3817490618822812,0
H_clutter,controlled_phase2,session_H_clutter.csv,2026-08-31 01:17:22.815,1.0642249356431766,5.854458492366255,0.0853265549404862,0.3447522575797632,0.0380626018162251,0.0620626029561639,0.0869374041209563,0.1139374054033874,0.3830626182028458,0
H_clutter,controlled_phase2,session_H_clutter.csv,2026-08-31 01:17:22.893,1.0644441316571382,5.842836235679443,0.0884159841112972,0.3616222357701047,0.0378180475757874,0.0641819572689526,0.0891819584563888,0.1251819601662971,0.3828180639624081,0
H_clutter,controlled_phase2,session_H_clutter.csv,2026-08-31 01:17:22.971,1.0659254334896058,5.806079841921001,0.0873058697109379,0.3463543844974209,0.0384116705822983,0.0634116717697346,0.0875883354023805,0.1224116745720842,0.3835883494616261,0
H_clutter,controlled_phase2,session_H_clutter.csv,2026-08-31 01:17:23.049,1.0668521197506298,6.23043056880172,0.0888388843252548,0.3496532651444612,0.0383178444204417,0.063317845607878,0.089682161659232,0.1246821633216428,0.3853178609020573,0
H_clutter,controlled_phase2,session_H_clutter.csv,2026-08-31 01:17:23.125,1.0672126568296567,6.44431258505792,0.1029378924882856,0.33944685828877,0.0389366245098181,0.0610633802399269,0.0889366268846907,0.1170633828997842,0.3879366410864286,0
H_clutter,controlled_phase2,session_H_clutter.csv,2026-08-31 01:17:23.206,1.0683322972380052,5.839885007679599,0.0881193256572823,0.3425578923816982,0.0381414326204361,0.0631414338078724,0.0898585734592376,0.1201414365152271,0.3868585875659807,0
H_clutter,controlled_phase2,session_H_clutter.csv,2026-08-31 01:17:23.278,1.0679766132261648,5.981740932350499,0.0901128778113299,0.3471875044132808,0.0381486552317267,0.063148656419163,0.089851350847947,0.1258513525578553,0.3871486718083372,0
H_clutter,controlled_phase2,session_H_clutter.csv,2026-08-31 01:17:23.357,1.0665924862652478,6.06818539732555,0.0931838091142047,0.3740322875247636,0.0385564206980366,0.0645564219329704,0.0935564233103964,0.1365564253527869,0.3934435998208623,0
H_clutter,controlled_phase2,session_H_clutter.csv,2026-08-31 01:17:23.434,1.0661430477007794,5.965213814702008,0.0920682389410037,0.3701122019635343,0.03863409720669,0.0643659076855474,0.092365909015476,0.1353659110578664,0.3926441140212576,0
H_clutter,controlled_phase2,session_H_clutter.csv,2026-08-31 01:17:23.511,1.066479217321709,6.201552559029244,0.0930573741455814,0.3715058737768806,0.0384644647759082,0.0644644660108419,0.093464467388268,0.1364644694306584,0.3925355556954932,0
H_clutter,controlled_phase2,session_H_clutter.csv,2026-08-31 01:17:23.589,1.0676491220693585,6.052112864269579,0.0912238473324099,0.3578752731551521,0.0377018284282708,0.0632981763689717,0.0912981776989003,0.1342981797412907,0.3887018450998762,0
H_clutter,controlled_phase2,session_H_clutter.csv,2026-08-31 01:17:23.666,1.067150686487392,6.227348638153806,0.0925725560529961,0.3611979203161568,0.037503175961834,0.0635031771967677,0.0935031786216913,0.1315031804265944,0.3944968445570649,0
H_clutter,controlled_phase2,session_H_clutter.csv,2026-08-31 01:17:23.743,1.0664570539113185,6.045265317553413,0.0898091574374902,0.3479960899315738,0.0381715839943124,0.0641715852292461,0.0898284220853613,0.1238284237002746,0.3871716005709229,0
H_clutter,controlled_phase2,session_H_clutter.csv,2026-08-31 01:17:23.822,1.06558015566815,5.731611037578159,0.0883573401367117,0.3450826624396891,0.0388449107008301,0.0621550940964124,0.0868449129807078,0.1188449145006262,0.3871551095330841,0
H_clutter,controlled_phase2,session_H_clutter.csv,2026-08-31 01:17:23.898,1.0662439211897965,5.456150862230954,0.0929951541143277,0.3769968496473277,0.0383147582948038,0.06331475948224,0.0913147608121687,0.1463147634245285,0.3926852621765977,0
H_clutter,controlled_phase2,session_H_clutter.csv,2026-08-31 01:17:23.976,1.064562877789152,4.855920807490288,0.0906433627308977,0.3628743512170751,0.0384400362425234,0.0624400373824622,0.0894400386648934,0.1224400402323093,0.3905599841338831,0
H_clutter,controlled_phase2,session_H_clutter.csv,2026-08-31 01:17:24.054,1.0633881247995234,5.088821183286173,0.0927394976314315,0.3754373198242324,0.0379631409898073,0.0649631422722385,0.0910368651373638,0.1270368668472721,0.3949631579463974,0
H_clutter,controlled_phase2,session_H_clutter.csv,2026-08-31 01:17:24.132,1.062005915545211,5.104087782937304,0.0950667596801377,0.3774439213514262,0.0394057066625872,0.0665942983721425,0.0955942997495686,0.1684057127897584,0.4014057238566646,0
H_clutter,controlled_phase2,session_H_clutter.csv,2026-08-31 01:17:24.209,1.0630382109612706,5.703439344636942,0.0946431895883987,0.3889763779527559,0.0392128093323711,0.0652128105673048,0.0942128119447309,0.1472128144620959,0.3987872114715125,0
H_clutter,controlled_phase2,session_H_clutter.csv,2026-08-31 01:17:24.282,1.0656956460501248,5.659256359115148,0.09193487250864,0.3746212647671994,0.0385970692411845,0.0635970704286208,0.0914029369334841,0.1394029392133617,0.3905970859602874,0
H_clutter,controlled_phase2,session_H_clutter.csv,2026-08-31 01:17:24.363,1.0670863084733166,5.644840872481779,0.0869224245278385,0.3311812630137369,0.0375999123492112,0.0624000924005339,0.0844000934454778,0.111400094727909,0.3865999289258217,0
H_clutter,controlled_phase2,session_H_clutter.csv,2026-08-31 01:17:24.438,1.0693252381476663,5.760354819926282,0.0850559449029768,0.3171602958962675,0.0382051040563686,0.060794900645879,0.0857949018333152,0.1107949030207515,0.3882051206804766,0
H_clutter,controlled_phase2,session_H_clutter.csv,2026-08-31 01:17:24.516,1.071018684411028,5.607293597277399,0.0851418981454873,0.3188245350971846,0.0376426677445724,0.0605000028735958,0.0846426699769526,0.1106426712118864,0.3853573523468494,0
H_clutter,controlled_phase2,session_H_clutter.csv,2026-08-31 01:17:24.592,1.0712149674648654,5.951866675775569,0.0819381475340331,0.3138196990770008,0.0353674592879336,0.0593674604278724,0.0823674615203138,0.1033674625177603,0.3848325606704925,0
H_clutter,controlled_phase2,session_H_clutter.csv,2026-08-31 01:17:24.671,1.0716563214196546,6.104669348105855,0.082024813296986,0.3123772928703652,0.0360067751437858,0.0600067762837246,0.0820067773286685,0.1050067784211099,0.3849932448526412,0
H_clutter,controlled_phase2,session_H_clutter.csv,2026-08-31 01:17:24.748,1.0700348163208084,5.712613032716205,0.0820324122890991,0.3023118709731756,0.0368121885510286,0.0581878159612292,0.0801878170061731,0.1038121917333578,0.3861878315403932,0
H_clutter,controlled_phase2,session_H_clutter.csv,2026-08-31 01:17:24.826,1.0676262404043046,4.886795150607573,0.0868062169808669,0.3205155027407004,0.0370001551808476,0.0599998494264051,0.0840001574132278,0.1109998518487751,0.3870001718049556,0
H_clutter,controlled_phase2,session_H_clutter.csv,2026-08-31 01:17:24.905,1.0663992007002774,5.492592189561156,0.0906157191865236,0.3507642012908994,0.0367854386132906,0.0617854398007269,0.0887854410831581,0.1277854429355587,0.3932145818106134,0
H_clutter,controlled_phase2,session_H_clutter.csv,2026-08-31 01:17:24.983,1.06472478810452,5.066132123183205,0.0891195651072516,0.344535941701849,0.0373899472955805,0.0606100573591696,0.0856100585466059,0.1166100600190269,0.3913899641096783,0
H_clutter,controlled_phase2,session_H_clutter.csv,2026-08-31 01:17:25.058,1.0630414050993746,5.086020766794456,0.0948120449624181,0.38151671952373,0.0386147573006356,0.0646147585355694,0.0916147598180006,0.1426147622403706,0.399385263503248,0
H_clutter,controlled_phase2,session_H_clutter.csv,2026-08-31 01:17:25.139,1.0624754764150717,4.742730529779016,0.0982256287734578,0.3837023573474333,0.0382239360521554,0.0652239373345866,0.0962239388070076,0.2547760778645977,0.4087760851792053,0
H_clutter,controlled_phase2,session_H_clutter.csv,2026-08-31 01:17:25.215,1.0638868737543523,4.079911714538562,0.0877440348959814,0.335110296669582,0.0359330740485726,0.0589330751410139,0.0839330763284502,0.1139330777533738,0.3870669460428493,0
H_clutter,controlled_phase2,session_H_clutter.csv,2026-08-31 01:17:25.292,1.0628318017092953,4.28457964645023,0.0948177614919173,0.3701701979854116,0.0376253578135066,0.0616253589534454,0.0886253602358766,0.1339253623875141,0.3993746629428796,0
H_clutter,controlled_phase2,session_H_clutter.csv,2026-08-31 01:17:25.372,1.0616958159001555,3.958049510343385,0.0972337125580562,0.3776549436882471,0.0372312599733231,0.0642312612557542,0.0932312626331803,0.2575687540289284,0.4057687610680478,0
H_clutter,controlled_phase2,session_H_clutter.csv,2026-08-31 01:17:25.445,1.0603305560726213,3.8429706600604767,0.0977546390411542,0.3798391879404747,0.0373541055159323,0.0653541068458609,0.0916459006112389,0.2813541171053104,0.4053541229949944,0
H_clutter,controlled_phase2,session_H_clutter.csv,2026-08-31 01:17:25.528,1.0599987474156405,3.86843354286948,0.0987034317964409,0.3838712356067316,0.0375853649384418,0.066414640001293,0.0935853675982991,0.2974146509732043,0.405414656102929,0
H_clutter,controlled_phase2,session_H_clutter.csv,2026-08-31 01:17:25.605,1.0594940144341929,3.8915538282483473,0.0982168641905989,0.3796577841662981,0.0370479340905094,0.0660479354679355,0.0930479367503667,0.2844020811775434,0.4069520869983589,0
H_clutter,controlled_phase2,session_H_clutter.csv,2026-08-31 01:17:25.681,1.0607060093518488,3.9994484315270062,0.0980120382122615,0.39702363664025,0.0373997223965594,0.0666002825431755,0.0936002838256067,0.2833997340809324,0.404399739828124,0
H_clutter,controlled_phase2,session_H_clutter.csv,2026-08-31 01:17:25.761,1.061184149458607,3.9018580323010097,0.0967242984121706,0.3712690692018571,0.0361525553320114,0.0648474494652311,0.0908474507001648,0.2661525662564252,0.4041525728110735,0
H_clutter,controlled_phase2,session_H_clutter.csv,2026-08-31 01:17:25.839,1.0616049364170117,3.9383125373444368,0.0950053478939459,0.375295271511652,0.036894712420858,0.063105292328887,0.0901052936113182,0.2208947211603891,0.4048947298999201,0
H_clutter,controlled_phase2,session_H_clutter.csv,2026-08-31 01:17:25.917,1.0612639800261,4.188780871189315,0.0974601782349139,0.3834862385321101,0.0365575653702463,0.0644424394269962,0.0924424407569248,0.2765575767696346,0.4055575828968059,0
H_clutter,controlled_phase2,session_H_clutter.csv,2026-08-31 01:17:25.996,1.060978233396039,4.141967080314263,0.0955984515952801,0.3704947484798231,0.037470828203207,0.0634708294381407,0.0904708307205719,0.2275291843836175,0.4055291928381639,0
H_clutter,controlled_phase2,session_H_clutter.csv,2026-08-31 01:17:26.072,1.061746795221931,4.104536327693935,0.0958963768883313,0.3697803790566376,0.0373789341774304,0.0636210706198121,0.0906210719022433,0.2353789435819258,0.4053789516564925,0
H_clutter,controlled_phase2,session_H_clutter.csv,2026-08-31 01:17:26.150,1.0619997246032422,3.8993130385123327,0.1033445582544275,0.3648205312772525,0.036509186269191,0.0625091875041248,0.0905091888340534,0.2324908265076233,0.4094908349146722,0
H_clutter,controlled_phase2,session_H_clutter.csv,2026-08-31 01:17:26.228,1.0627964674182315,4.33806716947757,0.0918611889132845,0.3606671010494503,0.035510156539483,0.0605101577269193,0.0875101590093505,0.1225101606717613,0.3984898640744108,0
H_clutter,controlled_phase2,session_H_clutter.csv,2026-08-31 01:17:26.305,1.0627831830096106,4.297962348295632,0.0929737172469388,0.3606854392564727,0.0361848739249295,0.0608151306823232,0.0888151320122518,0.1298151339596474,0.3991848911665043,0
H_clutter,controlled_phase2,session_H_clutter.csv,2026-08-31 01:17:26.382,1.063250376446922,4.640563772163865,0.0908717546603563,0.3583053258398762,0.0367760626613242,0.0602239419459285,0.0862239431808622,0.1222239448907704,0.3947760796654118,0
H_clutter,controlled_phase2,session_H_clutter.csv,2026-08-31 01:17:26.460,1.0628824802686612,4.867550757808203,0.0881839999279162,0.3418525037768014,0.0362455561837411,0.058245557228685,0.083754449515953,0.1082455596035576,0.391754464145168,0
H_clutter,controlled_phase2,session_H_clutter.csv,2026-08-31 01:17:26.541,1.0622800374177823,4.615845250835383,0.0915126707319504,0.3560113897105576,0.0358981439658725,0.0601018605938827,0.0881018619238114,0.1191018633962324,0.3988981612074473,0
H_clutter,controlled_phase2,session_H_clutter.csv,2026-08-31 01:17:26.617,1.062690751943289,4.9181624298990245,0.0902442630487155,0.3562589210238217,0.0362279503356379,0.0602279514755768,0.0872279527580079,0.1172279541829315,0.3907720699457737,0
H_clutter,controlled_phase2,session_H_clutter.csv,2026-08-31 01:17:26.692,1.0620372810123178,4.970069762285763,0.0900944828556254,0.3424891756984087,0.0360083853731949,0.0590083864656363,0.0859916204214941,0.11899162198891,0.3970084025197749,0
H_clutter,controlled_phase2,session_H_clutter.csv,2026-08-31 01:17:26.772,1.0624164727494625,5.114592912871444,0.0883581066266847,0.3418865945229682,0.0358314670287585,0.0581685374360019,0.0861685387659305,0.1151685401433566,0.393831484032846,0
H_clutter,controlled_phase2,session_H_clutter.csv,2026-08-31 01:17:26.848,1.0629609115446832,5.118859253769238,0.0875765079960754,0.3352247441032487,0.0356177002898807,0.0593823042223771,0.0856177026647533,0.1156177040896768,0.3913823199915309,0
H_clutter,controlled_phase2,session_H_clutter.csv,2026-08-31 01:17:26.926,1.0606132486776323,5.355717334437744,0.0866311817587984,0.3275040846279527,0.0350317925309695,0.0580317936234109,0.0849682131687246,0.1099682143561608,0.3920318094875596,0
H_clutter,controlled_phase2,session_H_clutter.csv,2026-08-31 01:17:27.001,1.0605456237152568,5.427289060805448,0.0873423314332264,0.3484651548672566,0.0355196642977129,0.0585196653901542,0.0864803414969761,0.1184803430168945,0.3905196811593081,0
H_clutter,controlled_phase2,session_H_clutter.csv,2026-08-31 01:17:27.081,1.0596558521562431,5.245903186134752,0.0880687514151742,0.3427994411630448,0.0353659292246435,0.0596340752876143,0.085634076522548,0.1176340780424665,0.3913659461337362,0
H_clutter,controlled_phase2,session_H_clutter.csv,2026-08-31 01:17:27.158,1.0593535856701284,5.425046958689333,0.0878072776033704,0.3448237641321214,0.0359460502553394,0.0589460513477808,0.085946052630212,0.1129460539126432,0.3890539699310773,0
H_clutter,controlled_phase2,session_H_clutter.csv,2026-08-31 01:17:27.235,1.058357542923544,5.363507619449932,0.0871932250417309,0.3382440004956561,0.0354829222013814,0.0595170823108763,0.0864829246237515,0.1125170848282413,0.3914829391104741,0
H_clutter,controlled_phase2,session_H_clutter.csv,2026-08-31 01:17:27.314,1.059047576343725,5.270545060743181,0.0868642890191559,0.3368120263386756,0.035238181709891,0.0592381828498298,0.0852381840847635,0.1132381854146922,0.3907618385240232,0
H_clutter,controlled_phase2,session_H_clutter.csv,2026-08-31 01:17:27.392,1.0591566258280711,5.400597008833483,0.0844740552053134,0.3209336351590106,0.0351274586030936,0.0578725458141693,0.0831274608829713,0.1068725481415444,0.3891274754171914,0
H_clutter,controlled_phase2,session_H_clutter.csv,2026-08-31 01:17:27.469,1.0601622566213214,5.465677015060973,0.0839419224613679,0.3270807935276515,0.035499253597905,0.0575007508193579,0.0834992558777827,0.1045007530517381,0.3894992704120028,0
H_clutter,controlled_phase2,session_H_clutter.csv,2026-08-31 01:17:27.547,1.0595770738259025,5.809941707642484,0.0814663056796135,0.3159488839100489,0.0345447282194937,0.0564552761027743,0.0834552773852055,0.1054552784301494,0.3845447448436017,0
H_clutter,controlled_phase2,session_H_clutter.csv,2026-08-31 01:17:27.626,1.059370638552697,5.584404896388231,0.0836345378248106,0.326738691939985,0.0352102611291686,0.0572102621741126,0.083789744523028,0.1107897458054592,0.3862102778007741,0
H_clutter,controlled_phase2,session_H_clutter.csv,2026-08-31 01:17:27.717,1.0589879745812116,5.766554561572317,0.0828147350007289,0.3313606209914944,0.0347910638892672,0.0572089404804982,0.0837910662166423,0.103208942665381,0.3867910806083701,0
H_clutter,controlled_phase2,session_H_clutter.csv,2026-08-31 01:17:27.794,1.058740187229095,5.538425876266801,0.0842684244225296,0.3429666602321926,0.034042882790598,0.0580428839305369,0.0849571228615986,0.1100428864004043,0.3879571372533263,0
H_clutter,controlled_phase2,session_H_clutter.csv,2026-08-31 01:17:27.873,1.0587414071042154,5.571363423291734,0.0846248082033755,0.3322970258893444,0.0339112872738904,0.058088717095875,0.0849112896962605,0.1100887195657425,0.3889113041354857,0
H_clutter,controlled_phase2,session_H_clutter.csv,2026-08-31 01:17:27.967,1.0585553888203474,5.904464759429792,0.0851455985901953,0.3323091209526541,0.035200542456073,0.0582005435485144,0.0857994632911185,0.1117994645260522,0.3882005592226734,0
H_clutter,controlled_phase2,session_H_clutter.csv,2026-08-31 01:17:28.041,1.058916336940776,5.7523633747968885,0.0834349444247147,0.3312304139864753,0.0348665968509724,0.057133407518793,0.0851334088487216,0.1091334099886605,0.3858666135225779,0
H_clutter,controlled_phase2,session_H_clutter.csv,2026-08-31 01:17:28.122,1.0583735442459472,6.134180547892422,0.0843746933985625,0.3233940556088207,0.034313397055083,0.0576866073146824,0.085686608644611,0.1106866098320473,0.3863134137741859,0
H_clutter,controlled_phase2,session_H_clutter.csv,2026-08-31 01:17:28.199,1.05925509917185,5.808265856149166,0.0829448474280479,0.3294767433852595,0.0353074958576973,0.0573074969026412,0.0856925098894942,0.1073074992775138,0.3846925240912322,0
H_clutter,controlled_phase2,session_H_clutter.csv,2026-08-31 01:17:28.276,1.0584954840657896,6.137355231528208,0.080263008391104,0.3173098004823503,0.0349971240038657,0.0569971250488097,0.0849971263787383,0.1050028826457774,0.3849971406279737,0
H_clutter,controlled_phase2,session_H_clutter.csv,2026-08-31 01:17:28.351,1.0574749196790585,6.032758679801091,0.081374900927173,0.3156463886118663,0.0348382371497477,0.0568382381946916,0.0841617685024489,0.1068382405695642,0.3841617827516843,0
H_clutter,controlled_phase2,session_H_clutter.csv,2026-08-31 01:17:28.430,1.0574281558658312,6.058047106412888,0.0808530676972614,0.3147755994261903,0.034807966678223,0.0568079677231669,0.0841920389739736,0.1058079700505421,0.3831920531757116,0
H_clutter,controlled_phase2,session_H_clutter.csv,2026-08-31 01:17:28.510,1.057216266431292,6.22776510140833,0.0812043163825836,0.3262550111510939,0.0353280764382106,0.0563280774356571,0.083671929213986,0.1043280797155348,0.3836719434632214,0
H_clutter,controlled_phase2,session_H_clutter.csv,2026-08-31 01:17:28.589,1.0574301577521168,6.038975192804295,0.0815944487585108,0.3169292145423742,0.0353060145470287,0.0566939898227367,0.0836939911051679,0.1066939921976093,0.3843060311236392,0
H_clutter,controlled_phase2,session_H_clutter.csv,2026-08-31 01:17:28.666,1.0569094964545769,6.214438545980871,0.0810798567388097,0.3164253195107235,0.0355000016861595,0.0558912867312664,0.083891288061195,0.1048912890586415,0.3821087340726172,0
H_clutter,controlled_phase2,session_H_clutter.csv,2026-08-31 01:17:28.745,1.0562572116278564,6.3489307699081845,0.0815972447081276,0.327223623601667,0.0342468896503294,0.0562468906952733,0.0842468920252019,0.1052468930226484,0.3817531301086103,0
H_clutter,controlled_phase2,session_H_clutter.csv,2026-08-31 01:17:28.824,1.0560765957939178,6.323473064542414,0.0812047532370286,0.3238061277669583,0.0340115220367787,0.0560115230817226,0.0840115244116512,0.1059884846128644,0.3829884977696585,0
H_clutter,controlled_phase2,session_H_clutter.csv,2026-08-31 01:17:28.907,1.0544967863783357,6.037853333175754,0.084138369403964,0.3312947921643573,0.0348001245114251,0.0571998798583404,0.0861998812357665,0.1101998823757053,0.3838001410880356,0
H_clutter,controlled_phase2,session_H_clutter.csv,2026-08-31 01:17:28.982,1.0539629286017422,6.064622127631469,0.0827950160258005,0.324860449285228,0.0343536980238166,0.0573536991162579,0.0836463075808826,0.108353701538628,0.383646321830118,0
H_clutter,controlled_phase2,session_H_clutter.csv,2026-08-31 01:17:29.061,1.0537636449713064,5.9962061065098125,0.0838703934129083,0.3376727718390413,0.0347150830133498,0.0582849214039131,0.0862849227338418,0.111284923921278,0.3847150996374577,0
H_clutter,controlled_phase2,session_H_clutter.csv,2026-08-31 01:17:29.140,1.0528701671961471,6.175625404672866,0.0841284912400803,0.3315178170231886,0.0354965227028649,0.0585034817618954,0.0874965251727324,0.1115034842792603,0.3844965392794754,0
H_clutter,controlled_phase2,session_H_clutter.csv,2026-08-31 01:17:29.216,1.0528737067981346,6.1292205434595415,0.084598888646568,0.3327900248563628,0.0340991282512448,0.0589008761660181,0.0870991307686097,0.1129008787308805,0.3820991447803579,0
H_clutter,controlled_phase2,session_H_clutter.csv,2026-08-31 01:17:29.295,1.053615609939887,6.471435403799167,0.084868154225543,0.3390367209371857,0.0347689804777813,0.0592310239869791,0.0892310254119026,0.1162310266943338,0.3847689971018893,0
H_clutter,controlled_phase2,session_H_clutter.csv,2026-08-31 01:17:29.372,1.054015359509295,6.6401291714187725,0.0848924697034846,0.3419727891156462,0.0352900288870707,0.0587099755776896,0.0882900314044357,0.1162900327343643,0.3857199911098259,0
H_clutter,controlled_phase2,session_H_clutter.csv,2026-08-31 01:17:29.450,1.053492865191718,6.754766610906393,0.0832293411245578,0.3392247302610991,0.0345496295169869,0.0585496306569257,0.0875496320343518,0.1125496332217881,0.3864503904794401,0
H_clutter,controlled_phase2,session_H_clutter.csv,2026-08-31 01:17:29.529,1.0538753755772252,7.183263147651433,0.0825319762491991,0.3397400273798067,0.0349310641853979,0.0570689401843675,0.0860689415617936,0.1099310677477067,0.3870689558585265,0
H_clutter,controlled_phase2,session_H_clutter.csv,2026-08-31 01:17:29.607,1.0537896612904782,7.308043272525607,0.080952972753997,0.3283245475789359,0.0340318748841843,0.0560318759291282,0.0850318773065543,0.1080318783989957,0.3869681451122426,0
H_clutter,controlled_phase2,session_H_clutter.csv,2026-08-31 01:17:29.687,1.0542953564648667,7.422671212244174,0.080687276113063,0.3344922654860045,0.0345800154953233,0.0565800165402672,0.0855800179176933,0.1075800189626372,0.3874200045486011,0
H_clutter,controlled_phase2,session_H_clutter.csv,2026-08-31 01:17:29.763,1.0523639533788591,6.80603402417339,0.0804625176943961,0.3221300624105044,0.0344225018376125,0.0564225028825564,0.0854225042599825,0.1044225051624341,0.3835775180163221,0
H_clutter,controlled_phase2,session_H_clutter.csv,2026-08-31 01:17:29.838,1.0521644335367704,6.877424875535043,0.0828027908706544,0.3296460776083836,0.0347858880829594,0.0582141163343035,0.088214117759227,0.1112141188516684,0.3847859047070674,0
H_clutter,controlled_phase2,session_H_clutter.csv,2026-08-31 01:17:29.917,1.0525295002542463,6.628867368709423,0.081073139516316,0.3242492411101474,0.0340634773334529,0.0579365270363125,0.0850634797558229,0.1079365294111851,0.3850634940050583,0
H_clutter,controlled_phase2,session_H_clutter.csv,2026-08-31 01:17:29.996,1.0526799977461854,6.738988196167472,0.0812595313717729,0.3280178210021597,0.0342132831615618,0.0582132843015006,0.0842132855364343,0.1062132865813783,0.3847867367398703,0
H_clutter,controlled_phase2,session_H_clutter.csv,2026-08-31 01:17:30.072,1.0510552245878029,6.567224124771395,0.0798503291094055,0.3215322821396585,0.03412751539414,0.0571275164865814,0.0841275177690126,0.1041275187189616,0.384872504507292,0
H_clutter,controlled_phase2,session_H_clutter.csv,2026-08-31 01:17:30.147,1.0524912264612367,6.7684289229447145,0.0805829931839006,0.3209576776994031,0.0336492555320573,0.0573507487902107,0.0826492578594324,0.102350750927596,0.3836492721561653,0
H_clutter,controlled_phase2,session_H_clutter.csv,2026-08-31 01:17:30.227,1.0520330888959406,6.398744599566988,0.0785964278855228,0.3112263501195154,0.0331756150209083,0.0558243892063647,0.0821756173482834,0.1008243913437501,0.3821756315975189,0
H_clutter,controlled_phase2,session_H_clutter.csv,2026-08-31 01:17:30.305,1.051009539449068,6.919869453116973,0.0787850273186828,0.3190862395241957,0.0335516101364652,0.0565516112289066,0.0855516126063327,0.1015516133662919,0.3844484097174694,0
H_clutter,controlled_phase2,session_H_clutter.csv,2026-08-31 01:17:30.383,1.0508533658226875,6.592927274974544,0.0794911553380431,0.3201462138174755,0.033751599973721,0.0567516010661623,0.0852484056784756,0.10475160334604,0.3812484197377213,0
H_clutter,controlled_phase2,session_H_clutter.csv,2026-08-31 01:17:30.458,1.0509561298915142,6.800120859671904,0.0773567095424319,0.3157802233458616,0.033520727331002,0.055520728375946,0.0835207297058746,0.0994792789861589,0.3814792923804402,0
H_clutter,controlled_phase2,session_H_clutter.csv,2026-08-31 01:17:30.538,1.0508681601497774,6.873641233374143,0.0764030171717533,0.316694608187767,0.033951396885981,0.0559513979309249,0.0829513992133561,0.0990486094311799,0.3810486228254612,0
H_clutter,controlled_phase2,session_H_clutter.csv,2026-08-31 01:17:30.614,1.0505038191522331,6.9934195920417626,0.0749547335909011,0.3145244285559527,0.0337374352499342,0.0557374362948781,0.0807374374823144,0.0987374383372685,0.3807374517315498,0
H_clutter,controlled_phase2,session_H_clutter.csv,2026-08-31 01:17:30.693,1.0490483842490683,6.971850155123803,0.0756579260022226,0.313068479531378,0.0342630506258088,0.0562630516707527,0.0827369549313929,0.0977369556438547,0.3822630671549218,0
H_clutter,controlled_phase2,session_H_clutter.csv,2026-08-31 01:17:30.769,1.0499307104013995,7.190614699746134,0.0756949641027218,0.3118331847770305,0.0340039180994469,0.0559960861753237,0.0829960874577548,0.0999960882652115,0.3829961017069903,0
H_clutter,controlled_phase2,session_H_clutter.csv,2026-08-31 01:17:30.849,1.0501763466633631,7.193086372640234,0.0752526855246664,0.3217687811214548,0.0337397044603113,0.0562602998144592,0.0812603010018955,0.0992603018568496,0.3822603152986283,0
H_clutter,controlled_phase2,session_H_clutter.csv,2026-08-31 01:17:30.924,1.0510447720528235,7.248309387964871,0.0767615872886882,0.3217740956133367,0.0345325271762273,0.0564674771460407,0.0845325295510999,0.0990000047022476,0.3804674925352149,0
H_clutter,controlled_phase2,session_H_clutter.csv,2026-08-31 01:17:31.017,1.0514595799677575,7.317071990796716,0.0736425343457681,0.3069749184477321,0.0339862223265046,0.054986223323951,0.0820137831831997,0.0989862254138389,0.3820137974324351,0
H_clutter,controlled_phase2,session_H_clutter.csv,2026-08-31 01:17:31.095,1.051071361666748,7.129679300590444,0.0726884596472642,0.3050622810695302,0.0331409150297954,0.0548590891499802,0.080859090384914,0.0968590911448732,0.3818591046816468,0
H_clutter,controlled_phase2,session_H_clutter.csv,2026-08-31 01:17:31.176,1.0506722666851862,7.717713449827148,0.0686502105976246,0.2803150245605488,0.0332508033493117,0.052749200735469,0.0807492020653977,0.0917492025878696,0.3822508199259222,0
H_clutter,controlled_phase2,session_H_clutter.csv,2026-08-31 01:17:31.264,1.050231171164766,7.072185752252612,0.0721124587987676,0.3072407045009784,0.0339458684049731,0.0549458694024196,0.0810541370572337,0.0940541376747006,0.3809458848865887,0
H_clutter,controlled_phase2,session_H_clutter.csv,2026-08-31 01:17:31.345,1.0487409484678163,6.566682393437588,0.0752816064580648,0.3076892184948194,0.0320606023099243,0.0559394018698513,0.0809394030572876,0.0990606054922536,0.3810606188865348,0
H_clutter,controlled_phase2,session_H_clutter.csv,2026-08-31 01:17:31.437,1.0492530936012416,6.463208042627935,0.0761436406077523,0.3116883116883117,0.0338795765796775,0.0558795776246214,0.0818795788595552,0.0998795797145093,0.3831204432267596,0
H_clutter,controlled_phase2,session_H_clutter.csv,2026-08-31 01:17:31.516,1.04900598650057,6.604334377717419,0.0734902848719912,0.2965756080602243,0.0327229213130368,0.0552770828667388,0.0797229235454171,0.0967229243528737,0.3847229380321397,0
H_clutter,controlled_phase2,session_H_clutter.csv,2026-08-31 01:17:31.589,1.0497698104386266,6.826428640478993,0.0745869056182043,0.3077748996765491,0.0327785786415464,0.0557785797339878,0.0792214266781681,0.0962214274856247,0.3812214410223984,0
H_clutter,controlled_phase2,session_H_clutter.csv,2026-08-31 01:17:31.671,1.0495265040069135,6.776439764686183,0.0730787047797001,0.3026179698308864,0.0331267360288198,0.0558732681984532,0.0788732692908946,0.0941267389261644,0.3828732837301198,0
H_clutter,controlled_phase2,session_H_clutter.csv,2026-08-31 01:17:31.746,1.0496908221089452,6.642882357134089,0.0749966157331973,0.3199353448275862,0.0337833394278983,0.0562166648468722,0.0812166660343085,0.0962166667467703,0.3847833560995037,0
H_clutter,controlled_phase2,session_H_clutter.csv,2026-08-31 01:17:31.822,1.050347035472029,7.069809192068828,0.0777185978180453,0.3279281966457421,0.033143798095254,0.0568562061795165,0.0828562074144503,0.1018562083169019,0.3825838146927657,0
H_clutter,controlled_phase2,session_H_clutter.csv,2026-08-31 01:17:31.902,1.0488750907086524,7.337901042732983,0.0766849961489904,0.3194472531176272,0.0339778243304087,0.0560221799443618,0.083022181226793,0.0999778274652405,0.3850221955710233,0
H_clutter,controlled_phase2,session_H_clutter.csv,2026-08-31 01:17:31.980,1.050747841860737,7.859968787118444,0.0735150736438902,0.3129181677817808,0.0343494341422778,0.0546505700849953,0.0823494364221555,0.0978951748965347,0.3813494506238934,0
H_clutter,controlled_phase2,session_H_clutter.csv,2026-08-31 01:17:32.058,1.0504152430813043,7.760667259055091,0.0711055235621255,0.3051094890510949,0.0338185471591467,0.0548185481565932,0.0821814583505575,0.0971814590630193,0.3818185636882598,0
H_clutter,controlled_phase2,session_H_clutter.csv,2026-08-31 01:17:32.137,1.0498890115440889,7.904807195555485,0.0723244568172103,0.3046339789230003,0.0335022963731683,0.0544977078066073,0.0824977091365359,0.0994977099439926,0.3825023129497789,0
H_clutter,controlled_phase2,session_H_clutter.csv,2026-08-31 01:17:32.212,1.049986301917497,7.972222677913205,0.0711101466362442,0.3056779740966859,0.0331814191153527,0.0548185850644229,0.0818185863468541,0.0958185870118184,0.3811814356444658,0
H_clutter,controlled_phase2,session_H_clutter.csv,2026-08-31 01:17:32.289,1.0494350892155684,7.487374662288994,0.0721617395333564,0.3088520614389652,0.0331435208412767,0.054856483338499,0.0808564845734327,0.0961435238336161,0.3798564987751707,0
H_clutter,controlled_phase2,session_H_clutter.csv,2026-08-31 01:17:32.370,1.0486845872403756,7.3750281883595,0.0744522932944731,0.3124966435744589,0.033249813619451,0.0562498147118923,0.0807501917952584,0.0987501926502125,0.3822498301960615,0
H_clutter,controlled_phase2,session_H_clutter.csv,2026-08-31 01:17:32.444,1.047852482026278,7.371308379027132,0.0710951047269012,0.2972530275771327,0.0330614526591883,0.0549385515205873,0.081061454939066,0.0979385535629777,0.3830614692832963,0
H_clutter,controlled_phase2,session_H_clutter.csv,2026-08-31 01:17:32.522,1.0477857170912777,6.994632974248318,0.0744617854631104,0.3183018539122508,0.0332892145732839,0.0557107896539892,0.0812892168531616,0.0992892177081157,0.3802892310548995,0
H_clutter,controlled_phase2,session_H_clutter.csv,2026-08-31 01:17:32.601,1.0470505084478243,7.08588997068653,0.0737909633163673,0.3063649638948059,0.0327902966956465,0.0557902977880879,0.0812097087190628,0.097209709479022,0.3812097229682982,0
H_clutter,controlled_phase2,session_H_clutter.csv,2026-08-31 01:17:32.679,1.0465428975412885,7.166649168775426,0.0751962240985064,0.3166830344530693,0.0331558273856953,0.0568441768890752,0.082844178124009,0.098431169837401,0.3811558439148084,0
H_clutter,controlled_phase2,session_H_clutter.csv,2026-08-31 01:17:32.754,1.0463116320788626,7.155952781989972,0.0764421024934035,0.3186363575187413,0.0337021455826773,0.0572978587395907,0.0837021479575499,0.0987021486700117,0.3827021621592879,0
H_clutter,controlled_phase2,session_H_clutter.csv,2026-08-31 01:17:32.834,1.04677154367125,7.299035139303186,0.0765962954272412,0.3143010897349657,0.0333189172290051,0.0573189183689439,0.0836810883281966,0.0983189203163394,0.3823189338056156,0
H_clutter,controlled_phase2,session_H_clutter.csv,2026-08-31 01:17:32.915,1.0474814466195377,7.61664876155998,0.0747220371228031,0.3099724295608903,0.0336957718916339,0.0553042323356391,0.0816957741715116,0.0986957749789683,0.3833042479148032,0
H_clutter,controlled_phase2,session_H_clutter.csv,2026-08-31 01:17:32.990,1.0488622763935356,7.247376875730914,0.0749426999551906,0.3073449971781021,0.0340548136253644,0.0559451906494061,0.0829451919318373,0.0989451926917965,0.3830548302019749,0
H_clutter,controlled_phase2,session_H_clutter.csv,2026-08-31 01:17:33.067,1.0489261453085628,7.680354115126792,0.0734046423286391,0.3074071088901426,0.0334566792710606,0.0554566803160045,0.0815433261911462,0.0975433269511054,0.3834566958951686,0
H_clutter,controlled_phase2,session_H_clutter.csv,2026-08-31 01:17:33.147,1.0493719289489287,7.700620119548745,0.0707606799176685,0.3048067226890756,0.0332343276289659,0.0542343286264124,0.0812343299088436,0.0967656785457027,0.3802343441105815,0
H_clutter,controlled_phase2,session_H_clutter.csv,2026-08-31 01:17:33.220,1.0483234442881022,7.156938299901855,0.0702636238875924,0.2984294593330214,0.0327700610365451,0.0537700620339915,0.0807700633164227,0.0942299449956312,0.3807700775656581,0
H_clutter,controlled_phase2,session_H_clutter.csv,2026-08-31 01:17:33.300,1.048488764226449,7.047483691730306,0.0712924146561312,0.3018362508873203,0.0328564766553578,0.0548564777003017,0.079856478887738,0.0938564795527023,0.381143543008587,0
H_clutter,controlled_phase2,session_H_clutter.csv,2026-08-31 01:17:33.377,1.047951636297764,6.999794442542709,0.0694203645807578,0.2880367934114123,0.0334067078277089,0.0535932963045693,0.0785932974920056,0.0925932981569699,0.3794067242618271,0
H_clutter,controlled_phase2,session_H_clutter.csv,2026-08-31 01:17:33.454,1.0488679186710097,7.053209054258866,0.0698195038884321,0.2972369037265003,0.0325564744171595,0.0545564754621035,0.0784435308550575,0.0935564773145041,0.3814435452467852,0
H_clutter,controlled_phase2,session_H_clutter.csv,2026-08-31 01:17:33.531,1.0478796975211233,7.158912531234302,0.0677837099352908,0.2878124332407605,0.0320957342738781,0.0539042698109026,0.0780957364587608,0.0919042716158058,0.3800957508029912,0
H_clutter,controlled_phase2,session_H_clutter.csv,2026-08-31 01:17:33.612,1.0482088482114091,7.0862105053230735,0.0711932222755458,0.303365089531129,0.0334965724553573,0.0545034317244184,0.0804965746877375,0.0964965754476967,0.3804965889369729,0
H_clutter,controlled_phase2,session_H_clutter.csv,2026-08-31 01:17:33.689,1.0476684622002046,6.969658398366893,0.069881577965627,0.2937193431435274,0.0327456162919508,0.0542543878403274,0.0792543890277637,0.0927456191417979,0.3807456328210639,0
H_clutter,controlled_phase2,session_H_clutter.csv,2026-08-31 01:17:33.766,1.0478130632419935,6.933968167092715,0.0728400039604073,0.3024241124101684,0.0327363256994805,0.0552636784802951,0.0792636796202339,0.0947363286443225,0.3832636940594591,0
H_clutter,controlled_phase2,session_H_clutter.csv,2026-08-31 01:17:33.843,1.0479478701183116,6.738681963830982,0.0746064432221336,0.3065566536059589,0.0339582118056296,0.056958212898071,0.0790417935615823,0.0970417944165364,0.3819582283347427,0
H_clutter,controlled_phase2,session_H_clutter.csv,2026-08-31 01:17:33.922,1.048056610122008,6.365697554644212,0.0749567183907527,0.3145482060828456,0.0328461626175757,0.0558461637100171,0.0818461649449509,0.1001538436995852,0.3804738570140632,0
H_clutter,controlled_phase2,session_H_clutter.csv,2026-08-31 01:17:34.000,1.0476394744087805,7.101301777421532,0.0729398008420791,0.301776894996779,0.0333180308932365,0.0553180319381805,0.0796819744739754,0.0956819752339346,0.3833180475173445,0
H_clutter,controlled_phase2,session_H_clutter.csv,2026-08-31 01:17:34.093,1.0490900073037477,7.024309455858772,0.0715540012966259,0.2985632723081459,0.0333222467377865,0.0543222477352329,0.0806777586769229,0.094322249635131,0.3816777729736558,0
H_clutter,controlled_phase2,session_H_clutter.csv,2026-08-31 01:17:34.169,1.049768118192451,7.664593987899202,0.0663073055819415,0.2766413324708926,0.0335881592063911,0.0524118448783896,0.0784118461133234,0.0904118466832928,0.3815881757355042,0
H_clutter,controlled_phase2,session_H_clutter.csv,2026-08-31 01:17:34.254,1.0501724411137472,7.767694891931402,0.0653836830718104,0.2750745724736466,0.0335385565741672,0.0524614475106135,0.0774614486980498,0.0894614492680192,0.3815385731032803,0
H_clutter,controlled_phase2,session_H_clutter.csv,2026-08-31 01:17:34.327,1.0511146264190256,7.509835194322916,0.0661941152937195,0.2709700014817409,0.0337758276748234,0.0512241763624599,0.0772241775973936,0.0897758303346807,0.3817758442039365,0
H_clutter,controlled_phase2,session_H_clutter.csv,2026-08-31 01:17:34.409,1.051025623691528,7.597301406341008,0.065924853281738,0.2744324455336224,0.0335978794941789,0.051597880349133,0.079402125873033,0.091597882249031,0.3814021402172634,0
H_clutter,controlled_phase2,session_H_clutter.csv,2026-08-31 01:17:34.486,1.0504114277281014,7.277246825602576,0.0681942716036225,0.2676247034063032,0.0329341141961616,0.0520658898411217,0.0780658910760554,0.0920658917410197,0.3809341307252747,0
H_clutter,controlled_phase2,session_H_clutter.csv,2026-08-31 01:17:34.564,1.0505254847512353,7.438568110544897,0.066273273199774,0.2670802438400775,0.0334507423943584,0.0514507432493125,0.0755492627828637,0.0905492634953255,0.3815492773170839,0
H_clutter,controlled_phase2,session_H_clutter.csv,2026-08-31 01:17:34.643,1.0501132760017582,7.060917313400688,0.0671145634668502,0.2743956308730222,0.0332028500765018,0.0517971539607815,0.0777971551957152,0.0917971558606796,0.3812028666056148,0
H_clutter,controlled_phase2,session_H_clutter.csv,2026-08-31 01:17:34.723,1.0500702542263505,7.135799369512618,0.0683196397618586,0.2715805227430648,0.0330393542872282,0.0520393551896798,0.079039356472111,0.0929606516974506,0.3810393708163413,0
H_clutter,controlled_phase2,session_H_clutter.csv,2026-08-31 01:17:34.801,1.0509425219749455,7.3928669035799555,0.0672186492293446,0.2628186149166958,0.0326578219156021,0.0513421820741837,0.0786578241004849,0.0916578247179518,0.3816578384922127,0
H_clutter,controlled_phase2,session_H_clutter.csv,2026-08-31 01:17:34.882,1.0510219883622516,7.330001185335145,0.0662927616516978,0.26464354657991,0.0333232733135371,0.0506767306762487,0.0766767319111825,0.0913232760683893,0.3823232898901476,0
H_clutter,controlled_phase2,session_H_clutter.csv,2026-08-31 01:17:34.971,1.0513876977700338,7.658463838212849,0.0661111216285888,0.2651078455251549,0.0337432020573722,0.0507432028648289,0.0782568032623423,0.0892568037848142,0.3822568177015675,0
H_clutter,controlled_phase2,session_H_clutter.csv,2026-08-31 01:17:35.053,1.0500039894654196,7.229450537462965,0.0662702834899797,0.2704793628194968,0.0337161446715557,0.0512838593657276,0.0772838606006613,0.0902838612181282,0.3817161612006687,0
H_clutter,controlled_phase2,session_H_clutter.csv,2026-08-31 01:17:35.127,1.051092813082122,7.535639436948342,0.0666792327690308,0.2703891708967851,0.033140779915896,0.0511407807708501,0.077859225356321,0.0898592259262904,0.3818592397955462,0
H_clutter,controlled_phase2,session_H_clutter.csv,2026-08-31 01:17:35.211,1.0499106937576983,7.003020162467241,0.0665994237644164,0.2692951335430751,0.0336362289220879,0.0523637751626928,0.0796362311069707,0.090363776967596,0.3813637907893543,0
H_clutter,controlled_phase2,session_H_clutter.csv,2026-08-31 01:17:35.285,1.050228246604474,7.132095834148655,0.0656088182363686,0.2620070863701887,0.0334375512668867,0.0515624527703966,0.0755624539103354,0.0895624545752997,0.3814375677959998,0
H_clutter,controlled_phase2,session_H_clutter.csv,2026-08-31 01:17:35.364,1.0501136341657713,7.245819036894471,0.0648210818261894,0.2627696255312324,0.0320696163629865,0.0510696172654381,0.0760696184528744,0.0890696190703412,0.3799304032059634,0
H_clutter,controlled_phase2,session_H_clutter.csv,2026-08-31 01:17:35.440,1.050142673366177,7.18407928712299,0.0649114996370651,0.2609068496087469,0.0334551682735673,0.0514551691285214,0.0755448369036548,0.0884551708859271,0.3804551847551829,0
H_clutter,controlled_phase2,session_H_clutter.csv,2026-08-31 01:17:35.519,1.0486022109061266,6.784740658882692,0.0677560269093596,0.2785861120751795,0.0326981754591588,0.0523018285781244,0.0783018298130582,0.090698178214011,0.3796981919407745,0
H_clutter,controlled_phase2,session_H_clutter.csv,2026-08-31 01:17:35.598,1.0479330563100946,6.7864823756762735,0.068034617463159,0.2816440542697526,0.0321383228885527,0.0528616811487305,0.0778616823361668,0.0911383256909024,0.3781383393226709,0
H_clutter,controlled_phase2,session_H_clutter.csv,2026-08-31 01:17:35.675,1.0482083287963482,6.989774634962136,0.0673261604546339,0.2805921008605806,0.0320616340830395,0.0529383699542438,0.0759383710466852,0.0880616367428968,0.3799383854859104,0
H_clutter,controlled_phase2,session_H_clutter.csv,2026-08-31 01:17:35.754,1.0482151281165264,6.865311183822251,0.0684540388758435,0.2712647658112373,0.0310165285277679,0.0520165295252144,0.0789834766969517,0.0900165313301175,0.3769834908511922,0
H_clutter,controlled_phase2,session_H_clutter.csv,2026-08-31 01:17:35.828,1.0491377881614146,6.805280711633282,0.067955454435743,0.2723898531375167,0.0322803353116047,0.0527196687256785,0.0777196699131148,0.0887196704355868,0.3782803517457229,0
H_clutter,controlled_phase2,session_H_clutter.csv,2026-08-31 01:17:35.911,1.048413876795674,6.553045287950507,0.084011506281855,0.272090603489675,0.0316161772660545,0.0523838267237313,0.0756161793559424,0.0883838284336395,0.3806161938426651,0
H_clutter,controlled_phase2,session_H_clutter.csv,2026-08-31 01:17:35.986,1.048404835112845,6.635941202131449,0.0696993893508366,0.279431221350582,0.0309068933653084,0.0529068944102524,0.0770931117644162,0.0890931123343856,0.3789069098944215,0
H_clutter,controlled_phase2,session_H_clutter.csv,2026-08-31 01:17:36.065,1.0491438876871666,6.622204098399086,0.0700289900835538,0.2820231924330679,0.0312536754009984,0.0532536764459423,0.0782536776333786,0.0897463303461931,0.3792536919301115,0
H_clutter,controlled_phase2,session_H_clutter.csv,2026-08-31 01:17:36.142,1.0492294828085198,6.567672379346575,0.0696164777462045,0.2757344096656063,0.032172183506659,0.0528278205306242,0.0771721856440443,0.0891721862140138,0.3791721999882746,0
H_clutter,controlled_phase2,session_H_clutter.csv,2026-08-31 01:17:36.223,1.0504769123826665,6.922213568588509,0.0666680068661521,0.2677343078245915,0.0318773392183056,0.0518773401682546,0.0741226658164242,0.0871226664338911,0.3748773555099314,0
H_clutter,controlled_phase2,session_H_clutter.csv,2026-08-31 01:17:36.301,1.050359225551798,6.944684019523074,0.0658808301312853,0.2594396748930215,0.0318823924500912,0.0518823934000403,0.0741176125846385,0.0871176132021054,0.3731176267863765,0
H_clutter,controlled_phase2,session_H_clutter.csv,2026-08-31 01:17:36.380,1.050443328581903,6.719979135714893,0.0663497140381345,0.2693236390953237,0.0313098504394626,0.0516901535028258,0.0753098525293505,0.087690155212734,0.373309866683591,0
H_clutter,controlled_phase2,session_H_clutter.csv,2026-08-31 01:17:36.455,1.0497571507422756,6.324657869955114,0.067552715798241,0.2705444256102932,0.031490478385324,0.0524904793827705,0.0745095266494058,0.0875095272668726,0.3734904946294524,0
H_clutter,controlled_phase2,session_H_clutter.csv,2026-08-31 01:17:36.534,1.0502071950804583,6.381570667435425,0.0644654768807534,0.2552849664627207,0.0310053968912573,0.0509946070035336,0.073994608095975,0.0869946087134418,0.3720054130878882,0
H_clutter,controlled_phase2,session_H_clutter.csv,2026-08-31 01:17:36.611,1.0493872838857723,6.792489111807538,0.0619494451065718,0.249056553453081,0.0307996974264226,0.0492003063733734,0.0732003075133123,0.0862003081307791,0.3697997135280586,0
H_clutter,controlled_phase2,session_H_clutter.csv,2026-08-31 01:17:36.691,1.0492820759820127,7.059917297597182,0.0666856997479481,0.2707028438924278,0.0319486275469567,0.0510513763953317,0.0740513774877731,0.0889486302543114,0.3759486438860799,0
H_clutter,controlled_phase2,session_H_clutter.csv,2026-08-31 01:17:36.765,1.0485263655918011,6.737450055559406,0.0654278258766164,0.270102680357381,0.0310643567228439,0.052935647266942,0.0759356483593833,0.0879356489293528,0.3750643730619671,0
H_clutter,controlled_phase2,session_H_clutter.csv,2026-08-31 01:17:36.845,1.0476069937481782,6.731350050567731,0.0691282691236333,0.2805928485976339,0.0305454221606529,0.0525454232055968,0.0764545829215743,0.0884545834915437,0.3755454385472736,0
H_clutter,controlled_phase2,session_H_clutter.csv,2026-08-31 01:17:36.921,1.0488762841836614,7.056196179948032,0.0669501345529117,0.2637223722904552,0.032153159835133,0.0518468441546529,0.0778468453895866,0.0888468459120586,0.3781531762692511,0
H_clutter,controlled_phase2,session_H_clutter.csv,2026-08-31 01:17:37.003,1.0491636088774103,6.943756705833472,0.0618779537829699,0.2497514284577958,0.0298706381596416,0.049129365592657,0.0731293667325958,0.0848706407720014,0.3678706542137802,0
H_clutter,controlled_phase2,session_H_clutter.csv,2026-08-31 01:17:37.080,1.048748166419479,6.815529086746306,0.0669259729680451,0.2654795142738822,0.0310507515716829,0.0519492523706055,0.0739492534155494,0.0879492540805138,0.3760507679583036,0
H_clutter,controlled_phase2,session_H_clutter.csv,2026-08-31 01:17:37.158,1.0487012673163936,6.799123769233115,0.0639366777379533,0.2619819387197033,0.0313280524971133,0.0516719514451751,0.0746719525376164,0.0863280551094731,0.3733280687412417,0
H_clutter,controlled_phase2,session_H_clutter.csv,2026-08-31 01:17:37.238,1.048861870381459,6.830360380743621,0.0631134179600241,0.2649215495788031,0.0301681874249537,0.0511681884224002,0.075168189562339,0.0858318180847506,0.3724118316965719,0
H_clutter,controlled_phase2,session_H_clutter.csv,2026-08-31 01:17:37.314,1.0485164647723104,7.251429703250551,0.0609554071039909,0.25,0.0312540462303225,0.0498729799959217,0.0727459587094123,0.0852540487951849,0.3742540625219483,0
H_clutter,controlled_phase2,session_H_clutter.csv,2026-08-31 01:17:37.391,1.048151604612678,7.026362160685567,0.0628822097346734,0.258701962768649,0.031393660443421,0.05139366139337,0.0736063445438113,0.0856063451137807,0.3723936766400519,0
H_clutter,controlled_phase2,session_H_clutter.csv,2026-08-31 01:17:37.470,1.0482327830126057,7.170673800506621,0.0610646586750785,0.244219537563005,0.0305382978475363,0.0495382987499879,0.0735382998899267,0.0854617076621679,0.371461721246439,0
H_clutter,controlled_phase2,session_H_clutter.csv,2026-08-31 01:17:37.548,1.0481841392009317,7.326351312934894,0.0600458223443538,0.2376818175746971,0.0305131377273284,0.0485131385822825,0.0735131397697188,0.0854868677823759,0.3704868813191495,0
H_clutter,controlled_phase2,session_H_clutter.csv,2026-08-31 01:17:37.624,1.0492379741181117,7.038895789321223,0.0607804942708737,0.2505255315185865,0.0311247985832685,0.0501247994857201,0.0741248006256589,0.0851248011481309,0.3688752204157119,0
H_clutter,controlled_phase2,session_H_clutter.csv,2026-08-31 01:17:37.701,1.0492642192184811,6.816729852432604,0.0620403923712813,0.2569543982587461,0.03097680244812,0.050976803398069,0.072976804443013,0.0849768050129824,0.369976818549756,0
H_clutter,controlled_phase2,session_H_clutter.csv,2026-08-31 01:17:37.781,1.047659526885338,7.069613626596309,0.0608053822279321,0.2476260140976193,0.0303018633889886,0.0493018642914402,0.0713018653363841,0.0826981419782233,0.3686981555624944,0
H_clutter,controlled_phase2,session_H_clutter.csv,2026-08-31 01:17:37.855,1.0472405065112362,6.976378255307514,0.0614914709908457,0.249098433736543,0.0306954916305526,0.0496954925330042,0.0716954935779481,0.084695494195415,0.3696955077321886,0
H_clutter,controlled_phase2,session_H_clutter.csv,2026-08-31 01:17:37.931,1.046166390199041,7.328850291728299,0.0588064540019751,0.2487476248056659,0.0301506585138127,0.0498493452859833,0.0721506605087056,0.0831506610311776,0.3628493601526856,0
H_clutter,controlled_phase2,session_H_clutter.csv,2026-08-31 01:17:38.011,1.0463201408730505,7.206202072983814,0.0600271435563362,0.2517826734780757,0.0301609475798647,0.0501609485298137,0.0708390572173778,0.0828390577873472,0.3668390712766234,0
H_clutter,controlled_phase2,session_H_clutter.csv,2026-08-31 01:17:38.089,1.0455732563440143,7.281190122566353,0.0606152747365925,0.2520543970031525,0.029523223013347,0.0514767808339464,0.0735232251032349,0.0854767824488598,0.3654767957481462,0
H_clutter,controlled_phase2,session_H_clutter.csv,2026-08-31 01:17:38.165,1.0445344032434587,7.633686589495986,0.0573763153146082,0.2447496174344361,0.0303491782659506,0.048650825486348,0.0706508265312919,0.0823491807358181,0.2863491904252981,0
H_clutter,controlled_phase2,session_H_clutter.csv,2026-08-31 01:17:38.244,1.0451789008182664,7.803098006264089,0.057161566152824,0.2473849234579611,0.0299339328633052,0.0489339337657568,0.0729339349056956,0.0830660725039067,0.2820660819558995,0
H_clutter,controlled_phase2,session_H_clutter.csv,2026-08-31 01:17:38.322,1.0444351441937845,7.729789345309069,0.0573031062651577,0.2452004219409282,0.02959114064601,0.0495911415959591,0.071591142640903,0.0815911431158775,0.2714088736507227,0
H_clutter,controlled_phase2,session_H_clutter.csv,2026-08-31 01:17:38.400,1.0436905257631135,7.859348489610398,0.0563997316835412,0.2432378941812904,0.0299101874610323,0.0489101883634839,0.0710898173362102,0.0820898178586821,0.259089826265731,0
H_clutter,controlled_phase2,session_H_clutter.csv,2026-08-31 01:17:38.478,1.0436321959272663,8.04865301394606,0.0547888943796579,0.2353993005338031,0.0295975979768483,0.0485975988792999,0.0715975999717413,0.0815976004467158,0.2544024155124278,0
H_clutter,controlled_phase2,session_H_clutter.csv,2026-08-31 01:17:38.555,1.0446247643219349,8.026931132300467,0.053755479058827,0.2415359966380374,0.0299691265252353,0.0480308771795658,0.0700308782245098,0.0809691289476053,0.1820308835442243,0
H_clutter,controlled_phase2,session_H_clutter.csv,2026-08-31 01:17:38.630,1.042093871007098,7.933989607286272,0.054472681555743,0.2385596497437309,0.0297007761167553,0.0482992275880458,0.0702992286329897,0.0812992291554617,0.2517007866611895,0
H_clutter,controlled_phase2,session_H_clutter.csv,2026-08-31 01:17:38.710,1.043093330692348,8.740210798483808,0.0470949032067637,0.2183447424089135,0.0288248578249796,0.0461751457373291,0.0661751466872782,0.0818248603423446,0.1318248627172171,0
H_clutter,controlled_phase2,session_H_clutter.csv,2026-08-31 01:17:38.789,1.0431171726071005,8.938561185248238,0.0448476999699683,0.21868962344746,0.028786043294056,0.0462139602682527,0.0642139611232068,0.0787860456689286,0.1287860480438012,0
H_clutter,controlled_phase2,session_H_clutter.csv,2026-08-31 01:17:38.864,1.0412696975997129,9.081965076752532,0.0454473403675696,0.220137996169688,0.0287296626705646,0.0462703408917442,0.0652703417941957,0.0807296651404321,0.1277296673728123,0
H_clutter,controlled_phase2,session_H_clutter.csv,2026-08-31 01:17:38.942,1.0409689426981172,9.189420526629902,0.0441817051251291,0.2155005747727035,0.0286023762148466,0.0456023770223033,0.0656023779722523,0.0783976288673806,0.1273976311947557,0
H_clutter,controlled_phase2,session_H_clutter.csv,2026-08-31 01:17:39.020,1.0403851933947004,9.067652085424529,0.0446008294711794,0.210188261351052,0.0291193681995898,0.0461193690070464,0.0678806364076629,0.0798806369776323,0.1288806393050074,0
H_clutter,controlled_phase2,session_H_clutter.csv,2026-08-31 01:17:39.095,1.0400408324335442,9.151439907410705,0.0442836247159552,0.2181158760903194,0.0292061448738996,0.0467938587359066,0.0662061466313053,0.0802061472962696,0.1297938626781951,0
H_clutter,controlled_phase2,session_H_clutter.csv,2026-08-31 01:17:39.174,1.039698581193797,9.16488883953753,0.0437112498437049,0.215442785554275,0.0282583695294924,0.0462583703844465,0.0652583712868981,0.0787416355527348,0.1307416380226023,0
H_clutter,controlled_phase2,session_H_clutter.csv,2026-08-31 01:17:39.250,1.039674452781688,9.110596429216477,0.0419346879049252,0.2000571777578522,0.028350513997156,0.0436494894226604,0.0643505157070642,0.0773505163245311,0.1256494933174514,0
H_clutter,controlled_phase2,session_H_clutter.csv,2026-08-31 01:17:39.327,1.0385402980191143,8.906615184098605,0.0432825600015647,0.2063050952614843,0.0280626515927084,0.0450626524001651,0.063937352777057,0.0769373533945239,0.1289373558643913,0
H_clutter,controlled_phase2,session_H_clutter.csv,2026-08-31 01:17:39.406,1.0379183831784362,8.817488980672946,0.0440234168450255,0.2083870967741935,0.0289216400833816,0.0459216408908382,0.0649216417932898,0.0770783649513482,0.1330783676112055,0
H_clutter,controlled_phase2,session_H_clutter.csv,2026-08-31 01:17:39.486,1.0379059623981797,8.842455657275371,0.0436152241169646,0.2090687255496882,0.028036991506372,0.0459630120084393,0.0649630129108909,0.0770369938337471,0.1280369962561172,0
H_clutter,controlled_phase2,session_H_clutter.csv,2026-08-31 01:17:39.563,1.0369895608898885,8.826893089491026,0.0435583010538179,0.2086598519924585,0.028059935409139,0.0460599362640932,0.0640599371190473,0.0769400695780933,0.1279400720004633,0
H_clutter,controlled_phase2,session_H_clutter.csv,2026-08-31 01:17:39.641,1.0378346872592752,8.738377984746261,0.0435359353746009,0.2031047200483185,0.0281568308219375,0.0458431726928738,0.0638431735478279,0.0761568331018152,0.1281568355716826,0
H_clutter,controlled_phase2,session_H_clutter.csv,2026-08-31 01:17:39.720,1.037582099724691,8.740976946869164,0.0438618143782765,0.204990812484741,0.028973929392327,0.0459739301997836,0.0630260749774385,0.0770260756424028,0.1300260781597677,0
H_clutter,controlled_phase2,session_H_clutter.csv,2026-08-31 01:17:39.795,1.0378872993789394,8.781660996449675,0.0430295203050089,0.2086947555647209,0.0275716305773718,0.045428372889942,0.0625716322397826,0.0775716329522444,0.1265716352796195,0
H_clutter,controlled_phase2,session_H_clutter.csv,2026-08-31 01:17:39.873,1.037851828596653,8.585872065796474,0.0440372132686956,0.2027061822488863,0.0284133700443638,0.0455866334704475,0.064413371754272,0.0784133724192364,0.1294133748416064,0
H_clutter,controlled_phase2,session_H_clutter.csv,2026-08-31 01:17:39.953,1.0378169183451822,8.653984231021088,0.0428934761240622,0.2038492711857865,0.0277190122391466,0.0452809912281673,0.0637190139490548,0.0762809927005883,0.1262809950754608,0
H_clutter,controlled_phase2,session_H_clutter.csv,2026-08-31 01:17:40.028,1.0377270842681403,8.648397183452587,0.0430778287248162,0.2042111521857146,0.0280201652271716,0.0459798382876397,0.0630201668895824,0.0749798396650658,0.1259798420874358,0
H_clutter,controlled_phase2,session_H_clutter.csv,2026-08-31 01:17:40.110,1.0358770527998165,8.358426523094543,0.0475750577837703,0.2174165419740983,0.0298988714474663,0.0461011321623399,0.0661011331122889,0.077898873727344,0.1358988764821962,0
H_clutter,controlled_phase2,session_H_clutter.csv,2026-08-31 01:17:40.199,1.034177754038838,8.110911750489125,0.048737604855421,0.2252179383481621,0.0300811553786297,0.0470811561860864,0.066918849228623,0.0759188496561,0.137918852600942,0
H_clutter,controlled_phase2,session_H_clutter.csv,2026-08-31 01:17:40.282,1.0322004413119483,8.221846744928794,0.0512119433309255,0.2286672750408082,0.0310102195878889,0.0460102203003507,0.0680102213452946,0.0789897856368306,0.1369897883916828,0
H_clutter,controlled_phase2,session_H_clutter.csv,2026-08-31 01:17:40.371,1.0331106149844138,8.645137241501494,0.0473250519024339,0.2234715119117987,0.0306655844536329,0.0456655851660947,0.0673344202011172,0.0766655866385157,0.132665589298373,0
H_clutter,controlled_phase2,session_H_clutter.csv,2026-08-31 01:17:40.452,1.0345168957185296,7.959245787904461,0.0487042679839396,0.217251983357883,0.029532523303642,0.0455325240636013,0.0655325250135503,0.0734674815885954,0.1354674845334373,0
H_clutter,controlled_phase2,session_H_clutter.csv,2026-08-31 01:17:40.543,1.032453438869413,7.872400895986045,0.0525748028825319,0.2388345521611166,0.0308024485436346,0.0481975552086639,0.068197556158613,0.07719755658609,0.1788024555732574,0
H_clutter,controlled_phase2,session_H_clutter.csv,2026-08-31 01:17:40.621,1.03203295876152,8.225433290380046,0.0495085542159878,0.2173044453323366,0.0296116115989051,0.0456116123588643,0.0673883930083476,0.0753883933883272,0.1353883962381743,0
H_clutter,controlled_phase2,session_H_clutter.csv,2026-08-31 01:17:40.702,1.0314248536775494,8.320041640141156,0.0496225073376864,0.2200932226368319,0.0306877056242005,0.0463122980331032,0.0676877073816062,0.0743122993630318,0.1346877105639354,0
H_clutter,controlled_phase2,session_H_clutter.csv,2026-08-31 01:17:40.779,1.0309463030389807,8.014221745524436,0.0520523354556694,0.2217296614647096,0.031399194779955,0.0463991954924167,0.0676008099222926,0.0773991969648377,0.1396008133421091,0
H_clutter,controlled_phase2,session_H_clutter.csv,2026-08-31 01:17:40.855,1.031190866302283,7.69858452470085,0.0525597383322599,0.2265433603119428,0.0314916962740674,0.0465083074307337,0.0674916979839757,0.0744916983164578,0.1694917028287157,0
H_clutter,controlled_phase2,session_H_clutter.csv,2026-08-31 01:17:40.933,1.0319664875951176,7.773823739274663,0.0530407231834345,0.2220428093472672,0.0313235905490594,0.0466764131557417,0.0676764141531882,0.0773235927339421,0.1403235957262816,0
H_clutter,controlled_phase2,session_H_clutter.csv,2026-08-31 01:17:41.012,1.0318701661987006,7.987721390634592,0.0507928682089019,0.223006505695698,0.0309655444263758,0.0460344592309278,0.0679655461837815,0.0749655465162637,0.1389655495561006,0
H_clutter,controlled_phase2,session_H_clutter.csv,2026-08-31 01:17:41.090,1.0317836651950816,7.859350780711138,0.0520213107385433,0.22029744476118,0.0311206949139888,0.0468793087908123,0.0678793097882588,0.0758793101682384,0.1378793131130804,0
H_clutter,controlled_phase2,session_H_clutter.csv,2026-08-31 01:17:41.170,1.031545799565641,7.755931773961622,0.0530784563687594,0.2244729333694824,0.030900849680268,0.0469008504402272,0.0679008514376737,0.0760991554019592,0.1390991583942986,0
H_clutter,controlled_phase2,session_H_clutter.csv,2026-08-31 01:17:41.245,1.0328572386005677,8.015403456904421,0.0506483049199886,0.2261764101510325,0.0313378469626277,0.0466621567421734,0.067337848672536,0.0726621579771071,0.136662161016944,0
H_clutter,controlled_phase2,session_H_clutter.csv,2026-08-31 01:17:41.335,1.034250783698221,8.037089727044831,0.0486604705414747,0.2170568778779428,0.030235567944965,0.0457644356648412,0.0657644366147902,0.0742355700348529,0.1352355729321974,0
H_clutter,controlled_phase2,session_H_clutter.csv,2026-08-31 01:17:41.415,1.034723196387979,8.184508283622742,0.0477558574970753,0.2146209036261392,0.0298959357487247,0.0468959365561814,0.0658959374586329,0.0741040691910102,0.1331040719933598,0
H_clutter,controlled_phase2,session_H_clutter.csv,2026-08-31 01:17:41.492,1.035260264929005,8.164955300118214,0.0476944403934833,0.2111310964168791,0.028966809952565,0.0460331936097437,0.0649668116624733,0.0739668120899503,0.1360331978845144,0
H_clutter,controlled_phase2,session_H_clutter.csv,2026-08-31 01:17:41.569,1.0341133367442554,8.243384572603436,0.0472270117100911,0.208401923550532,0.0299516663826402,0.046048337227166,0.064951668045051,0.0720483384620997,0.1330483413594443,0
H_clutter,controlled_phase2,session_H_clutter.csv,2026-08-31 01:17:41.646,1.0330140875898566,8.2934311248898,0.0476263266628224,0.2156567605815,0.0295517317522746,0.0455517325122338,0.0655517334621829,0.0744482731874602,0.1324482759423124,0
H_clutter,controlled_phase2,session_H_clutter.csv,2026-08-31 01:17:41.723,1.0328576119460469,8.169582531169898,0.0483189785081677,0.2107109357934906,0.0302080012292187,0.0457920023805875,0.0652080028916295,0.0737920037105162,0.1352080062164511,0
H_clutter,controlled_phase2,session_H_clutter.csv,2026-08-31 01:17:41.798,1.0314902706359206,8.356673261189226,0.0467066791382049,0.2051737223272746,0.0292608099929603,0.0457391935693485,0.0657391945192975,0.0737391948992771,0.1332608149326952,0
H_clutter,controlled_phase2,session_H_clutter.csv,2026-08-31 01:17:41.876,1.0315624878619274,8.25250271725942,0.04758549503678,0.210863602573633,0.0294625247902331,0.0454625255501923,0.0654625265001414,0.0715374800070094,0.1344625297774655,0
H_clutter,controlled_phase2,session_H_clutter.csv,2026-08-31 01:17:41.954,1.031254552748747,8.214382736483401,0.0478836592939532,0.2140535005759631,0.0295524780451623,0.0455524788051215,0.0655524797550706,0.0725524800875527,0.1345524830323947,0
H_clutter,controlled_phase2,session_H_clutter.csv,2026-08-31 01:17:42.029,1.0314594198960163,8.421513842925172,0.0464764805711534,0.2042247191011236,0.0301782999887694,0.0448217035735394,0.0658217045709859,0.0741783020786572,0.1291783046910171,0
H_clutter,controlled_phase2,session_H_clutter.csv,2026-08-31 01:17:42.108,1.0327134858290707,8.364321682004173,0.0465961097557762,0.2072764966343323,0.0299868970758072,0.0450131064865015,0.0669868988332129,0.07598689926069,0.1309869018730498,0
H_clutter,controlled_phase2,session_H_clutter.csv,2026-08-31 01:17:42.188,1.033043868556811,8.381857477192735,0.0466206172698745,0.2137116321792156,0.0295912166735399,0.0455912174334991,0.0664087878862154,0.074408788266195,0.1324087910210472,0
H_clutter,controlled_phase2,session_H_clutter.csv,2026-08-31 01:17:42.279,1.033446021581138,8.412289941606701,0.0445897125480662,0.1993172572220582,0.0286088872817711,0.0446088880417303,0.0643911171354918,0.0746088894666539,0.1286088920315162,0
H_clutter,controlled_phase2,session_H_clutter.csv,2026-08-31 01:17:42.356,1.0336244377479311,8.493964878169793,0.0454666238199392,0.2117553061250789,0.0285240802733637,0.0455240810808204,0.0654759241913967,0.0765240825532413,0.1255240848806165,0
H_clutter,controlled_phase2,session_H_clutter.csv,2026-08-31 01:17:42.437,1.0330255142962432,8.401515776877153,0.0469381189864716,0.2189797764836313,0.0291293962072693,0.0451293969672286,0.0661293979646751,0.0778706088749578,0.1328706114873177,0
H_clutter,controlled_phase2,session_H_clutter.csv,2026-08-31 01:17:42.513,1.0324826280047976,8.705857296846673,0.0456689429891442,0.2086341063840679,0.0293895728903237,0.0446104306244876,0.0663895746477294,0.0763895751227039,0.1283895775925714,0
H_clutter,controlled_phase2,session_H_clutter.csv,2026-08-31 01:17:42.590,1.0328070493828183,8.629299409833871,0.0461252878843436,0.2120995350263144,0.0297336762372699,0.0447336769497317,0.0667336779946756,0.0772663288449573,0.1312663314098197,0
H_clutter,controlled_phase2,session_H_clutter.csv,2026-08-31 01:17:42.668,1.0335685803316486,8.507403585291533,0.0448643361716561,0.2018832634633989,0.0285171119639708,0.0454828915508405,0.0655171137213765,0.0764828930232615,0.1254828953506366,0
H_clutter,controlled_phase2,session_H_clutter.csv,2026-08-31 01:17:42.746,1.0343118946769148,8.743752135676575,0.0430384835390757,0.2033264086915007,0.0289968659338635,0.0449968666938227,0.0619968675012794,0.0740031389583739,0.1260031414282414,0
H_clutter,controlled_phase2,session_H_clutter.csv,2026-08-31 01:17:42.824,1.0341481121528835,8.602377533138542,0.044751286120782,0.2070104369589617,0.0287468567315989,0.0457468575390556,0.064253147685664,0.0742531481606385,0.1232531504880136,0
H_clutter,controlled_phase2,session_H_clutter.csv,2026-08-31 01:17:42.900,1.0338782416409602,8.504171229205753,0.0433623618625082,0.2019220886010895,0.0289369810229063,0.0459369818303629,0.0629369826378196,0.0740630238693311,0.1270630263866961,0
H_clutter,controlled_phase2,session_H_clutter.csv,2026-08-31 01:17:42.980,1.034503148646864,8.424675349451443,0.0443447329005851,0.1975859320770239,0.0280557896967197,0.0450557905041764,0.0639442146730457,0.0760557919765974,0.1260557943514699,0
H_clutter,controlled_phase2,session_H_clutter.csv,2026-08-31 01:17:43.058,1.0343693151849498,8.520100346711846,0.0438432952068076,0.2008891858552631,0.0284558375974679,0.0455441659173434,0.0634558392598787,0.073544167247272,0.1275441698121344,0
H_clutter,controlled_phase2,session_H_clutter.csv,2026-08-31 01:17:43.151,1.034640336912561,8.431189654491465,0.0448069983727478,0.2007868447781534,0.0287705692576045,0.0452294342572068,0.0632294351121609,0.0732294355871354,0.1272294381519978,0
H_clutter,controlled_phase2,session_H_clutter.csv,2026-08-31 01:17:43.230,1.0350078743966211,8.357273073393696,0.0435644491930641,0.2037588579644654,0.0283958239840378,0.0453958247914945,0.0626041803382302,0.0743958261689206,0.1243958285437931,0
H_clutter,controlled_phase2,session_H_clutter.csv,2026-08-31 01:17:43.307,1.0366042363476042,8.517234570100504,0.0424473758674376,0.1905202787850731,0.0281147944326214,0.0448852090346925,0.0618852098421491,0.074885210459616,0.1241147989923767,0
H_clutter,controlled_phase2,session_H_clutter.csv,2026-08-31 01:17:43.386,1.036080441368041,8.394937472963171,0.0433168941480679,0.1951660701227726,0.0280375771825902,0.0449624262847236,0.0619624270921803,0.0750375794149704,0.1260375818373404,0
H_clutter,controlled_phase2,session_H_clutter.csv,2026-08-31 01:17:43.466,1.036362259097071,8.362919402210395,0.0447683867387432,0.2027754577577899,0.0284076081594399,0.0444076089193992,0.0624076097743533,0.0755923967802949,0.1265923992026649,0
H_clutter,controlled_phase2,session_H_clutter.csv,2026-08-31 01:17:43.542,1.0381321618004542,8.685804653483332,0.0420761831029056,0.1958933512632858,0.0276396092675033,0.0453603941998106,0.0613603949597698,0.0766396115948784,0.124639613874756,0
H_clutter,controlled_phase2,session_H_clutter.csv,2026-08-31 01:17:43.620,1.0374503435862514,8.524314137798587,0.0423296803456298,0.204149089412491,0.0282546957550313,0.0442546965149905,0.0622546973699447,0.0777453092796984,0.1287453117020685,0
H_clutter,controlled_phase2,session_H_clutter.csv,2026-08-31 01:17:43.699,1.0388456016396812,8.680379053432722,0.0412718593921391,0.1880226981890567,0.0283565412949005,0.0453565421023571,0.0623565429098138,0.0766434636923318,0.125643466019707,0
H_clutter,controlled_phase2,session_H_clutter.csv,2026-08-31 01:17:43.777,1.0376783755374843,8.666026095244185,0.0427923858247867,0.2015905499572572,0.0283046538325475,0.0443046545925067,0.0633046554949583,0.0786953512496797,0.1276953535770548,0
H_clutter,controlled_phase2,session_H_clutter.csv,2026-08-31 01:17:43.855,1.037306558919399,8.496556039190162,0.0427866549323198,0.1991495393338058,0.0280146266769283,0.0449853767903856,0.0639853776928371,0.0779853783578015,0.1300146315216683,0
H_clutter,controlled_phase2,session_H_clutter.csv,2026-08-31 01:17:43.930,1.0385547317124595,8.59263016331243,0.0415932013544942,0.1933884937589549,0.0284440642907011,0.0444440650506603,0.060555939936572,0.0775559407440287,0.1255559430239063,0
H_clutter,controlled_phase2,session_H_clutter.csv,2026-08-31 01:17:44.009,1.038740717313959,8.414321357890152,0.0422991264609563,0.1915875799463585,0.0280633523748192,0.0439366510449972,0.0609366518524538,0.0770633547021943,0.1260633570295695,0
H_clutter,controlled_phase2,session_H_clutter.csv,2026-08-31 01:17:44.088,1.037417779075156,8.703228965086666,0.0414422780959327,0.1984207615838681,0.0279906133486702,0.0450093901186436,0.0610093908786029,0.0759906156285479,0.1239906179084255,0
H_clutter,controlled_phase2,session_H_clutter.csv,2026-08-31 01:17:44.180,1.0370714778296783,8.420740061039965,0.0431490686018134,0.1955852551112023,0.027048971348631,0.0459510321186829,0.0629510329261395,0.0760489736760061,0.1280489761458736,0
H_clutter,controlled_phase2,session_H_clutter.csv,2026-08-31 01:17:44.257,1.037404040114739,8.497063973485645,0.0416817693922322,0.1951416588644204,0.0276001116111823,0.0453998918561315,0.0596001131311008,0.0743998932335576,0.1233998955609327,0
H_clutter,controlled_phase2,session_H_clutter.csv,2026-08-31 01:17:44.333,1.0363383038166016,8.444842410977524,0.0440441766277249,0.2030516884552594,0.028389895040682,0.0453898958481386,0.062610109281586,0.0773898973680571,0.1273898997429297,0
H_clutter,controlled_phase2,session_H_clutter.csv,2026-08-31 01:17:44.409,1.0370163998115525,8.46301788435418,0.0423367404244347,0.19524115755627,0.027594522210991,0.0445945230184476,0.0614054820162821,0.0764054827287439,0.1255945268657412,0
H_clutter,controlled_phase2,session_H_clutter.csv,2026-08-31 01:17:44.486,1.0367177964582155,8.520866244217602,0.0434625444499226,0.2037961010236099,0.0282958451791741,0.0452958459866308,0.0622958467940875,0.0777041598555556,0.1257041621354333,0
H_clutter,controlled_phase2,session_H_clutter.csv,2026-08-31 01:17:44.562,1.0364959306147676,8.535460198208229,0.0437249726506368,0.2000310005425095,0.0281574453426769,0.0458425581721344,0.0621574469575902,0.0761574476225546,0.1261574499974271,0
H_clutter,controlled_phase2,session_H_clutter.csv,2026-08-31 01:17:44.640,1.0358398518313294,8.521257385706067,0.0441940140187135,0.2108446915582326,0.0288517459679877,0.046148257594321,0.0628517475829011,0.0751482589717471,0.1248517505277431,0
H_clutter,controlled_phase2,session_H_clutter.csv,2026-08-31 01:17:44.718,1.0356618090866163,8.361005487998852,0.0434258446684504,0.1967781717280715,0.0277870369294943,0.0437870376894535,0.0622129673452762,0.0752129679627431,0.1252129703376157,0
H_clutter,controlled_phase2,session_H_clutter.csv,2026-08-31 01:17:44.796,1.03423084339416,8.348275756482842,0.0460508784212473,0.2221979378262323,0.028567909099054,0.0465679099540081,0.0644320953182089,0.0745679112839368,0.1275679138013017,0
H_clutter,controlled_phase2,session_H_clutter.csv,2026-08-31 01:17:44.873,1.0355149428013397,8.310561870310314,0.0436578308586136,0.197758801959125,0.028395518952633,0.0446044845146809,0.0616044853221375,0.0743955211375158,0.124604488314477,0
H_clutter,controlled_phase2,session_H_clutter.csv,2026-08-31 01:17:44.951,1.0368819801037823,8.40402282976339,0.043229166258094,0.1967386128164536,0.0277998777635291,0.0442001256562873,0.0622001265112415,0.0747998799959093,0.1237998823232844,0
H_clutter,controlled_phase2,session_H_clutter.csv,2026-08-31 01:17:45.026,1.037102123675247,8.377173866409308,0.0423137903825823,0.1919798078656605,0.0277451271323332,0.0437451278922924,0.0617451287472465,0.0742548777124068,0.1242548800872793,0
H_clutter,controlled_phase2,session_H_clutter.csv,2026-08-31 01:17:45.105,1.0384927035862832,8.245581592431908,0.0436437069504572,0.1920051746442432,0.0277126662580662,0.0442873371617502,0.0617126678729795,0.0752873386341712,0.1232873409140489,0
H_clutter,controlled_phase2,session_H_clutter.csv,2026-08-31 01:17:45.184,1.0386420206122198,8.264788960424541,0.0417961498084053,0.1846039931931255,0.0270263714269658,0.0429736318978557,0.0599736327053124,0.074026373659346,0.1220263759392237,0
H_clutter,controlled_phase2,session_H_clutter.csv,2026-08-31 01:17:45.260,1.0387077717211113,8.490580150351699,0.0421423291397217,0.1880448805660893,0.0272929369075884,0.044707066512228,0.0607070672721872,0.0742929391399687,0.1242929415148412,0
H_clutter,controlled_phase2,session_H_clutter.csv,2026-08-31 01:17:45.338,1.0398738581327291,8.344690348268989,0.0413426571544369,0.1835310355603588,0.0275881209473398,0.0444118824724766,0.0604118832324358,0.0754118839448976,0.1235881255070951,0
H_clutter,controlled_phase2,session_H_clutter.csv,2026-08-31 01:17:45.417,1.0395327504869916,8.33672160952411,0.0425340647985724,0.1847872741698424,0.027913077038246,0.0449130778457027,0.0609130786056619,0.0740869278064939,0.123086930133869,0
H_clutter,controlled_phase2,session_H_clutter.csv,2026-08-31 01:17:45.494,1.040128911993871,8.056528232714376,0.0436180190422411,0.1986321852530847,0.0271774271467177,0.0451774280016719,0.0618225770805553,0.0748225776980222,0.1258225801203922,0
H_clutter,controlled_phase2,session_H_clutter.csv,2026-08-31 01:17:45.572,1.0393901179734102,8.424073605106992,0.0425684220331433,0.1935928439555867,0.0276911108661841,0.0453088926011298,0.061308893361089,0.0726911130035694,0.1236911154259394,0
H_clutter,controlled_phase2,session_H_clutter.csv,2026-08-31 01:17:45.655,1.0383490997446048,7.947116328985072,0.0442687566433702,0.1951872352589589,0.0274268743049674,0.044573129114849,0.0615731299223056,0.0734268764898502,0.1254268789597177,0
H_clutter,controlled_phase2,session_H_clutter.csv,2026-08-31 01:17:45.729,1.0390363832304648,8.241077929209872,0.0431747930162338,0.1854121933762769,0.0281946138708919,0.0438053895489245,0.0608053903563812,0.0731946160082772,0.1221946183356523,0
H_clutter,controlled_phase2,session_H_clutter.csv,2026-08-31 01:17:45.806,1.0397901244771597,8.137485772033024,0.0434762222758417,0.1910906217758681,0.027308094439377,0.0446919089804394,0.0603080960067929,0.0733080966242598,0.123691912732738,0
H_clutter,controlled_phase2,session_H_clutter.csv,2026-08-31 01:17:45.883,1.0404568194027315,8.0439691309274,0.04412821943335,0.1869659931386232,0.0272302748353261,0.0447697285844903,0.0607697293444495,0.0737697299619164,0.1242302794425789,0
H_clutter,controlled_phase2,session_H_clutter.csv,2026-08-31 01:17:45.961,1.041261673556815,8.196014159622363,0.0429961188266541,0.1893699861506702,0.0275634077216926,0.0444365956981238,0.0594365964105856,0.0735634099065754,0.1245634123289454,0
H_clutter,controlled_phase2,session_H_clutter.csv,2026-08-31 01:17:46.051,1.0397874715949171,8.044909071438962,0.043005052764797,0.1838861321493862,0.0272948955246958,0.0447051078951206,0.0602948970921117,0.0737051092725467,0.1237051116474192,0
H_clutter,controlled_phase2,session_H_clutter.csv,2026-08-31 01:17:46.131,1.0370359383267085,7.988005127662223,0.0441982572054287,0.1909649590084062,0.0282522133288634,0.0442522140888226,0.0612522148962793,0.0717477914208817,0.1237477938907491,0
H_clutter,controlled_phase2,session_H_clutter.csv,2026-08-31 01:17:46.224,1.03689896976036,8.111091779589698,0.04351838570807,0.1846958150180768,0.0273922035535112,0.0443922043609679,0.0606078006262644,0.0716078011487364,0.121607803523609,0
H_clutter,controlled_phase2,session_H_clutter.csv,2026-08-31 01:17:46.302,1.0375845494454328,8.177149072421575,0.0425618319009278,0.1800948483076723,0.0277876710398461,0.0437876717998053,0.0597876725597645,0.0732123337573964,0.1222123360847715,0
H_clutter,controlled_phase2,session_H_clutter.csv,2026-08-31 01:17:46.382,1.038204750585339,7.945900565051473,0.0439606553147528,0.1821916736227045,0.0274549913916881,0.0444549921991448,0.0605450127880875,0.071454993481576,0.1244549959989409,0
H_clutter,controlled_phase2,session_H_clutter.csv,2026-08-31 01:17:46.459,1.0388090454294368,7.749912129307024,0.0449347803962093,0.1960207679995836,0.0265855651607802,0.0445855660157343,0.060414438971498,0.072585567345663,0.1251055698402332,0
H_clutter,controlled_phase2,session_H_clutter.csv,2026-08-31 01:17:46.538,1.0405034729621805,7.734123238595359,0.0434394757376967,0.1857252594164594,0.0273928300797166,0.0446071733400998,0.0596071740525616,0.0733928322645993,0.1243928346869693,0
H_clutter,controlled_phase2,session_H_clutter.csv,2026-08-31 01:17:46.616,1.0398690620988502,8.002615133299699,0.0437132731849019,0.1931794443283893,0.0269872976052036,0.0449872984601578,0.0600127065270745,0.0739872998375839,0.1239873022124564,0
H_clutter,controlled_phase2,session_H_clutter.csv,2026-08-31 01:17:46.693,1.040836857254685,7.968477167981542,0.0424947573853036,0.1759028601985053,0.0274250922733678,0.0444250930808245,0.0595749118589103,0.0734250944582506,0.1244250968806206,0
H_clutter,controlled_phase2,session_H_clutter.csv,2026-08-31 01:17:46.770,1.039571617684793,7.843183318021755,0.0445893112975938,0.1865328096959609,0.0271983419509067,0.0441983427583634,0.0608016622288689,0.072198344088292,0.123198346510662,0
H_clutter,controlled_phase2,session_H_clutter.csv,2026-08-31 01:17:46.848,1.038468432636205,8.019543802790812,0.0433084982290727,0.1879586543098841,0.0267928817845919,0.0442071215877271,0.0607928833995052,0.0722071229176557,0.1222071252925283,0
H_clutter,controlled_phase2,session_H_clutter.csv,2026-08-31 01:17:46.927,1.038537708278006,7.727441762626525,0.0448868582180122,0.1864100161382685,0.0267591636427968,0.0447591644977509,0.0607591652577101,0.0712408410119533,0.1242408435293183,0
H_clutter,controlled_phase2,session_H_clutter.csv,2026-08-31 01:17:47.005,1.0374562239262473,7.764875303398158,0.0446418041796113,0.1903009253259376,0.0270635818043594,0.0450635826593135,0.0610635834192727,0.0710635838942472,0.1229364253202582,0
H_clutter,controlled_phase2,session_H_clutter.csv,2026-08-31 01:17:47.083,1.0362467093689611,6.985410770291415,0.0497253241124216,0.2084467434630616,0.0273937784711917,0.0453937793261458,0.0636062258510763,0.0716062262310559,0.1376062293658877,0
H_clutter,controlled_phase2,session_H_clutter.csv,2026-08-31 01:17:47.161,1.036331094974717,7.311623987466327,0.0475728842860535,0.1989561262983825,0.0261697211541107,0.0441697220090648,0.0628302830731624,0.0721697233389935,0.1311697261413431,0
H_clutter,controlled_phase2,session_H_clutter.csv,2026-08-31 01:17:47.239,1.0359155743175024,7.355984615116784,0.0468670398192439,0.1952491309385863,0.0268512437113126,0.0448512445662667,0.0621487605159605,0.0718512458486979,0.1308512486510475,0
H_clutter,controlled_phase2,session_H_clutter.csv,2026-08-31 01:17:47.317,1.0367560831636866,7.436721358142027,0.0456235318202595,0.1907885392591062,0.0274111728128003,0.0454111736677544,0.0615888314144728,0.0724111749501856,0.1284111776100429,0
H_clutter,controlled_phase2,session_H_clutter.csv,2026-08-31 01:17:47.396,1.036509003969404,7.446905955580112,0.0462219946507521,0.1900487602985113,0.0263667769937827,0.0453667778962343,0.0616332271859929,0.0723667791786655,0.1273667817910253,0
H_clutter,controlled_phase2,session_H_clutter.csv,2026-08-31 01:17:47.472,1.0369400362056922,7.525592914031251,0.0446674477468311,0.179499812008142,0.0267253905421835,0.0447253913971377,0.0602746135900946,0.0707253926320714,0.1287253953869236,0
H_clutter,controlled_phase2,session_H_clutter.csv,2026-08-31 01:17:47.550,1.0374110081784862,7.130442774489983,0.0479128704734656,0.2011116137788405,0.0268825062855753,0.0448825071405294,0.0621174979416978,0.0721174984166723,0.1348825114153,0
H_clutter,controlled_phase2,session_H_clutter.csv,2026-08-31 01:17:47.628,1.0361125369857709,6.984753899365196,0.0484785038758566,0.1897170908151401,0.0261027011493841,0.0451027020518357,0.0628973030778889,0.0721027033342669,0.132102706184114,0
H_clutter,controlled_phase2,session_H_clutter.csv,2026-08-31 01:17:47.704,1.0375990704904867,7.696703103300695,0.0456476788896127,0.1942281026863815,0.0273295463108482,0.0456704571564656,0.0616704579164248,0.0723295484482335,0.1263295510130959,0
H_clutter,controlled_phase2,session_H_clutter.csv,2026-08-31 01:17:47.781,1.0381195400034269,7.41468508189834,0.045858022713634,0.1952327048935035,0.0266662255532399,0.044666226408194,0.0603337785790383,0.0733337791965051,0.1273337817613675,0
H_clutter,controlled_phase2,session_H_clutter.csv,2026-08-31 01:17:47.856,1.0370433576255236,7.540617644410832,0.0451837870976094,0.184483606345263,0.0271255479592014,0.0438744554131176,0.0611255495741147,0.0711255500490892,0.1298744594978984,0
H_clutter,controlled_phase2,session_H_clutter.csv,2026-08-31 01:17:47.936,1.0353694655451946,7.035092663859152,0.0477483582124219,0.1968786276280149,0.0266629833378799,0.044337020034439,0.0616629850002907,0.0706629854277678,0.1336629884201072,0
H_clutter,controlled_phase2,session_H_clutter.csv,2026-08-31 01:17:48.028,1.0344764411896974,7.03251950593495,0.0482021669690438,0.1919558644926225,0.026646917206641,0.044353086165678,0.0633530870681295,0.0703530874006117,0.1343530904404486,0
H_clutter,controlled_phase2,session_H_clutter.csv,2026-08-31 01:17:48.104,1.0340638927636054,7.279619140785359,0.0455991339942188,0.1788912690014711,0.0266233656540431,0.0433766376707784,0.0606233672689564,0.0696233676964335,0.1316233706412755,0
H_clutter,controlled_phase2,session_H_clutter.csv,2026-08-31 01:17:48.183,1.0329720086331473,7.361338584141371,0.0471572371941937,0.1902657141388703,0.0266876458171145,0.0443123575552044,0.063312358457656,0.0693123587426407,0.1303123616399852,0
H_clutter,controlled_phase2,session_H_clutter.csv,2026-08-31 01:17:48.262,1.0327205317652242,6.7497496291855,0.0510624908208163,0.2070947462954647,0.0281323125813217,0.0441323133412809,0.06413231429123,0.0711323146237121,0.1651323190884726,0
H_clutter,controlled_phase2,session_H_clutter.csv,2026-08-31 01:17:48.338,1.0335142138564657,6.9642730599390825,0.0502553686564345,0.1986829218000927,0.0287079888886863,0.045292014626125,0.0647079905985945,0.0697079908360818,0.138292019043388,0
H_clutter,controlled_phase2,session_H_clutter.csv,2026-08-31 01:17:48.418,1.0349033064842572,6.865388354331719,0.0510390368482444,0.2042075991475648,0.0271044505830937,0.0451044514380478,0.0641044523404994,0.0701044526254841,0.1385544558766817,0
H_clutter,controlled_phase2,session_H_clutter.csv,2026-08-31 01:17:48.494,1.0367261078737673,7.476452885279411,0.0465945282859106,0.1903397674388457,0.0271110187751622,0.0451110196301163,0.0618889854521109,0.0721110209125475,0.1321110237623945,0
H_clutter,controlled_phase2,session_H_clutter.csv,2026-08-31 01:17:48.573,1.037255597569867,7.302815062872122,0.0467062344984727,0.1842289810654268,0.0274419768365268,0.0454419776914809,0.0614419784514401,0.0705580278182234,0.1295480306201032,0
H_clutter,controlled_phase2,session_H_clutter.csv,2026-08-31 01:17:48.651,1.036150537813856,6.695921763185496,0.0518122531306617,0.2057634497771328,0.0273390704392015,0.0453390712941557,0.0633390721491098,0.0716609342630461,0.1974109402358506,0
H_clutter,controlled_phase2,session_H_clutter.csv,2026-08-31 01:17:48.727,1.0378340890727566,7.071962532057591,0.0468897351694139,0.181630774416886,0.0272520595344945,0.0442520603419511,0.0597479445977837,0.0692520615293874,0.1322520645217269,0
H_clutter,controlled_phase2,session_H_clutter.csv,2026-08-31 01:17:48.806,1.036783480425262,6.788328086112089,0.0495064705371664,0.1964871771588683,0.026365682477899,0.0446343208944199,0.0616343217018766,0.0703656845677869,0.1373656877501161,0
H_clutter,controlled_phase2,session_H_clutter.csv,2026-08-31 01:17:48.885,1.0372959111131586,7.191995567528849,0.0470136864266597,0.1788832408521206,0.0263640021317643,0.0443640029867185,0.0603640037466777,0.0703640042216522,0.1303640070714993,0
H_clutter,controlled_phase2,session_H_clutter.csv,2026-08-31 01:17:48.961,1.0374880050072004,7.451433700269939,0.0450910568652462,0.1794286603472645,0.0268832825248612,0.0438832833323179,0.0591167215599195,0.072883284709744,0.1248832871796115,0
H_clutter,controlled_phase2,session_H_clutter.csv,2026-08-31 01:17:49.040,1.0365744549656746,6.744471401759267,0.0500766714903268,0.2153565561577565,0.0260367369336866,0.0459632664861298,0.0619779615255899,0.0699632676260686,0.1819632729457831,0
H_clutter,controlled_phase2,session_H_clutter.csv,2026-08-31 01:17:49.117,1.0371943667036685,6.761522196472626,0.0496549851950344,0.2025986463226825,0.0260871620109026,0.0450871629133542,0.061912842168873,0.0710871641482879,0.1763871691497725,0
H_clutter,controlled_phase2,session_H_clutter.csv,2026-08-31 01:17:49.194,1.0377973774126368,8.160464693801693,0.0547467110698853,0.1875643615981229,0.0265137730119273,0.0444862303603916,0.0584862310253559,0.074513775291805,0.1245137776666776,0
H_clutter,controlled_phase2,session_H_clutter.csv,2026-08-31 01:17:49.289,1.0374972760321446,7.337297548143292,0.0467933849922513,0.1897365853658536,0.0267441833841015,0.0457441842865531,0.0602558207481767,0.0707441854739894,0.1257441880863492,0
H_clutter,controlled_phase2,session_H_clutter.csv,2026-08-31 01:17:49.382,1.0377214195990714,7.208525320684378,0.0457391924842179,0.1844500879077945,0.0259506556572821,0.0450493477150368,0.0600493484274986,0.06995065774717,0.1269506604545247,0
H_clutter,controlled_phase2,session_H_clutter.csv,2026-08-31 01:17:49.458,1.0369886225484704,7.327239948902879,0.0546101244858879,0.186866592364117,0.0256041327834828,0.0453958705888362,0.0603958713012979,0.0736041350633605,0.1326041378657101,0
H_clutter,controlled_phase2,session_H_clutter.csv,2026-08-31 01:17:49.536,1.0357011272722207,7.333552433758945,0.0585310553718721,0.1845331331149917,0.0261037695734331,0.0441037704283873,0.0611037712358439,0.0708962350338195,0.1334162380033643,0
H_clutter,controlled_phase2,session_H_clutter.csv,2026-08-31 01:17:49.615,1.035358939878377,6.7912555045386425,0.0560010115774114,0.1940449744728945,0.0262751483698699,0.044724855002449,0.0617248558099057,0.0702751504597578,0.1352751535470922,0
H_clutter,controlled_phase2,session_H_clutter.csv,2026-08-31 01:17:49.692,1.0348765561595357,7.180062898811904,0.06101267713509,0.2038393239056889,0.0265854787154637,0.0444145246568552,0.0614145254643119,0.0715854808528491,0.1536254847495481,0
H_clutter,controlled_phase2,session_H_clutter.csv,2026-08-31 01:17:49.772,1.0345442534604137,6.596214745826973,0.0504785983412672,0.1983672411558896,0.0264053401164383,0.0454053410188899,0.0624053418263466,0.0704053422063262,0.1334053451986656,0
H_clutter,controlled_phase2,session_H_clutter.csv,2026-08-31 01:17:49.850,1.0349384053213178,7.489057089465473,0.0610908213652599,0.2052568140285392,0.0269626877511022,0.0449626886060563,0.0620373164761709,0.0719626898884875,0.1359626929283244,0
H_clutter,controlled_phase2,session_H_clutter.csv,2026-08-31 01:17:49.927,1.034877613465346,7.252202624106318,0.0516003665810966,0.1830845513509314,0.0262550146463187,0.0442550155012728,0.0607449894859595,0.071255016783704,0.1302550195860536,0
H_clutter,controlled_phase2,session_H_clutter.csv,2026-08-31 01:17:50.005,1.0333154787673493,7.264720716312006,0.060377335792249,0.1915321540921045,0.0259201703817788,0.0440798329430427,0.0610798337504994,0.0709201725191641,0.1862901779989404,0
H_clutter,controlled_phase2,session_H_clutter.csv,2026-08-31 01:17:50.081,1.0341628018924367,7.805083191564443,0.0637200415475641,0.1916410236435165,0.0265220153082095,0.0444779880641095,0.0604779888240687,0.0715220174455948,0.1315220202954419,0
H_clutter,controlled_phase2,session_H_clutter.csv,2026-08-31 01:17:50.161,1.03421510288602,7.909276657738904,0.0697606648113624,0.1930845068597857,0.0269734690032557,0.0439734698107123,0.06102653517652,0.071973471140641,0.1730534759416414,0
H_clutter,controlled_phase2,session_H_clutter.csv,2026-08-31 01:17:50.237,1.0346978979069188,6.937694256965264,0.0478973461896946,0.1847120554511887,0.0262697557337217,0.0437302475910998,0.0622697574436299,0.070730248873531,0.1297302516758807,0
H_clutter,controlled_phase2,session_H_clutter.csv,2026-08-31 01:17:50.317,1.035001676764106,6.806032339605558,0.0477702351869943,0.1866692526506335,0.0264751240917393,0.0435248792330822,0.0614751257541501,0.0705248805155134,0.1315248834128579,0
H_clutter,controlled_phase2,session_H_clutter.csv,2026-08-31 01:17:50.406,1.0343168840346098,6.817765713315637,0.0484665186051364,0.1827193084617674,0.0268725377361256,0.0438725385435823,0.0608725393510389,0.0681274667761322,0.1311274697684716,0
H_clutter,controlled_phase2,session_H_clutter.csv,2026-08-31 01:17:50.486,1.0332562339728686,6.561351569844916,0.0498338798387103,0.1953036541430777,0.0277037197924385,0.0442962836273779,0.0632962845298295,0.068703721739834,0.1725137266705421,0
H_clutter,controlled_phase2,session_H_clutter.csv,2026-08-31 01:17:50.560,1.032450652234077,6.849672446696895,0.0497436007241321,0.1899448522322633,0.0275225681851682,0.0435225689451275,0.0624774360896023,0.0685225701325638,0.1365225733623905,0
H_clutter,controlled_phase2,session_H_clutter.csv,2026-08-31 01:17:50.637,1.0325996584208497,6.977493247086632,0.0488520510816069,0.1900286222634795,0.027233968958122,0.043766034414197,0.0622339706205328,0.0697660356491307,0.1337660386889676,0
H_clutter,controlled_phase2,session_H_clutter.csv,2026-08-31 01:17:50.719,1.033545947528296,6.905100520837345,0.0490608010608381,0.1822417776393323,0.0278767762377636,0.0438767769977228,0.0618767778526769,0.0701232284169866,0.1311232313143311,0
H_clutter,controlled_phase2,session_H_clutter.csv,2026-08-31 01:17:50.809,1.033461009557196,7.280035374556095,0.0477397672756616,0.181043304791637,0.0272624596805859,0.0437375436917331,0.0617375445466872,0.0702624617229763,0.1252624643353361,0
H_clutter,controlled_phase2,session_H_clutter.csv,2026-08-31 01:17:50.888,1.033694493542296,7.156590680819736,0.0484230224732192,0.1886451880997831,0.0268527159637106,0.0431472873611109,0.0621472882635625,0.069852718006101,0.1268527207134557,0
H_clutter,controlled_phase2,session_H_clutter.csv,2026-08-31 01:17:50.964,1.0324756031468674,7.028697544715405,0.0486918972993671,0.1933596267367824,0.0279986222150743,0.0430013811572447,0.0630013821071937,0.0700013824396759,0.1319986271548092,0
H_clutter,controlled_phase2,session_H_clutter.csv,2026-08-31 01:17:51.042,1.0315256774636596,7.005474074493022,0.0496915093873649,0.188985201117966,0.0278926740106539,0.043107329361665,0.0638926757205622,0.0688926759580494,0.1311073335414407,0
H_clutter,controlled_phase2,session_H_clutter.csv,2026-08-31 01:17:51.122,1.032304609292422,7.1729332410545785,0.0490990592031586,0.1877005967956071,0.0278774326539428,0.0428774333664045,0.063877434363851,0.0698774346488357,0.1281225747556595,0
H_clutter,controlled_phase2,session_H_clutter.csv,2026-08-31 01:17:51.197,1.0315987460667129,7.297497829700705,0.0475779261918412,0.1850513674411428,0.0275655189053727,0.0425655196178345,0.0635655206152809,0.0704344857493775,0.1294344885517271,0
H_clutter,controlled_phase2,session_H_clutter.csv,2026-08-31 01:17:51.275,1.0318568198439,7.389208752548586,0.047091472108924,0.1870347953743528,0.0277739472846281,0.0427739479970898,0.0627739489470389,0.069773949279521,0.1267739519868758,0
H_clutter,controlled_phase2,session_H_clutter.csv,2026-08-31 01:17:51.356,1.0317685283290694,7.481747740945283,0.0463076636785238,0.1848601065609637,0.0271465226144529,0.0421465233269147,0.0621465242768637,0.0688534819453023,0.1288534847951494,0
H_clutter,controlled_phase2,session_H_clutter.csv,2026-08-31 01:17:51.431,1.031583762352646,7.851610339389851,0.0444630645536455,0.1799932958589036,0.0272345044135735,0.0422345051260353,0.0602345059809894,0.0697655001936792,0.1237655027585415,0
H_clutter,controlled_phase2,session_H_clutter.csv,2026-08-31 01:17:51.507,1.0302186869255912,7.330458913953919,0.0479739088517884,0.1794429349575698,0.0278550562440429,0.0428550569565047,0.0631449480782251,0.0701449484107072,0.1281449511655594,0
H_clutter,controlled_phase2,session_H_clutter.csv,2026-08-31 01:17:51.586,1.0300400879867766,7.157258909586936,0.0484600915071341,0.1847079700640382,0.0282546499030915,0.0427453534692274,0.0642546516129998,0.0702546518979845,0.1307453576490032,0
H_clutter,controlled_phase2,session_H_clutter.csv,2026-08-31 01:17:51.661,1.0301275415730855,7.55609582581686,0.0457309740273749,0.1764123658332797,0.0275639707159924,0.0424360326088291,0.0615639723309058,0.0695639727108854,0.1235639752757478,0
H_clutter,controlled_phase2,session_H_clutter.csv,2026-08-31 01:17:51.740,1.030425908189738,7.342739420870052,0.0465839126113475,0.1771402140535262,0.0273968097709114,0.0426031935539101,0.0633968114808196,0.0706031948838388,0.128396814568154,0
H_clutter,controlled_phase2,session_H_clutter.csv,2026-08-31 01:17:51.819,1.030922473998782,7.73508771457707,0.0445770818307088,0.1724404279148804,0.0278382458928503,0.0418382465578146,0.0618382475077636,0.0701617587618999,0.1228382504051082,0
H_clutter,controlled_phase2,session_H_clutter.csv,2026-08-31 01:17:51.895,1.029558393099572,7.251324017418469,0.0485414244627344,0.1941569282136895,0.0267875959814731,0.0427875967414324,0.0637875977388788,0.070787598071361,0.1277876007787157,0
H_clutter,controlled_phase2,session_H_clutter.csv,2026-08-31 01:17:51.974,1.0295826490980529,7.22779753464012,0.0482553894642703,0.1824754713104227,0.0268025003740932,0.0428025011340524,0.0621975038531799,0.0708025024639811,0.1291975070355091,0
H_clutter,controlled_phase2,session_H_clutter.csv,2026-08-31 01:17:52.051,1.0290557673525973,7.190369675618227,0.0476865715934267,0.1825537844022038,0.0270846246358478,0.043084625395807,0.0620846262982586,0.0699153799714049,0.129915382821252,0
H_clutter,controlled_phase2,session_H_clutter.csv,2026-08-31 01:17:52.133,1.0287752931638765,7.3477502701219155,0.0472992329211625,0.1889743589743589,0.0272870653986301,0.0432870661585893,0.061712938828643,0.069287067393523,0.1297129420584697,0
H_clutter,controlled_phase2,session_H_clutter.csv,2026-08-31 01:17:52.223,1.0285922913587695,7.337700089359047,0.0476186149228703,0.1830103788537246,0.0271939912706828,0.0431939920306421,0.0621939929330936,0.0711939933605707,0.1288060161389195,0
H_clutter,controlled_phase2,session_H_clutter.csv,2026-08-31 01:17:52.315,1.0286433026965478,7.35697094535544,0.0473066121270234,0.1836789383015376,0.0275390940152402,0.0434609093570788,0.0634609103070278,0.0714609106870074,0.1295390988599802,0
H_clutter,controlled_phase2,session_H_clutter.csv,2026-08-31 01:17:52.393,1.027584281715712,7.26276858636716,0.0483996780164837,0.1882782856706308,0.0282356452332497,0.0442356459932089,0.0642356469431579,0.0722356473231375,0.1287643622238501,0
H_clutter,controlled_phase2,session_H_clutter.csv,2026-08-31 01:17:52.475,1.0269094064540905,7.598571729571759,0.0485988492020195,0.1900258503749584,0.0286586740340402,0.0446586747939994,0.0643413303832227,0.0733413308106998,0.1273413333755622,0
H_clutter,controlled_phase2,session_H_clutter.csv,2026-08-31 01:17:52.553,1.0267833658109722,7.837626776329361,0.0474682339668922,0.1910703394998983,0.0283607454007324,0.043639258019084,0.0643607471106406,0.0723607474906202,0.1296392621038649,0
H_clutter,controlled_phase2,session_H_clutter.csv,2026-08-31 01:17:52.629,1.0264900651222717,8.005348591779573,0.0461780577539304,0.1877474633022267,0.0276735343583323,0.0433264690139867,0.0653264700589306,0.0753264705339051,0.1293264730987675,0
H_clutter,controlled_phase2,session_H_clutter.csv,2026-08-31 01:17:52.706,1.0272643789594864,7.90561485283852,0.0456882852486733,0.182562976953115,0.0269187118780953,0.0420812913992287,0.0649187136829985,0.0730812928716497,0.129081295531507,0
H_clutter,controlled_phase2,session_H_clutter.csv,2026-08-31 01:17:52.796,1.0271884688084592,8.163040460042858,0.0440752541228969,0.1815085096067974,0.0282450703625174,0.0422450710274817,0.0627549339597506,0.0732450724999027,0.1242450749222727,0
H_clutter,controlled_phase2,session_H_clutter.csv,2026-08-31 01:17:52.872,1.0265576780974437,7.980134786936368,0.044305485959004,0.1749617737003058,0.0274917061987522,0.0425082971260692,0.0625082980760183,0.0715082985034953,0.1264917109009999,0
H_clutter,controlled_phase2,session_H_clutter.csv,2026-08-31 01:17:52.954,1.026250375115032,7.754606947167029,0.0470307483899849,0.1843847897511652,0.0282225645679659,0.0437774388518505,0.064777439849297,0.0752225668003461,0.1302225694127059,0
H_clutter,controlled_phase2,session_H_clutter.csv,2026-08-31 01:17:53.030,1.0259578918676375,7.564626145321776,0.0456346801692701,0.176768957646462,0.0273516624708307,0.0436483409014882,0.0626483418039398,0.0736483423264118,0.1283516672680733,0
H_clutter,controlled_phase2,session_H_clutter.csv,2026-08-31 01:17:53.106,1.0267548091096657,7.015950575598279,0.0493989311920946,0.1861426173643253,0.0280897856788349,0.044910217788479,0.0639102186909306,0.0740897878637176,0.1320897906185698,0
H_clutter,controlled_phase2,session_H_clutter.csv,2026-08-31 01:17:53.186,1.028296877870573,7.622429019099033,0.0453830018771927,0.173416009594529,0.0268007999664805,0.0428008007264397,0.0618008016288913,0.0731992047832645,0.1261992073006295,0
H_clutter,controlled_phase2,session_H_clutter.csv,2026-08-31 01:17:53.263,1.0280624263613682,7.333312354022879,0.0452876022681735,0.170719280592034,0.0262602516644445,0.0422602524244037,0.0617397525153311,0.0712602538018298,0.1247397555076705,0
H_clutter,controlled_phase2,session_H_clutter.csv,2026-08-31 01:17:53.342,1.0296164604964706,6.763364023548534,0.0492681283616688,0.1800833375939465,0.0272859693925424,0.0427140339322791,0.0632859711024507,0.0718570193647608,0.1307140381120548,0
H_clutter,controlled_phase2,session_H_clutter.csv,2026-08-31 01:17:53.421,1.029750538786422,6.837621204026369,0.0486334729684185,0.1777809071473378,0.0268952427865512,0.0421047604907729,0.0621047614407219,0.0698952448289416,0.1278952475837937,0
H_clutter,controlled_phase2,session_H_clutter.csv,2026-08-31 01:17:53.497,1.0316254976129564,6.783716522581377,0.0481401049308645,0.1783176038211829,0.026541638581222,0.0415416392936838,0.0625416402911303,0.0714583660735281,0.126458368685888,0
H_clutter,controlled_phase2,session_H_clutter.csv,2026-08-31 01:17:53.578,1.0315912707470531,6.5715848804091,0.0497999933805626,0.1844701403269579,0.0267763270464351,0.0417763277588969,0.0637763288038408,0.0732236777033099,0.1292236803631672,0
H_clutter,controlled_phase2,session_H_clutter.csv,2026-08-31 01:17:53.670,1.0326995275382074,6.316333663617082,0.050133267714997,0.1785031499801121,0.0251228824948368,0.0408771206399949,0.0621228842522425,0.0701228846322221,0.1311228875295667,0
H_clutter,controlled_phase2,session_H_clutter.csv,2026-08-31 01:17:53.748,1.0307270237192774,6.201011838254845,0.0523614554286749,0.1860200746663911,0.0267370541435645,0.0422629491337596,0.0627370558534727,0.0737370563759447,0.2407370643080191,0
H_clutter,controlled_phase2,session_H_clutter.csv,2026-08-31 01:17:53.824,1.029065804086334,5.481198051461346,0.0576772982883306,0.195227987622433,0.0275986126706058,0.0444013907492106,0.0644013916991597,0.0744013921741342,0.3675986288197392,0
H_clutter,controlled_phase2,session_H_clutter.csv,2026-08-31 01:17:53.905,1.0278862568428424,5.068050205576441,0.062875858794395,0.2152345157802605,0.0293186571100099,0.047318657964964,0.067318658914913,0.0773186593898875,0.3746813620789604,0
H_clutter,controlled_phase2,session_H_clutter.csv,2026-08-31 01:17:53.994,1.0282029852154857,5.485674615603706,0.0585740786862465,0.1919297162408993,0.0291827468776035,0.0451827476375628,0.0658172576346542,0.0748172580621313,0.3701827630742345,0
H_clutter,controlled_phase2,session_H_clutter.csv,2026-08-31 01:17:54.072,1.0300703614257145,5.954808762833043,0.0543836885838694,0.183361476688279,0.0273488457027695,0.0433488464627287,0.0633488474126777,0.0713488477926573,0.3126511704463639,0
H_clutter,controlled_phase2,session_H_clutter.csv,2026-08-31 01:17:54.151,1.0294365723331111,5.548874608488976,0.0568774067004973,0.1879951210117481,0.0266908916831052,0.0446908925380593,0.0636908934405109,0.072690893867988,0.3624691268010064,0
H_clutter,controlled_phase2,session_H_clutter.csv,2026-08-31 01:17:54.228,1.028546837245917,5.33837319139271,0.0566732828258201,0.1906733493135759,0.0274624626890378,0.0444624634964945,0.0634624643989461,0.0724624648264231,0.3194175537868827,0
H_clutter,controlled_phase2,session_H_clutter.csv,2026-08-31 01:17:54.305,1.027245897049456,5.601841546047784,0.0537104870437017,0.1684396022793048,0.025832950817316,0.0441670525075055,0.0618329525272243,0.0698329529072039,0.3148329645440795,0
H_clutter,controlled_phase2,session_H_clutter.csv,2026-08-31 01:17:54.382,1.0255615721490583,5.450204084604498,0.0542720122448525,0.1731796241142035,0.0264809373777317,0.0445190659945873,0.060480938992645,0.0694809394201221,0.3195690790587642,0
H_clutter,controlled_phase2,session_H_clutter.csv,2026-08-31 01:17:54.459,1.0248350096145489,5.520490769056477,0.0549161013499416,0.175438596491228,0.0262863421006644,0.045286343003116,0.0607136620316137,0.0687136624115933,0.3622863580598081,0
H_clutter,controlled_phase2,session_H_clutter.csv,2026-08-31 01:17:54.538,1.0234766111125282,5.2492223410813335,0.0558724409392318,0.1818089327500254,0.0250959544934485,0.044904048831373,0.0599040495438347,0.0710959566783313,0.366785970722855,0
H_clutter,controlled_phase2,session_H_clutter.csv,2026-08-31 01:17:54.619,1.022602917824372,4.630817752213969,0.059707690271113,0.211424153707717,0.0265196139486119,0.046480389518702,0.0625196156585201,0.0735196161809921,0.37251963038273,0
H_clutter,controlled_phase2,session_H_clutter.csv,2026-08-31 01:17:54.695,1.0228068481884312,5.260175184219768,0.0585958876030706,0.2127442737394583,0.026626322954407,0.0463736805129069,0.064373681367861,0.0743736818428355,0.3736263394360226,0
H_clutter,controlled_phase2,session_H_clutter.csv,2026-08-31 01:17:54.774,1.021872118848819,5.263052507374633,0.057977217139125,0.2089951470532041,0.0265840107392931,0.0465840116892422,0.0625840124492014,0.0764159941529443,0.3733360082558858,0
H_clutter,controlled_phase2,session_H_clutter.csv,2026-08-31 01:17:54.853,1.0214502281961233,5.117363812284613,0.0623807041298605,0.2194621201494535,0.0278686938599395,0.0478686948098885,0.0651313105573234,0.0758686961398171,0.372131325139041,0
H_clutter,controlled_phase2,session_H_clutter.csv,2026-08-31 01:17:54.932,1.0219932126045703,5.549610895366244,0.0595990595861539,0.2049127261186925,0.0273588841937963,0.0456411192735175,0.0636411201284716,0.075358886473674,0.3733589006279145,0
H_clutter,controlled_phase2,session_H_clutter.csv,2026-08-31 01:17:55.008,1.024508854923788,6.601188556636699,0.0507198457082539,0.1627304915036992,0.025852854690552,0.043147148586772,0.0611471494417261,0.078852857207917,0.1268528594877946,0
H_clutter,controlled_phase2,session_H_clutter.csv,2026-08-31 01:17:55.086,1.0251958711484968,6.451994883107743,0.0506600166731831,0.1608088039297818,0.0264899292883629,0.0425100739889612,0.0624899309982711,0.0734899315207431,0.1294899341806004,0
H_clutter,controlled_phase2,session_H_clutter.csv,2026-08-31 01:17:55.176,1.0267244373986488,7.028443065888015,0.0454383056235289,0.1569176704270544,0.0252315578971027,0.040768445237729,0.060768446187678,0.0762315603194727,0.1252315626468478,0
H_clutter,controlled_phase2,session_H_clutter.csv,2026-08-31 01:17:55.254,1.0272152012991211,7.214900873801142,0.04406320252087,0.1428297496995883,0.0242543794917036,0.0397456235481332,0.0582543811066169,0.0727456251155491,0.1224956274785473,0
H_clutter,controlled_phase2,session_H_clutter.csv,2026-08-31 01:17:55.349,1.0264650814342116,7.173997079514639,0.0460202781646713,0.1526509853782581,0.0257183356144352,0.040718336326897,0.061281668517843,0.0732816690878124,0.1252816715576798,0
H_clutter,controlled_phase2,session_H_clutter.csv,2026-08-31 01:17:55.425,1.0261224377721407,7.123920306419381,0.0457793599659385,0.155155765614677,0.0250806156141956,0.0410806163741548,0.0610806173241038,0.0779193892780418,0.1229193914154271,0
H_clutter,controlled_phase2,session_H_clutter.csv,2026-08-31 01:17:55.507,1.025278951376123,7.172570770389889,0.0457576574813354,0.1530368063205074,0.0255958913665352,0.0404041117682965,0.0614041127657429,0.0774041135257022,0.1235958960212855,0
H_clutter,controlled_phase2,session_H_clutter.csv,2026-08-31 01:17:55.596,1.0249141851483248,7.185701684735512,0.0464017358292562,0.1547001189903541,0.026269754912396,0.0417302483174306,0.0617302492673796,0.0742697571922736,0.1252697596146437,0
H_clutter,controlled_phase2,session_H_clutter.csv,2026-08-31 01:17:55.674,1.0239846941773338,7.491024543350102,0.0480649254163937,0.162562951123289,0.0251827592481521,0.041817243934177,0.0628172449316235,0.0851827620979992,0.1271827640928922,0
H_clutter,controlled_phase2,session_H_clutter.csv,2026-08-31 01:17:55.754,1.0238008337113431,7.388336551439877,0.0472094091252393,0.1624198169417611,0.0252385854131647,0.0412385861731239,0.0617614187191135,0.0822385881205194,0.1262385902104073,0
H_clutter,controlled_phase2,session_H_clutter.csv,2026-08-31 01:17:55.831,1.023567739918361,7.302993548009715,0.0494201737608267,0.1688613967844357,0.0247306755323533,0.0422693276499759,0.0647306774322513,0.0847306783822003,0.1297306805195857,0
H_clutter,controlled_phase2,session_H_clutter.csv,2026-08-31 01:17:55.911,1.0236094948729115,7.163297495327297,0.0494562850214496,0.167270516101244,0.025338456700231,0.0423384575076877,0.0643384585526316,0.0826615484294936,0.1316615507568688,0
H_clutter,controlled_phase2,session_H_clutter.csv,2026-08-31 01:17:55.990,1.0243315349634348,7.59470136840843,0.0459772947161086,0.1573569222556907,0.0259386776596211,0.0410613255227081,0.0629386794170268,0.0839386804144732,0.1229386822668738,0
H_clutter,controlled_phase2,session_H_clutter.csv,2026-08-31 01:17:56.077,1.0243903323207466,7.3754879975088175,0.0477991538854772,0.1643019260273625,0.0255137775695046,0.0414862256128245,0.0634862266577684,0.079513780134367,0.130513782556737,0
H_clutter,controlled_phase2,session_H_clutter.csv,2026-08-31 01:17:56.157,1.0244613610980868,7.4891219970353875,0.046821748505834,0.1616957466546364,0.0257096884788996,0.0417096892388588,0.062290315700876,0.079709691043762,0.1212903185032256,0
H_clutter,controlled_phase2,session_H_clutter.csv,2026-08-31 01:17:56.235,1.0250582376382888,7.758807490501111,0.0448643232555744,0.1516913856156034,0.0252928699538863,0.0412928707138455,0.0607071341308944,0.0817071351283409,0.1247071371707313,0
